Lugar de condena;Sexo;Nacionalidad;Periodo;Total
Total Nacional;Total;Total;2021;13.595
Total Nacional;Total;Total;2020;11.238
Total Nacional;Total;Total;2019;14.112
Total Nacional;Total;Total;2018;13.664
Total Nacional;Total;Total;2017;13.643
Total Nacional;Total;Total;2016;12.928
Total Nacional;Total;Total;2015;13.981
Total Nacional;Total;Total;2014;15.048
Total Nacional;Total;Total;2013;14.744
Total Nacional;Total;Española;2021;10.791
Total Nacional;Total;Española;2020;8.911
Total Nacional;Total;Española;2019;11.250
Total Nacional;Total;Española;2018;11.162
Total Nacional;Total;Española;2017;10.993
Total Nacional;Total;Española;2016;10.340
Total Nacional;Total;Española;2015;11.128
Total Nacional;Total;Española;2014;11.764
Total Nacional;Total;Española;2013;11.212
Total Nacional;Total;Extranjera;2021;2.804
Total Nacional;Total;Extranjera;2020;2.327
Total Nacional;Total;Extranjera;2019;2.862
Total Nacional;Total;Extranjera;2018;2.502
Total Nacional;Total;Extranjera;2017;2.650
Total Nacional;Total;Extranjera;2016;2.588
Total Nacional;Total;Extranjera;2015;2.853
Total Nacional;Total;Extranjera;2014;3.284
Total Nacional;Total;Extranjera;2013;3.532
Total Nacional;Hombres;Total;2021;11.016
Total Nacional;Hombres;Total;2020;9.082
Total Nacional;Hombres;Total;2019;11.160
Total Nacional;Hombres;Total;2018;10.753
Total Nacional;Hombres;Total;2017;10.819
Total Nacional;Hombres;Total;2016;10.346
Total Nacional;Hombres;Total;2015;11.141
Total Nacional;Hombres;Total;2014;12.147
Total Nacional;Hombres;Total;2013;11.988
Total Nacional;Hombres;Española;2021;8.479
Total Nacional;Hombres;Española;2020;6.997
Total Nacional;Hombres;Española;2019;8.599
Total Nacional;Hombres;Española;2018;8.567
Total Nacional;Hombres;Española;2017;8.508
Total Nacional;Hombres;Española;2016;8.100
Total Nacional;Hombres;Española;2015;8.658
Total Nacional;Hombres;Española;2014;9.315
Total Nacional;Hombres;Española;2013;8.902
Total Nacional;Hombres;Extranjera;2021;2.537
Total Nacional;Hombres;Extranjera;2020;2.085
Total Nacional;Hombres;Extranjera;2019;2.561
Total Nacional;Hombres;Extranjera;2018;2.186
Total Nacional;Hombres;Extranjera;2017;2.311
Total Nacional;Hombres;Extranjera;2016;2.246
Total Nacional;Hombres;Extranjera;2015;2.483
Total Nacional;Hombres;Extranjera;2014;2.832
Total Nacional;Hombres;Extranjera;2013;3.086
Total Nacional;Mujeres;Total;2021;2.579
Total Nacional;Mujeres;Total;2020;2.156
Total Nacional;Mujeres;Total;2019;2.952
Total Nacional;Mujeres;Total;2018;2.911
Total Nacional;Mujeres;Total;2017;2.824
Total Nacional;Mujeres;Total;2016;2.582
Total Nacional;Mujeres;Total;2015;2.840
Total Nacional;Mujeres;Total;2014;2.901
Total Nacional;Mujeres;Total;2013;2.756
Total Nacional;Mujeres;Española;2021;2.312
Total Nacional;Mujeres;Española;2020;1.914
Total Nacional;Mujeres;Española;2019;2.651
Total Nacional;Mujeres;Española;2018;2.595
Total Nacional;Mujeres;Española;2017;2.485
Total Nacional;Mujeres;Española;2016;2.240
Total Nacional;Mujeres;Española;2015;2.470
Total Nacional;Mujeres;Española;2014;2.449
Total Nacional;Mujeres;Española;2013;2.310
Total Nacional;Mujeres;Extranjera;2021;267
Total Nacional;Mujeres;Extranjera;2020;242
Total Nacional;Mujeres;Extranjera;2019;301
Total Nacional;Mujeres;Extranjera;2018;316
Total Nacional;Mujeres;Extranjera;2017;339
Total Nacional;Mujeres;Extranjera;2016;342
Total Nacional;Mujeres;Extranjera;2015;370
Total Nacional;Mujeres;Extranjera;2014;452
Total Nacional;Mujeres;Extranjera;2013;446
01 Andalucía;Total;Total;2021;2.603
01 Andalucía;Total;Total;2020;2.382
01 Andalucía;Total;Total;2019;2.975
01 Andalucía;Total;Total;2018;2.775
01 Andalucía;Total;Total;2017;2.821
01 Andalucía;Total;Total;2016;2.975
01 Andalucía;Total;Total;2015;3.128
01 Andalucía;Total;Total;2014;3.398
01 Andalucía;Total;Total;2013;3.423
01 Andalucía;Total;Española;2021;2.300
01 Andalucía;Total;Española;2020;2.080
01 Andalucía;Total;Española;2019;2.566
01 Andalucía;Total;Española;2018;2.435
01 Andalucía;Total;Española;2017;2.487
01 Andalucía;Total;Española;2016;2.575
01 Andalucía;Total;Española;2015;2.710
01 Andalucía;Total;Española;2014;2.969
01 Andalucía;Total;Española;2013;2.945
01 Andalucía;Total;Extranjera;2021;303
01 Andalucía;Total;Extranjera;2020;302
01 Andalucía;Total;Extranjera;2019;409
01 Andalucía;Total;Extranjera;2018;340
01 Andalucía;Total;Extranjera;2017;334
01 Andalucía;Total;Extranjera;2016;400
01 Andalucía;Total;Extranjera;2015;418
01 Andalucía;Total;Extranjera;2014;429
01 Andalucía;Total;Extranjera;2013;478
01 Andalucía;Hombres;Total;2021;2.109
01 Andalucía;Hombres;Total;2020;1.927
01 Andalucía;Hombres;Total;2019;2.343
01 Andalucía;Hombres;Total;2018;2.212
01 Andalucía;Hombres;Total;2017;2.257
01 Andalucía;Hombres;Total;2016;2.403
01 Andalucía;Hombres;Total;2015;2.498
01 Andalucía;Hombres;Total;2014;2.782
01 Andalucía;Hombres;Total;2013;2.800
01 Andalucía;Hombres;Española;2021;1.843
01 Andalucía;Hombres;Española;2020;1.660
01 Andalucía;Hombres;Española;2019;1.981
01 Andalucía;Hombres;Española;2018;1.917
01 Andalucía;Hombres;Española;2017;1.963
01 Andalucía;Hombres;Española;2016;2.057
01 Andalucía;Hombres;Española;2015;2.138
01 Andalucía;Hombres;Española;2014;2.410
01 Andalucía;Hombres;Española;2013;2.380
01 Andalucía;Hombres;Extranjera;2021;266
01 Andalucía;Hombres;Extranjera;2020;267
01 Andalucía;Hombres;Extranjera;2019;362
01 Andalucía;Hombres;Extranjera;2018;295
01 Andalucía;Hombres;Extranjera;2017;294
01 Andalucía;Hombres;Extranjera;2016;346
01 Andalucía;Hombres;Extranjera;2015;360
01 Andalucía;Hombres;Extranjera;2014;372
01 Andalucía;Hombres;Extranjera;2013;420
01 Andalucía;Mujeres;Total;2021;494
01 Andalucía;Mujeres;Total;2020;455
01 Andalucía;Mujeres;Total;2019;632
01 Andalucía;Mujeres;Total;2018;563
01 Andalucía;Mujeres;Total;2017;564
01 Andalucía;Mujeres;Total;2016;572
01 Andalucía;Mujeres;Total;2015;630
01 Andalucía;Mujeres;Total;2014;616
01 Andalucía;Mujeres;Total;2013;623
01 Andalucía;Mujeres;Española;2021;457
01 Andalucía;Mujeres;Española;2020;420
01 Andalucía;Mujeres;Española;2019;585
01 Andalucía;Mujeres;Española;2018;518
01 Andalucía;Mujeres;Española;2017;524
01 Andalucía;Mujeres;Española;2016;518
01 Andalucía;Mujeres;Española;2015;572
01 Andalucía;Mujeres;Española;2014;559
01 Andalucía;Mujeres;Española;2013;565
01 Andalucía;Mujeres;Extranjera;2021;37
01 Andalucía;Mujeres;Extranjera;2020;35
01 Andalucía;Mujeres;Extranjera;2019;47
01 Andalucía;Mujeres;Extranjera;2018;45
01 Andalucía;Mujeres;Extranjera;2017;40
01 Andalucía;Mujeres;Extranjera;2016;54
01 Andalucía;Mujeres;Extranjera;2015;58
01 Andalucía;Mujeres;Extranjera;2014;57
01 Andalucía;Mujeres;Extranjera;2013;58
02 Aragón;Total;Total;2021;380
02 Aragón;Total;Total;2020;274
02 Aragón;Total;Total;2019;328
02 Aragón;Total;Total;2018;316
02 Aragón;Total;Total;2017;313
02 Aragón;Total;Total;2016;250
02 Aragón;Total;Total;2015;231
02 Aragón;Total;Total;2014;274
02 Aragón;Total;Total;2013;303
02 Aragón;Total;Española;2021;252
02 Aragón;Total;Española;2020;173
02 Aragón;Total;Española;2019;233
02 Aragón;Total;Española;2018;218
02 Aragón;Total;Española;2017;223
02 Aragón;Total;Española;2016;187
02 Aragón;Total;Española;2015;163
02 Aragón;Total;Española;2014;182
02 Aragón;Total;Española;2013;192
02 Aragón;Total;Extranjera;2021;128
02 Aragón;Total;Extranjera;2020;101
02 Aragón;Total;Extranjera;2019;95
02 Aragón;Total;Extranjera;2018;98
02 Aragón;Total;Extranjera;2017;90
02 Aragón;Total;Extranjera;2016;63
02 Aragón;Total;Extranjera;2015;68
02 Aragón;Total;Extranjera;2014;92
02 Aragón;Total;Extranjera;2013;111
02 Aragón;Hombres;Total;2021;306
02 Aragón;Hombres;Total;2020;239
02 Aragón;Hombres;Total;2019;267
02 Aragón;Hombres;Total;2018;251
02 Aragón;Hombres;Total;2017;261
02 Aragón;Hombres;Total;2016;211
02 Aragón;Hombres;Total;2015;189
02 Aragón;Hombres;Total;2014;216
02 Aragón;Hombres;Total;2013;248
02 Aragón;Hombres;Española;2021;190
02 Aragón;Hombres;Española;2020;143
02 Aragón;Hombres;Española;2019;186
02 Aragón;Hombres;Española;2018;168
02 Aragón;Hombres;Española;2017;180
02 Aragón;Hombres;Española;2016;154
02 Aragón;Hombres;Española;2015;124
02 Aragón;Hombres;Española;2014;141
02 Aragón;Hombres;Española;2013;152
02 Aragón;Hombres;Extranjera;2021;116
02 Aragón;Hombres;Extranjera;2020;96
02 Aragón;Hombres;Extranjera;2019;81
02 Aragón;Hombres;Extranjera;2018;83
02 Aragón;Hombres;Extranjera;2017;81
02 Aragón;Hombres;Extranjera;2016;57
02 Aragón;Hombres;Extranjera;2015;65
02 Aragón;Hombres;Extranjera;2014;75
02 Aragón;Hombres;Extranjera;2013;96
02 Aragón;Mujeres;Total;2021;74
02 Aragón;Mujeres;Total;2020;35
02 Aragón;Mujeres;Total;2019;61
02 Aragón;Mujeres;Total;2018;65
02 Aragón;Mujeres;Total;2017;52
02 Aragón;Mujeres;Total;2016;39
02 Aragón;Mujeres;Total;2015;42
02 Aragón;Mujeres;Total;2014;58
02 Aragón;Mujeres;Total;2013;55
02 Aragón;Mujeres;Española;2021;62
02 Aragón;Mujeres;Española;2020;30
02 Aragón;Mujeres;Española;2019;47
02 Aragón;Mujeres;Española;2018;50
02 Aragón;Mujeres;Española;2017;43
02 Aragón;Mujeres;Española;2016;33
02 Aragón;Mujeres;Española;2015;39
02 Aragón;Mujeres;Española;2014;41
02 Aragón;Mujeres;Española;2013;40
02 Aragón;Mujeres;Extranjera;2021;12
02 Aragón;Mujeres;Extranjera;2020;5
02 Aragón;Mujeres;Extranjera;2019;14
02 Aragón;Mujeres;Extranjera;2018;15
02 Aragón;Mujeres;Extranjera;2017;9
02 Aragón;Mujeres;Extranjera;2016;6
02 Aragón;Mujeres;Extranjera;2015;3
02 Aragón;Mujeres;Extranjera;2014;17
02 Aragón;Mujeres;Extranjera;2013;15
03 Asturias, Principado de;Total;Total;2021;263
03 Asturias, Principado de;Total;Total;2020;186
03 Asturias, Principado de;Total;Total;2019;312
03 Asturias, Principado de;Total;Total;2018;307
03 Asturias, Principado de;Total;Total;2017;272
03 Asturias, Principado de;Total;Total;2016;275
03 Asturias, Principado de;Total;Total;2015;283
03 Asturias, Principado de;Total;Total;2014;280
03 Asturias, Principado de;Total;Total;2013;270
03 Asturias, Principado de;Total;Española;2021;238
03 Asturias, Principado de;Total;Española;2020;159
03 Asturias, Principado de;Total;Española;2019;269
03 Asturias, Principado de;Total;Española;2018;265
03 Asturias, Principado de;Total;Española;2017;232
03 Asturias, Principado de;Total;Española;2016;221
03 Asturias, Principado de;Total;Española;2015;243
03 Asturias, Principado de;Total;Española;2014;222
03 Asturias, Principado de;Total;Española;2013;192
03 Asturias, Principado de;Total;Extranjera;2021;25
03 Asturias, Principado de;Total;Extranjera;2020;27
03 Asturias, Principado de;Total;Extranjera;2019;43
03 Asturias, Principado de;Total;Extranjera;2018;42
03 Asturias, Principado de;Total;Extranjera;2017;40
03 Asturias, Principado de;Total;Extranjera;2016;54
03 Asturias, Principado de;Total;Extranjera;2015;40
03 Asturias, Principado de;Total;Extranjera;2014;58
03 Asturias, Principado de;Total;Extranjera;2013;78
03 Asturias, Principado de;Hombres;Total;2021;205
03 Asturias, Principado de;Hombres;Total;2020;144
03 Asturias, Principado de;Hombres;Total;2019;232
03 Asturias, Principado de;Hombres;Total;2018;237
03 Asturias, Principado de;Hombres;Total;2017;211
03 Asturias, Principado de;Hombres;Total;2016;223
03 Asturias, Principado de;Hombres;Total;2015;231
03 Asturias, Principado de;Hombres;Total;2014;210
03 Asturias, Principado de;Hombres;Total;2013;222
03 Asturias, Principado de;Hombres;Española;2021;182
03 Asturias, Principado de;Hombres;Española;2020;121
03 Asturias, Principado de;Hombres;Española;2019;196
03 Asturias, Principado de;Hombres;Española;2018;202
03 Asturias, Principado de;Hombres;Española;2017;176
03 Asturias, Principado de;Hombres;Española;2016;179
03 Asturias, Principado de;Hombres;Española;2015;198
03 Asturias, Principado de;Hombres;Española;2014;160
03 Asturias, Principado de;Hombres;Española;2013;148
03 Asturias, Principado de;Hombres;Extranjera;2021;23
03 Asturias, Principado de;Hombres;Extranjera;2020;23
03 Asturias, Principado de;Hombres;Extranjera;2019;36
03 Asturias, Principado de;Hombres;Extranjera;2018;35
03 Asturias, Principado de;Hombres;Extranjera;2017;35
03 Asturias, Principado de;Hombres;Extranjera;2016;44
03 Asturias, Principado de;Hombres;Extranjera;2015;33
03 Asturias, Principado de;Hombres;Extranjera;2014;50
03 Asturias, Principado de;Hombres;Extranjera;2013;74
03 Asturias, Principado de;Mujeres;Total;2021;58
03 Asturias, Principado de;Mujeres;Total;2020;42
03 Asturias, Principado de;Mujeres;Total;2019;80
03 Asturias, Principado de;Mujeres;Total;2018;70
03 Asturias, Principado de;Mujeres;Total;2017;61
03 Asturias, Principado de;Mujeres;Total;2016;52
03 Asturias, Principado de;Mujeres;Total;2015;52
03 Asturias, Principado de;Mujeres;Total;2014;70
03 Asturias, Principado de;Mujeres;Total;2013;48
03 Asturias, Principado de;Mujeres;Española;2021;56
03 Asturias, Principado de;Mujeres;Española;2020;38
03 Asturias, Principado de;Mujeres;Española;2019;73
03 Asturias, Principado de;Mujeres;Española;2018;63
03 Asturias, Principado de;Mujeres;Española;2017;56
03 Asturias, Principado de;Mujeres;Española;2016;42
03 Asturias, Principado de;Mujeres;Española;2015;45
03 Asturias, Principado de;Mujeres;Española;2014;62
03 Asturias, Principado de;Mujeres;Española;2013;44
03 Asturias, Principado de;Mujeres;Extranjera;2021;2
03 Asturias, Principado de;Mujeres;Extranjera;2020;4
03 Asturias, Principado de;Mujeres;Extranjera;2019;7
03 Asturias, Principado de;Mujeres;Extranjera;2018;7
03 Asturias, Principado de;Mujeres;Extranjera;2017;5
03 Asturias, Principado de;Mujeres;Extranjera;2016;10
03 Asturias, Principado de;Mujeres;Extranjera;2015;7
03 Asturias, Principado de;Mujeres;Extranjera;2014;8
03 Asturias, Principado de;Mujeres;Extranjera;2013;4
04 Balears, Illes;Total;Total;2021;504
04 Balears, Illes;Total;Total;2020;485
04 Balears, Illes;Total;Total;2019;547
04 Balears, Illes;Total;Total;2018;616
04 Balears, Illes;Total;Total;2017;498
04 Balears, Illes;Total;Total;2016;502
04 Balears, Illes;Total;Total;2015;551
04 Balears, Illes;Total;Total;2014;550
04 Balears, Illes;Total;Total;2013;553
04 Balears, Illes;Total;Española;2021;409
04 Balears, Illes;Total;Española;2020;391
04 Balears, Illes;Total;Española;2019;436
04 Balears, Illes;Total;Española;2018;502
04 Balears, Illes;Total;Española;2017;405
04 Balears, Illes;Total;Española;2016;414
04 Balears, Illes;Total;Española;2015;429
04 Balears, Illes;Total;Española;2014;412
04 Balears, Illes;Total;Española;2013;386
04 Balears, Illes;Total;Extranjera;2021;95
04 Balears, Illes;Total;Extranjera;2020;94
04 Balears, Illes;Total;Extranjera;2019;111
04 Balears, Illes;Total;Extranjera;2018;114
04 Balears, Illes;Total;Extranjera;2017;93
04 Balears, Illes;Total;Extranjera;2016;88
04 Balears, Illes;Total;Extranjera;2015;122
04 Balears, Illes;Total;Extranjera;2014;138
04 Balears, Illes;Total;Extranjera;2013;167
04 Balears, Illes;Hombres;Total;2021;419
04 Balears, Illes;Hombres;Total;2020;365
04 Balears, Illes;Hombres;Total;2019;434
04 Balears, Illes;Hombres;Total;2018;447
04 Balears, Illes;Hombres;Total;2017;370
04 Balears, Illes;Hombres;Total;2016;375
04 Balears, Illes;Hombres;Total;2015;427
04 Balears, Illes;Hombres;Total;2014;447
04 Balears, Illes;Hombres;Total;2013;447
04 Balears, Illes;Hombres;Española;2021;336
04 Balears, Illes;Hombres;Española;2020;292
04 Balears, Illes;Hombres;Española;2019;334
04 Balears, Illes;Hombres;Española;2018;350
04 Balears, Illes;Hombres;Española;2017;295
04 Balears, Illes;Hombres;Española;2016;306
04 Balears, Illes;Hombres;Española;2015;325
04 Balears, Illes;Hombres;Española;2014;335
04 Balears, Illes;Hombres;Española;2013;307
04 Balears, Illes;Hombres;Extranjera;2021;83
04 Balears, Illes;Hombres;Extranjera;2020;73
04 Balears, Illes;Hombres;Extranjera;2019;100
04 Balears, Illes;Hombres;Extranjera;2018;97
04 Balears, Illes;Hombres;Extranjera;2017;75
04 Balears, Illes;Hombres;Extranjera;2016;69
04 Balears, Illes;Hombres;Extranjera;2015;102
04 Balears, Illes;Hombres;Extranjera;2014;112
04 Balears, Illes;Hombres;Extranjera;2013;140
04 Balears, Illes;Mujeres;Total;2021;85
04 Balears, Illes;Mujeres;Total;2020;120
04 Balears, Illes;Mujeres;Total;2019;113
04 Balears, Illes;Mujeres;Total;2018;169
04 Balears, Illes;Mujeres;Total;2017;128
04 Balears, Illes;Mujeres;Total;2016;127
04 Balears, Illes;Mujeres;Total;2015;124
04 Balears, Illes;Mujeres;Total;2014;103
04 Balears, Illes;Mujeres;Total;2013;106
04 Balears, Illes;Mujeres;Española;2021;73
04 Balears, Illes;Mujeres;Española;2020;99
04 Balears, Illes;Mujeres;Española;2019;102
04 Balears, Illes;Mujeres;Española;2018;152
04 Balears, Illes;Mujeres;Española;2017;110
04 Balears, Illes;Mujeres;Española;2016;108
04 Balears, Illes;Mujeres;Española;2015;104
04 Balears, Illes;Mujeres;Española;2014;77
04 Balears, Illes;Mujeres;Española;2013;79
04 Balears, Illes;Mujeres;Extranjera;2021;12
04 Balears, Illes;Mujeres;Extranjera;2020;21
04 Balears, Illes;Mujeres;Extranjera;2019;11
04 Balears, Illes;Mujeres;Extranjera;2018;17
04 Balears, Illes;Mujeres;Extranjera;2017;18
04 Balears, Illes;Mujeres;Extranjera;2016;19
04 Balears, Illes;Mujeres;Extranjera;2015;20
04 Balears, Illes;Mujeres;Extranjera;2014;26
04 Balears, Illes;Mujeres;Extranjera;2013;27
05 Canarias;Total;Total;2021;877
05 Canarias;Total;Total;2020;750
05 Canarias;Total;Total;2019;1.051
05 Canarias;Total;Total;2018;846
05 Canarias;Total;Total;2017;766
05 Canarias;Total;Total;2016;968
05 Canarias;Total;Total;2015;1.019
05 Canarias;Total;Total;2014;728
05 Canarias;Total;Total;2013;579
05 Canarias;Total;Española;2021;694
05 Canarias;Total;Española;2020;630
05 Canarias;Total;Española;2019;884
05 Canarias;Total;Española;2018;766
05 Canarias;Total;Española;2017;682
05 Canarias;Total;Española;2016;869
05 Canarias;Total;Española;2015;899
05 Canarias;Total;Española;2014;647
05 Canarias;Total;Española;2013;481
05 Canarias;Total;Extranjera;2021;183
05 Canarias;Total;Extranjera;2020;120
05 Canarias;Total;Extranjera;2019;167
05 Canarias;Total;Extranjera;2018;80
05 Canarias;Total;Extranjera;2017;84
05 Canarias;Total;Extranjera;2016;99
05 Canarias;Total;Extranjera;2015;120
05 Canarias;Total;Extranjera;2014;81
05 Canarias;Total;Extranjera;2013;98
05 Canarias;Hombres;Total;2021;690
05 Canarias;Hombres;Total;2020;600
05 Canarias;Hombres;Total;2019;804
05 Canarias;Hombres;Total;2018;629
05 Canarias;Hombres;Total;2017;572
05 Canarias;Hombres;Total;2016;757
05 Canarias;Hombres;Total;2015;796
05 Canarias;Hombres;Total;2014;595
05 Canarias;Hombres;Total;2013;448
05 Canarias;Hombres;Española;2021;515
05 Canarias;Hombres;Española;2020;494
05 Canarias;Hombres;Española;2019;659
05 Canarias;Hombres;Española;2018;563
05 Canarias;Hombres;Española;2017;501
05 Canarias;Hombres;Española;2016;673
05 Canarias;Hombres;Española;2015;691
05 Canarias;Hombres;Española;2014;522
05 Canarias;Hombres;Española;2013;367
05 Canarias;Hombres;Extranjera;2021;175
05 Canarias;Hombres;Extranjera;2020;106
05 Canarias;Hombres;Extranjera;2019;145
05 Canarias;Hombres;Extranjera;2018;66
05 Canarias;Hombres;Extranjera;2017;71
05 Canarias;Hombres;Extranjera;2016;84
05 Canarias;Hombres;Extranjera;2015;105
05 Canarias;Hombres;Extranjera;2014;73
05 Canarias;Hombres;Extranjera;2013;81
05 Canarias;Mujeres;Total;2021;187
05 Canarias;Mujeres;Total;2020;150
05 Canarias;Mujeres;Total;2019;247
05 Canarias;Mujeres;Total;2018;217
05 Canarias;Mujeres;Total;2017;194
05 Canarias;Mujeres;Total;2016;211
05 Canarias;Mujeres;Total;2015;223
05 Canarias;Mujeres;Total;2014;133
05 Canarias;Mujeres;Total;2013;131
05 Canarias;Mujeres;Española;2021;179
05 Canarias;Mujeres;Española;2020;136
05 Canarias;Mujeres;Española;2019;225
05 Canarias;Mujeres;Española;2018;203
05 Canarias;Mujeres;Española;2017;181
05 Canarias;Mujeres;Española;2016;196
05 Canarias;Mujeres;Española;2015;208
05 Canarias;Mujeres;Española;2014;125
05 Canarias;Mujeres;Española;2013;114
05 Canarias;Mujeres;Extranjera;2021;8
05 Canarias;Mujeres;Extranjera;2020;14
05 Canarias;Mujeres;Extranjera;2019;22
05 Canarias;Mujeres;Extranjera;2018;14
05 Canarias;Mujeres;Extranjera;2017;13
05 Canarias;Mujeres;Extranjera;2016;15
05 Canarias;Mujeres;Extranjera;2015;15
05 Canarias;Mujeres;Extranjera;2014;8
05 Canarias;Mujeres;Extranjera;2013;17
06 Cantabria;Total;Total;2021;180
06 Cantabria;Total;Total;2020;147
06 Cantabria;Total;Total;2019;280
06 Cantabria;Total;Total;2018;198
06 Cantabria;Total;Total;2017;180
06 Cantabria;Total;Total;2016;155
06 Cantabria;Total;Total;2015;200
06 Cantabria;Total;Total;2014;218
06 Cantabria;Total;Total;2013;233
06 Cantabria;Total;Española;2021;161
06 Cantabria;Total;Española;2020;131
06 Cantabria;Total;Española;2019;242
06 Cantabria;Total;Española;2018;179
06 Cantabria;Total;Española;2017;159
06 Cantabria;Total;Española;2016;142
06 Cantabria;Total;Española;2015;176
06 Cantabria;Total;Española;2014;168
06 Cantabria;Total;Española;2013;185
06 Cantabria;Total;Extranjera;2021;19
06 Cantabria;Total;Extranjera;2020;16
06 Cantabria;Total;Extranjera;2019;38
06 Cantabria;Total;Extranjera;2018;19
06 Cantabria;Total;Extranjera;2017;21
06 Cantabria;Total;Extranjera;2016;13
06 Cantabria;Total;Extranjera;2015;24
06 Cantabria;Total;Extranjera;2014;50
06 Cantabria;Total;Extranjera;2013;48
06 Cantabria;Hombres;Total;2021;138
06 Cantabria;Hombres;Total;2020;118
06 Cantabria;Hombres;Total;2019;223
06 Cantabria;Hombres;Total;2018;146
06 Cantabria;Hombres;Total;2017;151
06 Cantabria;Hombres;Total;2016;135
06 Cantabria;Hombres;Total;2015;170
06 Cantabria;Hombres;Total;2014;178
06 Cantabria;Hombres;Total;2013;181
06 Cantabria;Hombres;Española;2021;121
06 Cantabria;Hombres;Española;2020;104
06 Cantabria;Hombres;Española;2019;187
06 Cantabria;Hombres;Española;2018;128
06 Cantabria;Hombres;Española;2017;132
06 Cantabria;Hombres;Española;2016;122
06 Cantabria;Hombres;Española;2015;146
06 Cantabria;Hombres;Española;2014;131
06 Cantabria;Hombres;Española;2013;141
06 Cantabria;Hombres;Extranjera;2021;17
06 Cantabria;Hombres;Extranjera;2020;14
06 Cantabria;Hombres;Extranjera;2019;36
06 Cantabria;Hombres;Extranjera;2018;18
06 Cantabria;Hombres;Extranjera;2017;19
06 Cantabria;Hombres;Extranjera;2016;13
06 Cantabria;Hombres;Extranjera;2015;24
06 Cantabria;Hombres;Extranjera;2014;47
06 Cantabria;Hombres;Extranjera;2013;40
06 Cantabria;Mujeres;Total;2021;42
06 Cantabria;Mujeres;Total;2020;29
06 Cantabria;Mujeres;Total;2019;57
06 Cantabria;Mujeres;Total;2018;52
06 Cantabria;Mujeres;Total;2017;29
06 Cantabria;Mujeres;Total;2016;20
06 Cantabria;Mujeres;Total;2015;30
06 Cantabria;Mujeres;Total;2014;40
06 Cantabria;Mujeres;Total;2013;52
06 Cantabria;Mujeres;Española;2021;40
06 Cantabria;Mujeres;Española;2020;27
06 Cantabria;Mujeres;Española;2019;55
06 Cantabria;Mujeres;Española;2018;51
06 Cantabria;Mujeres;Española;2017;27
06 Cantabria;Mujeres;Española;2016;20
06 Cantabria;Mujeres;Española;2015;30
06 Cantabria;Mujeres;Española;2014;37
06 Cantabria;Mujeres;Española;2013;44
06 Cantabria;Mujeres;Extranjera;2021;2
06 Cantabria;Mujeres;Extranjera;2020;2
06 Cantabria;Mujeres;Extranjera;2019;2
06 Cantabria;Mujeres;Extranjera;2018;1
06 Cantabria;Mujeres;Extranjera;2017;2
06 Cantabria;Mujeres;Extranjera;2016;0
06 Cantabria;Mujeres;Extranjera;2015;0
06 Cantabria;Mujeres;Extranjera;2014;3
06 Cantabria;Mujeres;Extranjera;2013;8
07 Castilla y León;Total;Total;2021;753
07 Castilla y León;Total;Total;2020;640
07 Castilla y León;Total;Total;2019;707
07 Castilla y León;Total;Total;2018;758
07 Castilla y León;Total;Total;2017;769
07 Castilla y León;Total;Total;2016;738
07 Castilla y León;Total;Total;2015;879
07 Castilla y León;Total;Total;2014;886
07 Castilla y León;Total;Total;2013;816
07 Castilla y León;Total;Española;2021;652
07 Castilla y León;Total;Española;2020;545
07 Castilla y León;Total;Española;2019;601
07 Castilla y León;Total;Española;2018;651
07 Castilla y León;Total;Española;2017;643
07 Castilla y León;Total;Española;2016;620
07 Castilla y León;Total;Española;2015;734
07 Castilla y León;Total;Española;2014;729
07 Castilla y León;Total;Española;2013;641
07 Castilla y León;Total;Extranjera;2021;101
07 Castilla y León;Total;Extranjera;2020;95
07 Castilla y León;Total;Extranjera;2019;106
07 Castilla y León;Total;Extranjera;2018;107
07 Castilla y León;Total;Extranjera;2017;126
07 Castilla y León;Total;Extranjera;2016;118
07 Castilla y León;Total;Extranjera;2015;145
07 Castilla y León;Total;Extranjera;2014;157
07 Castilla y León;Total;Extranjera;2013;175
07 Castilla y León;Hombres;Total;2021;556
07 Castilla y León;Hombres;Total;2020;484
07 Castilla y León;Hombres;Total;2019;529
07 Castilla y León;Hombres;Total;2018;562
07 Castilla y León;Hombres;Total;2017;587
07 Castilla y León;Hombres;Total;2016;540
07 Castilla y León;Hombres;Total;2015;675
07 Castilla y León;Hombres;Total;2014;659
07 Castilla y León;Hombres;Total;2013;614
07 Castilla y León;Hombres;Española;2021;474
07 Castilla y León;Hombres;Española;2020;407
07 Castilla y León;Hombres;Española;2019;439
07 Castilla y León;Hombres;Española;2018;483
07 Castilla y León;Hombres;Española;2017;475
07 Castilla y León;Hombres;Española;2016;445
07 Castilla y León;Hombres;Española;2015;563
07 Castilla y León;Hombres;Española;2014;533
07 Castilla y León;Hombres;Española;2013;473
07 Castilla y León;Hombres;Extranjera;2021;82
07 Castilla y León;Hombres;Extranjera;2020;77
07 Castilla y León;Hombres;Extranjera;2019;90
07 Castilla y León;Hombres;Extranjera;2018;79
07 Castilla y León;Hombres;Extranjera;2017;112
07 Castilla y León;Hombres;Extranjera;2016;95
07 Castilla y León;Hombres;Extranjera;2015;112
07 Castilla y León;Hombres;Extranjera;2014;126
07 Castilla y León;Hombres;Extranjera;2013;141
07 Castilla y León;Mujeres;Total;2021;197
07 Castilla y León;Mujeres;Total;2020;156
07 Castilla y León;Mujeres;Total;2019;178
07 Castilla y León;Mujeres;Total;2018;196
07 Castilla y León;Mujeres;Total;2017;182
07 Castilla y León;Mujeres;Total;2016;198
07 Castilla y León;Mujeres;Total;2015;204
07 Castilla y León;Mujeres;Total;2014;227
07 Castilla y León;Mujeres;Total;2013;202
07 Castilla y León;Mujeres;Española;2021;178
07 Castilla y León;Mujeres;Española;2020;138
07 Castilla y León;Mujeres;Española;2019;162
07 Castilla y León;Mujeres;Española;2018;168
07 Castilla y León;Mujeres;Española;2017;168
07 Castilla y León;Mujeres;Española;2016;175
07 Castilla y León;Mujeres;Española;2015;171
07 Castilla y León;Mujeres;Española;2014;196
07 Castilla y León;Mujeres;Española;2013;168
07 Castilla y León;Mujeres;Extranjera;2021;19
07 Castilla y León;Mujeres;Extranjera;2020;18
07 Castilla y León;Mujeres;Extranjera;2019;16
07 Castilla y León;Mujeres;Extranjera;2018;28
07 Castilla y León;Mujeres;Extranjera;2017;14
07 Castilla y León;Mujeres;Extranjera;2016;23
07 Castilla y León;Mujeres;Extranjera;2015;33
07 Castilla y León;Mujeres;Extranjera;2014;31
07 Castilla y León;Mujeres;Extranjera;2013;34
08 Castilla - La Mancha;Total;Total;2021;545
08 Castilla - La Mancha;Total;Total;2020;434
08 Castilla - La Mancha;Total;Total;2019;511
08 Castilla - La Mancha;Total;Total;2018;510
08 Castilla - La Mancha;Total;Total;2017;508
08 Castilla - La Mancha;Total;Total;2016;501
08 Castilla - La Mancha;Total;Total;2015;666
08 Castilla - La Mancha;Total;Total;2014;710
08 Castilla - La Mancha;Total;Total;2013;764
08 Castilla - La Mancha;Total;Española;2021;449
08 Castilla - La Mancha;Total;Española;2020;353
08 Castilla - La Mancha;Total;Española;2019;435
08 Castilla - La Mancha;Total;Española;2018;438
08 Castilla - La Mancha;Total;Española;2017;438
08 Castilla - La Mancha;Total;Española;2016;432
08 Castilla - La Mancha;Total;Española;2015;565
08 Castilla - La Mancha;Total;Española;2014;593
08 Castilla - La Mancha;Total;Española;2013;623
08 Castilla - La Mancha;Total;Extranjera;2021;96
08 Castilla - La Mancha;Total;Extranjera;2020;81
08 Castilla - La Mancha;Total;Extranjera;2019;76
08 Castilla - La Mancha;Total;Extranjera;2018;72
08 Castilla - La Mancha;Total;Extranjera;2017;70
08 Castilla - La Mancha;Total;Extranjera;2016;69
08 Castilla - La Mancha;Total;Extranjera;2015;101
08 Castilla - La Mancha;Total;Extranjera;2014;117
08 Castilla - La Mancha;Total;Extranjera;2013;141
08 Castilla - La Mancha;Hombres;Total;2021;447
08 Castilla - La Mancha;Hombres;Total;2020;342
08 Castilla - La Mancha;Hombres;Total;2019;386
08 Castilla - La Mancha;Hombres;Total;2018;416
08 Castilla - La Mancha;Hombres;Total;2017;399
08 Castilla - La Mancha;Hombres;Total;2016;395
08 Castilla - La Mancha;Hombres;Total;2015;552
08 Castilla - La Mancha;Hombres;Total;2014;559
08 Castilla - La Mancha;Hombres;Total;2013;632
08 Castilla - La Mancha;Hombres;Española;2021;358
08 Castilla - La Mancha;Hombres;Española;2020;271
08 Castilla - La Mancha;Hombres;Española;2019;319
08 Castilla - La Mancha;Hombres;Española;2018;354
08 Castilla - La Mancha;Hombres;Española;2017;340
08 Castilla - La Mancha;Hombres;Española;2016;339
08 Castilla - La Mancha;Hombres;Española;2015;462
08 Castilla - La Mancha;Hombres;Española;2014;464
08 Castilla - La Mancha;Hombres;Española;2013;514
08 Castilla - La Mancha;Hombres;Extranjera;2021;89
08 Castilla - La Mancha;Hombres;Extranjera;2020;71
08 Castilla - La Mancha;Hombres;Extranjera;2019;67
08 Castilla - La Mancha;Hombres;Extranjera;2018;62
08 Castilla - La Mancha;Hombres;Extranjera;2017;59
08 Castilla - La Mancha;Hombres;Extranjera;2016;56
08 Castilla - La Mancha;Hombres;Extranjera;2015;90
08 Castilla - La Mancha;Hombres;Extranjera;2014;95
08 Castilla - La Mancha;Hombres;Extranjera;2013;118
08 Castilla - La Mancha;Mujeres;Total;2021;98
08 Castilla - La Mancha;Mujeres;Total;2020;92
08 Castilla - La Mancha;Mujeres;Total;2019;125
08 Castilla - La Mancha;Mujeres;Total;2018;94
08 Castilla - La Mancha;Mujeres;Total;2017;109
08 Castilla - La Mancha;Mujeres;Total;2016;106
08 Castilla - La Mancha;Mujeres;Total;2015;114
08 Castilla - La Mancha;Mujeres;Total;2014;151
08 Castilla - La Mancha;Mujeres;Total;2013;132
08 Castilla - La Mancha;Mujeres;Española;2021;91
08 Castilla - La Mancha;Mujeres;Española;2020;82
08 Castilla - La Mancha;Mujeres;Española;2019;116
08 Castilla - La Mancha;Mujeres;Española;2018;84
08 Castilla - La Mancha;Mujeres;Española;2017;98
08 Castilla - La Mancha;Mujeres;Española;2016;93
08 Castilla - La Mancha;Mujeres;Española;2015;103
08 Castilla - La Mancha;Mujeres;Española;2014;129
08 Castilla - La Mancha;Mujeres;Española;2013;109
08 Castilla - La Mancha;Mujeres;Extranjera;2021;7
08 Castilla - La Mancha;Mujeres;Extranjera;2020;10
08 Castilla - La Mancha;Mujeres;Extranjera;2019;9
08 Castilla - La Mancha;Mujeres;Extranjera;2018;10
08 Castilla - La Mancha;Mujeres;Extranjera;2017;11
08 Castilla - La Mancha;Mujeres;Extranjera;2016;13
08 Castilla - La Mancha;Mujeres;Extranjera;2015;11
08 Castilla - La Mancha;Mujeres;Extranjera;2014;22
08 Castilla - La Mancha;Mujeres;Extranjera;2013;23
09 Cataluña;Total;Total;2021;1.660
09 Cataluña;Total;Total;2020;1.252
09 Cataluña;Total;Total;2019;1.655
09 Cataluña;Total;Total;2018;1.669
09 Cataluña;Total;Total;2017;1.831
09 Cataluña;Total;Total;2016;1.530
09 Cataluña;Total;Total;2015;1.493
09 Cataluña;Total;Total;2014;1.800
09 Cataluña;Total;Total;2013;1.690
09 Cataluña;Total;Española;2021;1.110
09 Cataluña;Total;Española;2020;728
09 Cataluña;Total;Española;2019;949
09 Cataluña;Total;Española;2018;1.117
09 Cataluña;Total;Española;2017;1.241
09 Cataluña;Total;Española;2016;971
09 Cataluña;Total;Española;2015;930
09 Cataluña;Total;Española;2014;1.130
09 Cataluña;Total;Española;2013;1.005
09 Cataluña;Total;Extranjera;2021;550
09 Cataluña;Total;Extranjera;2020;524
09 Cataluña;Total;Extranjera;2019;706
09 Cataluña;Total;Extranjera;2018;552
09 Cataluña;Total;Extranjera;2017;590
09 Cataluña;Total;Extranjera;2016;559
09 Cataluña;Total;Extranjera;2015;563
09 Cataluña;Total;Extranjera;2014;670
09 Cataluña;Total;Extranjera;2013;685
09 Cataluña;Hombres;Total;2021;1.440
09 Cataluña;Hombres;Total;2020;1.078
09 Cataluña;Hombres;Total;2019;1.433
09 Cataluña;Hombres;Total;2018;1.361
09 Cataluña;Hombres;Total;2017;1.511
09 Cataluña;Hombres;Total;2016;1.294
09 Cataluña;Hombres;Total;2015;1.242
09 Cataluña;Hombres;Total;2014;1.518
09 Cataluña;Hombres;Total;2013;1.442
09 Cataluña;Hombres;Española;2021;921
09 Cataluña;Hombres;Española;2020;594
09 Cataluña;Hombres;Española;2019;766
09 Cataluña;Hombres;Española;2018;847
09 Cataluña;Hombres;Española;2017;973
09 Cataluña;Hombres;Española;2016;781
09 Cataluña;Hombres;Española;2015;730
09 Cataluña;Hombres;Española;2014;920
09 Cataluña;Hombres;Española;2013;818
09 Cataluña;Hombres;Extranjera;2021;519
09 Cataluña;Hombres;Extranjera;2020;484
09 Cataluña;Hombres;Extranjera;2019;667
09 Cataluña;Hombres;Extranjera;2018;514
09 Cataluña;Hombres;Extranjera;2017;538
09 Cataluña;Hombres;Extranjera;2016;513
09 Cataluña;Hombres;Extranjera;2015;512
09 Cataluña;Hombres;Extranjera;2014;598
09 Cataluña;Hombres;Extranjera;2013;624
09 Cataluña;Mujeres;Total;2021;220
09 Cataluña;Mujeres;Total;2020;174
09 Cataluña;Mujeres;Total;2019;222
09 Cataluña;Mujeres;Total;2018;308
09 Cataluña;Mujeres;Total;2017;320
09 Cataluña;Mujeres;Total;2016;236
09 Cataluña;Mujeres;Total;2015;251
09 Cataluña;Mujeres;Total;2014;282
09 Cataluña;Mujeres;Total;2013;248
09 Cataluña;Mujeres;Española;2021;189
09 Cataluña;Mujeres;Española;2020;134
09 Cataluña;Mujeres;Española;2019;183
09 Cataluña;Mujeres;Española;2018;270
09 Cataluña;Mujeres;Española;2017;268
09 Cataluña;Mujeres;Española;2016;190
09 Cataluña;Mujeres;Española;2015;200
09 Cataluña;Mujeres;Española;2014;210
09 Cataluña;Mujeres;Española;2013;187
09 Cataluña;Mujeres;Extranjera;2021;31
09 Cataluña;Mujeres;Extranjera;2020;40
09 Cataluña;Mujeres;Extranjera;2019;39
09 Cataluña;Mujeres;Extranjera;2018;38
09 Cataluña;Mujeres;Extranjera;2017;52
09 Cataluña;Mujeres;Extranjera;2016;46
09 Cataluña;Mujeres;Extranjera;2015;51
09 Cataluña;Mujeres;Extranjera;2014;72
09 Cataluña;Mujeres;Extranjera;2013;61
10 Comunitat Valenciana;Total;Total;2021;1.845
10 Comunitat Valenciana;Total;Total;2020;1.631
10 Comunitat Valenciana;Total;Total;2019;1.934
10 Comunitat Valenciana;Total;Total;2018;2.146
10 Comunitat Valenciana;Total;Total;2017;2.054
10 Comunitat Valenciana;Total;Total;2016;1.953
10 Comunitat Valenciana;Total;Total;2015;2.214
10 Comunitat Valenciana;Total;Total;2014;2.411
10 Comunitat Valenciana;Total;Total;2013;2.262
10 Comunitat Valenciana;Total;Española;2021;1.512
10 Comunitat Valenciana;Total;Española;2020;1.345
10 Comunitat Valenciana;Total;Española;2019;1.617
10 Comunitat Valenciana;Total;Española;2018;1.799
10 Comunitat Valenciana;Total;Española;2017;1.673
10 Comunitat Valenciana;Total;Española;2016;1.566
10 Comunitat Valenciana;Total;Española;2015;1.806
10 Comunitat Valenciana;Total;Española;2014;1.956
10 Comunitat Valenciana;Total;Española;2013;1.794
10 Comunitat Valenciana;Total;Extranjera;2021;333
10 Comunitat Valenciana;Total;Extranjera;2020;286
10 Comunitat Valenciana;Total;Extranjera;2019;317
10 Comunitat Valenciana;Total;Extranjera;2018;347
10 Comunitat Valenciana;Total;Extranjera;2017;381
10 Comunitat Valenciana;Total;Extranjera;2016;387
10 Comunitat Valenciana;Total;Extranjera;2015;408
10 Comunitat Valenciana;Total;Extranjera;2014;455
10 Comunitat Valenciana;Total;Extranjera;2013;468
10 Comunitat Valenciana;Hombres;Total;2021;1.455
10 Comunitat Valenciana;Hombres;Total;2020;1.326
10 Comunitat Valenciana;Hombres;Total;2019;1.503
10 Comunitat Valenciana;Hombres;Total;2018;1.694
10 Comunitat Valenciana;Hombres;Total;2017;1.606
10 Comunitat Valenciana;Hombres;Total;2016;1.536
10 Comunitat Valenciana;Hombres;Total;2015;1.719
10 Comunitat Valenciana;Hombres;Total;2014;1.875
10 Comunitat Valenciana;Hombres;Total;2013;1.810
10 Comunitat Valenciana;Hombres;Española;2021;1.162
10 Comunitat Valenciana;Hombres;Española;2020;1.070
10 Comunitat Valenciana;Hombres;Española;2019;1.223
10 Comunitat Valenciana;Hombres;Española;2018;1.390
10 Comunitat Valenciana;Hombres;Española;2017;1.280
10 Comunitat Valenciana;Hombres;Española;2016;1.203
10 Comunitat Valenciana;Hombres;Española;2015;1.376
10 Comunitat Valenciana;Hombres;Española;2014;1.499
10 Comunitat Valenciana;Hombres;Española;2013;1.411
10 Comunitat Valenciana;Hombres;Extranjera;2021;293
10 Comunitat Valenciana;Hombres;Extranjera;2020;256
10 Comunitat Valenciana;Hombres;Extranjera;2019;280
10 Comunitat Valenciana;Hombres;Extranjera;2018;304
10 Comunitat Valenciana;Hombres;Extranjera;2017;326
10 Comunitat Valenciana;Hombres;Extranjera;2016;333
10 Comunitat Valenciana;Hombres;Extranjera;2015;343
10 Comunitat Valenciana;Hombres;Extranjera;2014;376
10 Comunitat Valenciana;Hombres;Extranjera;2013;399
10 Comunitat Valenciana;Mujeres;Total;2021;390
10 Comunitat Valenciana;Mujeres;Total;2020;305
10 Comunitat Valenciana;Mujeres;Total;2019;431
10 Comunitat Valenciana;Mujeres;Total;2018;452
10 Comunitat Valenciana;Mujeres;Total;2017;448
10 Comunitat Valenciana;Mujeres;Total;2016;417
10 Comunitat Valenciana;Mujeres;Total;2015;495
10 Comunitat Valenciana;Mujeres;Total;2014;536
10 Comunitat Valenciana;Mujeres;Total;2013;452
10 Comunitat Valenciana;Mujeres;Española;2021;350
10 Comunitat Valenciana;Mujeres;Española;2020;275
10 Comunitat Valenciana;Mujeres;Española;2019;394
10 Comunitat Valenciana;Mujeres;Española;2018;409
10 Comunitat Valenciana;Mujeres;Española;2017;393
10 Comunitat Valenciana;Mujeres;Española;2016;363
10 Comunitat Valenciana;Mujeres;Española;2015;430
10 Comunitat Valenciana;Mujeres;Española;2014;457
10 Comunitat Valenciana;Mujeres;Española;2013;383
10 Comunitat Valenciana;Mujeres;Extranjera;2021;40
10 Comunitat Valenciana;Mujeres;Extranjera;2020;30
10 Comunitat Valenciana;Mujeres;Extranjera;2019;37
10 Comunitat Valenciana;Mujeres;Extranjera;2018;43
10 Comunitat Valenciana;Mujeres;Extranjera;2017;55
10 Comunitat Valenciana;Mujeres;Extranjera;2016;54
10 Comunitat Valenciana;Mujeres;Extranjera;2015;65
10 Comunitat Valenciana;Mujeres;Extranjera;2014;79
10 Comunitat Valenciana;Mujeres;Extranjera;2013;69
11 Extremadura;Total;Total;2021;346
11 Extremadura;Total;Total;2020;214
11 Extremadura;Total;Total;2019;321
11 Extremadura;Total;Total;2018;327
11 Extremadura;Total;Total;2017;358
11 Extremadura;Total;Total;2016;299
11 Extremadura;Total;Total;2015;393
11 Extremadura;Total;Total;2014;433
11 Extremadura;Total;Total;2013;428
11 Extremadura;Total;Española;2021;315
11 Extremadura;Total;Española;2020;199
11 Extremadura;Total;Española;2019;299
11 Extremadura;Total;Española;2018;312
11 Extremadura;Total;Española;2017;328
11 Extremadura;Total;Española;2016;275
11 Extremadura;Total;Española;2015;351
11 Extremadura;Total;Española;2014;394
11 Extremadura;Total;Española;2013;389
11 Extremadura;Total;Extranjera;2021;31
11 Extremadura;Total;Extranjera;2020;15
11 Extremadura;Total;Extranjera;2019;22
11 Extremadura;Total;Extranjera;2018;15
11 Extremadura;Total;Extranjera;2017;30
11 Extremadura;Total;Extranjera;2016;24
11 Extremadura;Total;Extranjera;2015;42
11 Extremadura;Total;Extranjera;2014;39
11 Extremadura;Total;Extranjera;2013;39
11 Extremadura;Hombres;Total;2021;268
11 Extremadura;Hombres;Total;2020;164
11 Extremadura;Hombres;Total;2019;241
11 Extremadura;Hombres;Total;2018;256
11 Extremadura;Hombres;Total;2017;282
11 Extremadura;Hombres;Total;2016;227
11 Extremadura;Hombres;Total;2015;299
11 Extremadura;Hombres;Total;2014;354
11 Extremadura;Hombres;Total;2013;352
11 Extremadura;Hombres;Española;2021;240
11 Extremadura;Hombres;Española;2020;151
11 Extremadura;Hombres;Española;2019;224
11 Extremadura;Hombres;Española;2018;244
11 Extremadura;Hombres;Española;2017;257
11 Extremadura;Hombres;Española;2016;206
11 Extremadura;Hombres;Española;2015;265
11 Extremadura;Hombres;Española;2014;318
11 Extremadura;Hombres;Española;2013;314
11 Extremadura;Hombres;Extranjera;2021;28
11 Extremadura;Hombres;Extranjera;2020;13
11 Extremadura;Hombres;Extranjera;2019;17
11 Extremadura;Hombres;Extranjera;2018;12
11 Extremadura;Hombres;Extranjera;2017;25
11 Extremadura;Hombres;Extranjera;2016;21
11 Extremadura;Hombres;Extranjera;2015;34
11 Extremadura;Hombres;Extranjera;2014;36
11 Extremadura;Hombres;Extranjera;2013;38
11 Extremadura;Mujeres;Total;2021;78
11 Extremadura;Mujeres;Total;2020;50
11 Extremadura;Mujeres;Total;2019;80
11 Extremadura;Mujeres;Total;2018;71
11 Extremadura;Mujeres;Total;2017;76
11 Extremadura;Mujeres;Total;2016;72
11 Extremadura;Mujeres;Total;2015;94
11 Extremadura;Mujeres;Total;2014;79
11 Extremadura;Mujeres;Total;2013;76
11 Extremadura;Mujeres;Española;2021;75
11 Extremadura;Mujeres;Española;2020;48
11 Extremadura;Mujeres;Española;2019;75
11 Extremadura;Mujeres;Española;2018;68
11 Extremadura;Mujeres;Española;2017;71
11 Extremadura;Mujeres;Española;2016;69
11 Extremadura;Mujeres;Española;2015;86
11 Extremadura;Mujeres;Española;2014;76
11 Extremadura;Mujeres;Española;2013;75
11 Extremadura;Mujeres;Extranjera;2021;3
11 Extremadura;Mujeres;Extranjera;2020;2
11 Extremadura;Mujeres;Extranjera;2019;5
11 Extremadura;Mujeres;Extranjera;2018;3
11 Extremadura;Mujeres;Extranjera;2017;5
11 Extremadura;Mujeres;Extranjera;2016;3
11 Extremadura;Mujeres;Extranjera;2015;8
11 Extremadura;Mujeres;Extranjera;2014;3
11 Extremadura;Mujeres;Extranjera;2013;1
12 Galicia;Total;Total;2021;421
12 Galicia;Total;Total;2020;440
12 Galicia;Total;Total;2019;593
12 Galicia;Total;Total;2018;406
12 Galicia;Total;Total;2017;428
12 Galicia;Total;Total;2016;380
12 Galicia;Total;Total;2015;458
12 Galicia;Total;Total;2014;490
12 Galicia;Total;Total;2013;541
12 Galicia;Total;Española;2021;375
12 Galicia;Total;Española;2020;385
12 Galicia;Total;Española;2019;528
12 Galicia;Total;Española;2018;350
12 Galicia;Total;Española;2017;365
12 Galicia;Total;Española;2016;337
12 Galicia;Total;Española;2015;394
12 Galicia;Total;Española;2014;394
12 Galicia;Total;Española;2013;440
12 Galicia;Total;Extranjera;2021;46
12 Galicia;Total;Extranjera;2020;55
12 Galicia;Total;Extranjera;2019;65
12 Galicia;Total;Extranjera;2018;56
12 Galicia;Total;Extranjera;2017;63
12 Galicia;Total;Extranjera;2016;43
12 Galicia;Total;Extranjera;2015;64
12 Galicia;Total;Extranjera;2014;96
12 Galicia;Total;Extranjera;2013;101
12 Galicia;Hombres;Total;2021;325
12 Galicia;Hombres;Total;2020;335
12 Galicia;Hombres;Total;2019;432
12 Galicia;Hombres;Total;2018;313
12 Galicia;Hombres;Total;2017;325
12 Galicia;Hombres;Total;2016;292
12 Galicia;Hombres;Total;2015;335
12 Galicia;Hombres;Total;2014;363
12 Galicia;Hombres;Total;2013;426
12 Galicia;Hombres;Española;2021;285
12 Galicia;Hombres;Española;2020;288
12 Galicia;Hombres;Española;2019;378
12 Galicia;Hombres;Española;2018;266
12 Galicia;Hombres;Española;2017;275
12 Galicia;Hombres;Española;2016;257
12 Galicia;Hombres;Española;2015;286
12 Galicia;Hombres;Española;2014;291
12 Galicia;Hombres;Española;2013;342
12 Galicia;Hombres;Extranjera;2021;40
12 Galicia;Hombres;Extranjera;2020;47
12 Galicia;Hombres;Extranjera;2019;54
12 Galicia;Hombres;Extranjera;2018;47
12 Galicia;Hombres;Extranjera;2017;50
12 Galicia;Hombres;Extranjera;2016;35
12 Galicia;Hombres;Extranjera;2015;49
12 Galicia;Hombres;Extranjera;2014;72
12 Galicia;Hombres;Extranjera;2013;84
12 Galicia;Mujeres;Total;2021;96
12 Galicia;Mujeres;Total;2020;105
12 Galicia;Mujeres;Total;2019;161
12 Galicia;Mujeres;Total;2018;93
12 Galicia;Mujeres;Total;2017;103
12 Galicia;Mujeres;Total;2016;88
12 Galicia;Mujeres;Total;2015;123
12 Galicia;Mujeres;Total;2014;127
12 Galicia;Mujeres;Total;2013;115
12 Galicia;Mujeres;Española;2021;90
12 Galicia;Mujeres;Española;2020;97
12 Galicia;Mujeres;Española;2019;150
12 Galicia;Mujeres;Española;2018;84
12 Galicia;Mujeres;Española;2017;90
12 Galicia;Mujeres;Española;2016;80
12 Galicia;Mujeres;Española;2015;108
12 Galicia;Mujeres;Española;2014;103
12 Galicia;Mujeres;Española;2013;98
12 Galicia;Mujeres;Extranjera;2021;6
12 Galicia;Mujeres;Extranjera;2020;8
12 Galicia;Mujeres;Extranjera;2019;11
12 Galicia;Mujeres;Extranjera;2018;9
12 Galicia;Mujeres;Extranjera;2017;13
12 Galicia;Mujeres;Extranjera;2016;8
12 Galicia;Mujeres;Extranjera;2015;15
12 Galicia;Mujeres;Extranjera;2014;24
12 Galicia;Mujeres;Extranjera;2013;17
13 Madrid, Comunidad de;Total;Total;2021;1.589
13 Madrid, Comunidad de;Total;Total;2020;1.183
13 Madrid, Comunidad de;Total;Total;2019;1.275
13 Madrid, Comunidad de;Total;Total;2018;1.168
13 Madrid, Comunidad de;Total;Total;2017;1.202
13 Madrid, Comunidad de;Total;Total;2016;917
13 Madrid, Comunidad de;Total;Total;2015;1.004
13 Madrid, Comunidad de;Total;Total;2014;1.257
13 Madrid, Comunidad de;Total;Total;2013;1.251
13 Madrid, Comunidad de;Total;Española;2021;1.174
13 Madrid, Comunidad de;Total;Española;2020;878
13 Madrid, Comunidad de;Total;Española;2019;996
13 Madrid, Comunidad de;Total;Española;2018;914
13 Madrid, Comunidad de;Total;Española;2017;882
13 Madrid, Comunidad de;Total;Española;2016;613
13 Madrid, Comunidad de;Total;Española;2015;649
13 Madrid, Comunidad de;Total;Española;2014;754
13 Madrid, Comunidad de;Total;Española;2013;739
13 Madrid, Comunidad de;Total;Extranjera;2021;415
13 Madrid, Comunidad de;Total;Extranjera;2020;305
13 Madrid, Comunidad de;Total;Extranjera;2019;279
13 Madrid, Comunidad de;Total;Extranjera;2018;254
13 Madrid, Comunidad de;Total;Extranjera;2017;320
13 Madrid, Comunidad de;Total;Extranjera;2016;304
13 Madrid, Comunidad de;Total;Extranjera;2015;355
13 Madrid, Comunidad de;Total;Extranjera;2014;503
13 Madrid, Comunidad de;Total;Extranjera;2013;512
13 Madrid, Comunidad de;Hombres;Total;2021;1.287
13 Madrid, Comunidad de;Hombres;Total;2020;940
13 Madrid, Comunidad de;Hombres;Total;2019;1.009
13 Madrid, Comunidad de;Hombres;Total;2018;920
13 Madrid, Comunidad de;Hombres;Total;2017;954
13 Madrid, Comunidad de;Hombres;Total;2016;746
13 Madrid, Comunidad de;Hombres;Total;2015;813
13 Madrid, Comunidad de;Hombres;Total;2014;1.036
13 Madrid, Comunidad de;Hombres;Total;2013;1.036
13 Madrid, Comunidad de;Hombres;Española;2021;924
13 Madrid, Comunidad de;Hombres;Española;2020;669
13 Madrid, Comunidad de;Hombres;Española;2019;769
13 Madrid, Comunidad de;Hombres;Española;2018;711
13 Madrid, Comunidad de;Hombres;Española;2017;678
13 Madrid, Comunidad de;Hombres;Española;2016;494
13 Madrid, Comunidad de;Hombres;Española;2015;511
13 Madrid, Comunidad de;Hombres;Española;2014;599
13 Madrid, Comunidad de;Hombres;Española;2013;587
13 Madrid, Comunidad de;Hombres;Extranjera;2021;363
13 Madrid, Comunidad de;Hombres;Extranjera;2020;271
13 Madrid, Comunidad de;Hombres;Extranjera;2019;240
13 Madrid, Comunidad de;Hombres;Extranjera;2018;209
13 Madrid, Comunidad de;Hombres;Extranjera;2017;276
13 Madrid, Comunidad de;Hombres;Extranjera;2016;252
13 Madrid, Comunidad de;Hombres;Extranjera;2015;302
13 Madrid, Comunidad de;Hombres;Extranjera;2014;437
13 Madrid, Comunidad de;Hombres;Extranjera;2013;449
13 Madrid, Comunidad de;Mujeres;Total;2021;302
13 Madrid, Comunidad de;Mujeres;Total;2020;243
13 Madrid, Comunidad de;Mujeres;Total;2019;266
13 Madrid, Comunidad de;Mujeres;Total;2018;248
13 Madrid, Comunidad de;Mujeres;Total;2017;248
13 Madrid, Comunidad de;Mujeres;Total;2016;171
13 Madrid, Comunidad de;Mujeres;Total;2015;191
13 Madrid, Comunidad de;Mujeres;Total;2014;221
13 Madrid, Comunidad de;Mujeres;Total;2013;215
13 Madrid, Comunidad de;Mujeres;Española;2021;250
13 Madrid, Comunidad de;Mujeres;Española;2020;209
13 Madrid, Comunidad de;Mujeres;Española;2019;227
13 Madrid, Comunidad de;Mujeres;Española;2018;203
13 Madrid, Comunidad de;Mujeres;Española;2017;204
13 Madrid, Comunidad de;Mujeres;Española;2016;119
13 Madrid, Comunidad de;Mujeres;Española;2015;138
13 Madrid, Comunidad de;Mujeres;Española;2014;155
13 Madrid, Comunidad de;Mujeres;Española;2013;152
13 Madrid, Comunidad de;Mujeres;Extranjera;2021;52
13 Madrid, Comunidad de;Mujeres;Extranjera;2020;34
13 Madrid, Comunidad de;Mujeres;Extranjera;2019;39
13 Madrid, Comunidad de;Mujeres;Extranjera;2018;45
13 Madrid, Comunidad de;Mujeres;Extranjera;2017;44
13 Madrid, Comunidad de;Mujeres;Extranjera;2016;52
13 Madrid, Comunidad de;Mujeres;Extranjera;2015;53
13 Madrid, Comunidad de;Mujeres;Extranjera;2014;66
13 Madrid, Comunidad de;Mujeres;Extranjera;2013;63
14 Murcia, Región de;Total;Total;2021;516
14 Murcia, Región de;Total;Total;2020;494
14 Murcia, Región de;Total;Total;2019;561
14 Murcia, Región de;Total;Total;2018;592
14 Murcia, Región de;Total;Total;2017;567
14 Murcia, Región de;Total;Total;2016;523
14 Murcia, Región de;Total;Total;2015;428
14 Murcia, Región de;Total;Total;2014;554
14 Murcia, Región de;Total;Total;2013;595
14 Murcia, Región de;Total;Española;2021;431
14 Murcia, Región de;Total;Española;2020;414
14 Murcia, Región de;Total;Española;2019;449
14 Murcia, Región de;Total;Española;2018;481
14 Murcia, Región de;Total;Española;2017;445
14 Murcia, Región de;Total;Española;2016;412
14 Murcia, Región de;Total;Española;2015;329
14 Murcia, Región de;Total;Española;2014;418
14 Murcia, Región de;Total;Española;2013;438
14 Murcia, Región de;Total;Extranjera;2021;85
14 Murcia, Región de;Total;Extranjera;2020;80
14 Murcia, Región de;Total;Extranjera;2019;112
14 Murcia, Región de;Total;Extranjera;2018;111
14 Murcia, Región de;Total;Extranjera;2017;122
14 Murcia, Región de;Total;Extranjera;2016;111
14 Murcia, Región de;Total;Extranjera;2015;99
14 Murcia, Región de;Total;Extranjera;2014;136
14 Murcia, Región de;Total;Extranjera;2013;157
14 Murcia, Región de;Hombres;Total;2021;435
14 Murcia, Región de;Hombres;Total;2020;424
14 Murcia, Región de;Hombres;Total;2019;461
14 Murcia, Región de;Hombres;Total;2018;476
14 Murcia, Región de;Hombres;Total;2017;466
14 Murcia, Región de;Hombres;Total;2016;436
14 Murcia, Región de;Hombres;Total;2015;359
14 Murcia, Región de;Hombres;Total;2014;483
14 Murcia, Región de;Hombres;Total;2013;524
14 Murcia, Región de;Hombres;Española;2021;355
14 Murcia, Región de;Hombres;Española;2020;348
14 Murcia, Región de;Hombres;Española;2019;363
14 Murcia, Región de;Hombres;Española;2018;375
14 Murcia, Región de;Hombres;Española;2017;358
14 Murcia, Región de;Hombres;Española;2016;335
14 Murcia, Región de;Hombres;Española;2015;267
14 Murcia, Región de;Hombres;Española;2014;350
14 Murcia, Región de;Hombres;Española;2013;380
14 Murcia, Región de;Hombres;Extranjera;2021;80
14 Murcia, Región de;Hombres;Extranjera;2020;76
14 Murcia, Región de;Hombres;Extranjera;2019;98
14 Murcia, Región de;Hombres;Extranjera;2018;101
14 Murcia, Región de;Hombres;Extranjera;2017;108
14 Murcia, Región de;Hombres;Extranjera;2016;101
14 Murcia, Región de;Hombres;Extranjera;2015;92
14 Murcia, Región de;Hombres;Extranjera;2014;133
14 Murcia, Región de;Hombres;Extranjera;2013;144
14 Murcia, Región de;Mujeres;Total;2021;81
14 Murcia, Región de;Mujeres;Total;2020;70
14 Murcia, Región de;Mujeres;Total;2019;100
14 Murcia, Región de;Mujeres;Total;2018;116
14 Murcia, Región de;Mujeres;Total;2017;101
14 Murcia, Región de;Mujeres;Total;2016;87
14 Murcia, Región de;Mujeres;Total;2015;69
14 Murcia, Región de;Mujeres;Total;2014;71
14 Murcia, Región de;Mujeres;Total;2013;71
14 Murcia, Región de;Mujeres;Española;2021;76
14 Murcia, Región de;Mujeres;Española;2020;66
14 Murcia, Región de;Mujeres;Española;2019;86
14 Murcia, Región de;Mujeres;Española;2018;106
14 Murcia, Región de;Mujeres;Española;2017;87
14 Murcia, Región de;Mujeres;Española;2016;77
14 Murcia, Región de;Mujeres;Española;2015;62
14 Murcia, Región de;Mujeres;Española;2014;68
14 Murcia, Región de;Mujeres;Española;2013;58
14 Murcia, Región de;Mujeres;Extranjera;2021;5
14 Murcia, Región de;Mujeres;Extranjera;2020;4
14 Murcia, Región de;Mujeres;Extranjera;2019;14
14 Murcia, Región de;Mujeres;Extranjera;2018;10
14 Murcia, Región de;Mujeres;Extranjera;2017;14
14 Murcia, Región de;Mujeres;Extranjera;2016;10
14 Murcia, Región de;Mujeres;Extranjera;2015;7
14 Murcia, Región de;Mujeres;Extranjera;2014;3
14 Murcia, Región de;Mujeres;Extranjera;2013;13
15 Navarra, Comunidad Foral de;Total;Total;2021;185
15 Navarra, Comunidad Foral de;Total;Total;2020;127
15 Navarra, Comunidad Foral de;Total;Total;2019;183
15 Navarra, Comunidad Foral de;Total;Total;2018;191
15 Navarra, Comunidad Foral de;Total;Total;2017;205
15 Navarra, Comunidad Foral de;Total;Total;2016;171
15 Navarra, Comunidad Foral de;Total;Total;2015;178
15 Navarra, Comunidad Foral de;Total;Total;2014;206
15 Navarra, Comunidad Foral de;Total;Total;2013;140
15 Navarra, Comunidad Foral de;Total;Española;2021;146
15 Navarra, Comunidad Foral de;Total;Española;2020;85
15 Navarra, Comunidad Foral de;Total;Española;2019;151
15 Navarra, Comunidad Foral de;Total;Española;2018;160
15 Navarra, Comunidad Foral de;Total;Española;2017;173
15 Navarra, Comunidad Foral de;Total;Española;2016;135
15 Navarra, Comunidad Foral de;Total;Española;2015;148
15 Navarra, Comunidad Foral de;Total;Española;2014;172
15 Navarra, Comunidad Foral de;Total;Española;2013;110
15 Navarra, Comunidad Foral de;Total;Extranjera;2021;39
15 Navarra, Comunidad Foral de;Total;Extranjera;2020;42
15 Navarra, Comunidad Foral de;Total;Extranjera;2019;32
15 Navarra, Comunidad Foral de;Total;Extranjera;2018;31
15 Navarra, Comunidad Foral de;Total;Extranjera;2017;32
15 Navarra, Comunidad Foral de;Total;Extranjera;2016;36
15 Navarra, Comunidad Foral de;Total;Extranjera;2015;30
15 Navarra, Comunidad Foral de;Total;Extranjera;2014;34
15 Navarra, Comunidad Foral de;Total;Extranjera;2013;30
15 Navarra, Comunidad Foral de;Hombres;Total;2021;156
15 Navarra, Comunidad Foral de;Hombres;Total;2020;103
15 Navarra, Comunidad Foral de;Hombres;Total;2019;144
15 Navarra, Comunidad Foral de;Hombres;Total;2018;146
15 Navarra, Comunidad Foral de;Hombres;Total;2017;157
15 Navarra, Comunidad Foral de;Hombres;Total;2016;137
15 Navarra, Comunidad Foral de;Hombres;Total;2015;147
15 Navarra, Comunidad Foral de;Hombres;Total;2014;159
15 Navarra, Comunidad Foral de;Hombres;Total;2013;102
15 Navarra, Comunidad Foral de;Hombres;Española;2021;121
15 Navarra, Comunidad Foral de;Hombres;Española;2020;63
15 Navarra, Comunidad Foral de;Hombres;Española;2019;115
15 Navarra, Comunidad Foral de;Hombres;Española;2018;119
15 Navarra, Comunidad Foral de;Hombres;Española;2017;133
15 Navarra, Comunidad Foral de;Hombres;Española;2016;106
15 Navarra, Comunidad Foral de;Hombres;Española;2015;120
15 Navarra, Comunidad Foral de;Hombres;Española;2014;131
15 Navarra, Comunidad Foral de;Hombres;Española;2013;81
15 Navarra, Comunidad Foral de;Hombres;Extranjera;2021;35
15 Navarra, Comunidad Foral de;Hombres;Extranjera;2020;40
15 Navarra, Comunidad Foral de;Hombres;Extranjera;2019;29
15 Navarra, Comunidad Foral de;Hombres;Extranjera;2018;27
15 Navarra, Comunidad Foral de;Hombres;Extranjera;2017;24
15 Navarra, Comunidad Foral de;Hombres;Extranjera;2016;31
15 Navarra, Comunidad Foral de;Hombres;Extranjera;2015;27
15 Navarra, Comunidad Foral de;Hombres;Extranjera;2014;28
15 Navarra, Comunidad Foral de;Hombres;Extranjera;2013;21
15 Navarra, Comunidad Foral de;Mujeres;Total;2021;29
15 Navarra, Comunidad Foral de;Mujeres;Total;2020;24
15 Navarra, Comunidad Foral de;Mujeres;Total;2019;39
15 Navarra, Comunidad Foral de;Mujeres;Total;2018;45
15 Navarra, Comunidad Foral de;Mujeres;Total;2017;48
15 Navarra, Comunidad Foral de;Mujeres;Total;2016;34
15 Navarra, Comunidad Foral de;Mujeres;Total;2015;31
15 Navarra, Comunidad Foral de;Mujeres;Total;2014;47
15 Navarra, Comunidad Foral de;Mujeres;Total;2013;38
15 Navarra, Comunidad Foral de;Mujeres;Española;2021;25
15 Navarra, Comunidad Foral de;Mujeres;Española;2020;22
15 Navarra, Comunidad Foral de;Mujeres;Española;2019;36
15 Navarra, Comunidad Foral de;Mujeres;Española;2018;41
15 Navarra, Comunidad Foral de;Mujeres;Española;2017;40
15 Navarra, Comunidad Foral de;Mujeres;Española;2016;29
15 Navarra, Comunidad Foral de;Mujeres;Española;2015;28
15 Navarra, Comunidad Foral de;Mujeres;Española;2014;41
15 Navarra, Comunidad Foral de;Mujeres;Española;2013;29
15 Navarra, Comunidad Foral de;Mujeres;Extranjera;2021;4
15 Navarra, Comunidad Foral de;Mujeres;Extranjera;2020;2
15 Navarra, Comunidad Foral de;Mujeres;Extranjera;2019;3
15 Navarra, Comunidad Foral de;Mujeres;Extranjera;2018;4
15 Navarra, Comunidad Foral de;Mujeres;Extranjera;2017;8
15 Navarra, Comunidad Foral de;Mujeres;Extranjera;2016;5
15 Navarra, Comunidad Foral de;Mujeres;Extranjera;2015;3
15 Navarra, Comunidad Foral de;Mujeres;Extranjera;2014;6
15 Navarra, Comunidad Foral de;Mujeres;Extranjera;2013;9
16 País Vasco;Total;Total;2021;506
16 País Vasco;Total;Total;2020;369
16 País Vasco;Total;Total;2019;541
16 País Vasco;Total;Total;2018;528
16 País Vasco;Total;Total;2017;522
16 País Vasco;Total;Total;2016;482
16 País Vasco;Total;Total;2015;521
16 País Vasco;Total;Total;2014;508
16 País Vasco;Total;Total;2013;514
16 País Vasco;Total;Española;2021;355
16 País Vasco;Total;Española;2020;277
16 País Vasco;Total;Española;2019;399
16 País Vasco;Total;Española;2018;388
16 País Vasco;Total;Española;2017;407
16 País Vasco;Total;Española;2016;365
16 País Vasco;Total;Española;2015;396
16 País Vasco;Total;Española;2014;383
16 País Vasco;Total;Española;2013;387
16 País Vasco;Total;Extranjera;2021;151
16 País Vasco;Total;Extranjera;2020;92
16 País Vasco;Total;Extranjera;2019;142
16 País Vasco;Total;Extranjera;2018;140
16 País Vasco;Total;Extranjera;2017;115
16 País Vasco;Total;Extranjera;2016;117
16 País Vasco;Total;Extranjera;2015;125
16 País Vasco;Total;Extranjera;2014;125
16 País Vasco;Total;Extranjera;2013;127
16 País Vasco;Hombres;Total;2021;415
16 País Vasco;Hombres;Total;2020;303
16 País Vasco;Hombres;Total;2019;438
16 País Vasco;Hombres;Total;2018;425
16 País Vasco;Hombres;Total;2017;420
16 País Vasco;Hombres;Total;2016;387
16 País Vasco;Hombres;Total;2015;409
16 País Vasco;Hombres;Total;2014;401
16 País Vasco;Hombres;Total;2013;387
16 País Vasco;Hombres;Española;2021;277
16 País Vasco;Hombres;Española;2020;217
16 País Vasco;Hombres;Española;2019;306
16 País Vasco;Hombres;Española;2018;297
16 País Vasco;Hombres;Española;2017;315
16 País Vasco;Hombres;Española;2016;284
16 País Vasco;Hombres;Española;2015;295
16 País Vasco;Hombres;Española;2014;294
16 País Vasco;Hombres;Española;2013;277
16 País Vasco;Hombres;Extranjera;2021;138
16 País Vasco;Hombres;Extranjera;2020;86
16 País Vasco;Hombres;Extranjera;2019;132
16 País Vasco;Hombres;Extranjera;2018;128
16 País Vasco;Hombres;Extranjera;2017;105
16 País Vasco;Hombres;Extranjera;2016;103
16 País Vasco;Hombres;Extranjera;2015;114
16 País Vasco;Hombres;Extranjera;2014;107
16 País Vasco;Hombres;Extranjera;2013;110
16 País Vasco;Mujeres;Total;2021;91
16 País Vasco;Mujeres;Total;2020;66
16 País Vasco;Mujeres;Total;2019;103
16 País Vasco;Mujeres;Total;2018;103
16 País Vasco;Mujeres;Total;2017;102
16 País Vasco;Mujeres;Total;2016;95
16 País Vasco;Mujeres;Total;2015;112
16 País Vasco;Mujeres;Total;2014;107
16 País Vasco;Mujeres;Total;2013;127
16 País Vasco;Mujeres;Española;2021;78
16 País Vasco;Mujeres;Española;2020;60
16 País Vasco;Mujeres;Española;2019;93
16 País Vasco;Mujeres;Española;2018;91
16 País Vasco;Mujeres;Española;2017;92
16 País Vasco;Mujeres;Española;2016;81
16 País Vasco;Mujeres;Española;2015;101
16 País Vasco;Mujeres;Española;2014;89
16 País Vasco;Mujeres;Española;2013;110
16 País Vasco;Mujeres;Extranjera;2021;13
16 País Vasco;Mujeres;Extranjera;2020;6
16 País Vasco;Mujeres;Extranjera;2019;10
16 País Vasco;Mujeres;Extranjera;2018;12
16 País Vasco;Mujeres;Extranjera;2017;10
16 País Vasco;Mujeres;Extranjera;2016;14
16 País Vasco;Mujeres;Extranjera;2015;11
16 País Vasco;Mujeres;Extranjera;2014;18
16 País Vasco;Mujeres;Extranjera;2013;17
17 Rioja, La;Total;Total;2021;101
17 Rioja, La;Total;Total;2020;77
17 Rioja, La;Total;Total;2019;95
17 Rioja, La;Total;Total;2018;101
17 Rioja, La;Total;Total;2017;106
17 Rioja, La;Total;Total;2016;110
17 Rioja, La;Total;Total;2015;99
17 Rioja, La;Total;Total;2014;134
17 Rioja, La;Total;Total;2013;144
17 Rioja, La;Total;Española;2021;82
17 Rioja, La;Total;Española;2020;66
17 Rioja, La;Total;Española;2019;77
17 Rioja, La;Total;Española;2018;82
17 Rioja, La;Total;Española;2017;75
17 Rioja, La;Total;Española;2016;87
17 Rioja, La;Total;Española;2015;70
17 Rioja, La;Total;Española;2014;111
17 Rioja, La;Total;Española;2013;103
17 Rioja, La;Total;Extranjera;2021;19
17 Rioja, La;Total;Extranjera;2020;11
17 Rioja, La;Total;Extranjera;2019;18
17 Rioja, La;Total;Extranjera;2018;19
17 Rioja, La;Total;Extranjera;2017;31
17 Rioja, La;Total;Extranjera;2016;23
17 Rioja, La;Total;Extranjera;2015;29
17 Rioja, La;Total;Extranjera;2014;23
17 Rioja, La;Total;Extranjera;2013;41
17 Rioja, La;Hombres;Total;2021;76
17 Rioja, La;Hombres;Total;2020;55
17 Rioja, La;Hombres;Total;2019;75
17 Rioja, La;Hombres;Total;2018;82
17 Rioja, La;Hombres;Total;2017;73
17 Rioja, La;Hombres;Total;2016;82
17 Rioja, La;Hombres;Total;2015;73
17 Rioja, La;Hombres;Total;2014;114
17 Rioja, La;Hombres;Total;2013;105
17 Rioja, La;Hombres;Española;2021;61
17 Rioja, La;Hombres;Española;2020;47
17 Rioja, La;Hombres;Española;2019;58
17 Rioja, La;Hombres;Española;2018;66
17 Rioja, La;Hombres;Española;2017;55
17 Rioja, La;Hombres;Española;2016;64
17 Rioja, La;Hombres;Española;2015;50
17 Rioja, La;Hombres;Española;2014;97
17 Rioja, La;Hombres;Española;2013;71
17 Rioja, La;Hombres;Extranjera;2021;15
17 Rioja, La;Hombres;Extranjera;2020;8
17 Rioja, La;Hombres;Extranjera;2019;17
17 Rioja, La;Hombres;Extranjera;2018;16
17 Rioja, La;Hombres;Extranjera;2017;18
17 Rioja, La;Hombres;Extranjera;2016;18
17 Rioja, La;Hombres;Extranjera;2015;23
17 Rioja, La;Hombres;Extranjera;2014;17
17 Rioja, La;Hombres;Extranjera;2013;34
17 Rioja, La;Mujeres;Total;2021;25
17 Rioja, La;Mujeres;Total;2020;22
17 Rioja, La;Mujeres;Total;2019;20
17 Rioja, La;Mujeres;Total;2018;19
17 Rioja, La;Mujeres;Total;2017;33
17 Rioja, La;Mujeres;Total;2016;28
17 Rioja, La;Mujeres;Total;2015;26
17 Rioja, La;Mujeres;Total;2014;20
17 Rioja, La;Mujeres;Total;2013;39
17 Rioja, La;Mujeres;Española;2021;21
17 Rioja, La;Mujeres;Española;2020;19
17 Rioja, La;Mujeres;Española;2019;19
17 Rioja, La;Mujeres;Española;2018;16
17 Rioja, La;Mujeres;Española;2017;20
17 Rioja, La;Mujeres;Española;2016;23
17 Rioja, La;Mujeres;Española;2015;20
17 Rioja, La;Mujeres;Española;2014;14
17 Rioja, La;Mujeres;Española;2013;32
17 Rioja, La;Mujeres;Extranjera;2021;4
17 Rioja, La;Mujeres;Extranjera;2020;3
17 Rioja, La;Mujeres;Extranjera;2019;1
17 Rioja, La;Mujeres;Extranjera;2018;3
17 Rioja, La;Mujeres;Extranjera;2017;13
17 Rioja, La;Mujeres;Extranjera;2016;5
17 Rioja, La;Mujeres;Extranjera;2015;6
17 Rioja, La;Mujeres;Extranjera;2014;6
17 Rioja, La;Mujeres;Extranjera;2013;7
18 Ceuta;Total;Total;2021;194
18 Ceuta;Total;Total;2020;132
18 Ceuta;Total;Total;2019;170
18 Ceuta;Total;Total;2018;163
18 Ceuta;Total;Total;2017;154
18 Ceuta;Total;Total;2016;164
18 Ceuta;Total;Total;2015;148
18 Ceuta;Total;Total;2014;132
18 Ceuta;Total;Total;2013;152
18 Ceuta;Total;Española;2021;96
18 Ceuta;Total;Española;2020;63
18 Ceuta;Total;Española;2019;95
18 Ceuta;Total;Española;2018;82
18 Ceuta;Total;Española;2017;86
18 Ceuta;Total;Española;2016;94
18 Ceuta;Total;Española;2015;85
18 Ceuta;Total;Española;2014;86
18 Ceuta;Total;Española;2013;104
18 Ceuta;Total;Extranjera;2021;98
18 Ceuta;Total;Extranjera;2020;69
18 Ceuta;Total;Extranjera;2019;75
18 Ceuta;Total;Extranjera;2018;81
18 Ceuta;Total;Extranjera;2017;68
18 Ceuta;Total;Extranjera;2016;70
18 Ceuta;Total;Extranjera;2015;63
18 Ceuta;Total;Extranjera;2014;46
18 Ceuta;Total;Extranjera;2013;48
18 Ceuta;Hombres;Total;2021;172
18 Ceuta;Hombres;Total;2020;116
18 Ceuta;Hombres;Total;2019;141
18 Ceuta;Hombres;Total;2018;141
18 Ceuta;Hombres;Total;2017;135
18 Ceuta;Hombres;Total;2016;139
18 Ceuta;Hombres;Total;2015;132
18 Ceuta;Hombres;Total;2014;126
18 Ceuta;Hombres;Total;2013;137
18 Ceuta;Hombres;Española;2021;76
18 Ceuta;Hombres;Española;2020;49
18 Ceuta;Hombres;Española;2019;74
18 Ceuta;Hombres;Española;2018;69
18 Ceuta;Hombres;Española;2017;78
18 Ceuta;Hombres;Española;2016;74
18 Ceuta;Hombres;Española;2015;71
18 Ceuta;Hombres;Española;2014;82
18 Ceuta;Hombres;Española;2013;91
18 Ceuta;Hombres;Extranjera;2021;96
18 Ceuta;Hombres;Extranjera;2020;67
18 Ceuta;Hombres;Extranjera;2019;67
18 Ceuta;Hombres;Extranjera;2018;72
18 Ceuta;Hombres;Extranjera;2017;57
18 Ceuta;Hombres;Extranjera;2016;65
18 Ceuta;Hombres;Extranjera;2015;61
18 Ceuta;Hombres;Extranjera;2014;44
18 Ceuta;Hombres;Extranjera;2013;46
18 Ceuta;Mujeres;Total;2021;22
18 Ceuta;Mujeres;Total;2020;16
18 Ceuta;Mujeres;Total;2019;29
18 Ceuta;Mujeres;Total;2018;22
18 Ceuta;Mujeres;Total;2017;19
18 Ceuta;Mujeres;Total;2016;25
18 Ceuta;Mujeres;Total;2015;16
18 Ceuta;Mujeres;Total;2014;6
18 Ceuta;Mujeres;Total;2013;15
18 Ceuta;Mujeres;Española;2021;20
18 Ceuta;Mujeres;Española;2020;14
18 Ceuta;Mujeres;Española;2019;21
18 Ceuta;Mujeres;Española;2018;13
18 Ceuta;Mujeres;Española;2017;8
18 Ceuta;Mujeres;Española;2016;20
18 Ceuta;Mujeres;Española;2015;14
18 Ceuta;Mujeres;Española;2014;4
18 Ceuta;Mujeres;Española;2013;13
18 Ceuta;Mujeres;Extranjera;2021;2
18 Ceuta;Mujeres;Extranjera;2020;2
18 Ceuta;Mujeres;Extranjera;2019;8
18 Ceuta;Mujeres;Extranjera;2018;9
18 Ceuta;Mujeres;Extranjera;2017;11
18 Ceuta;Mujeres;Extranjera;2016;5
18 Ceuta;Mujeres;Extranjera;2015;2
18 Ceuta;Mujeres;Extranjera;2014;2
18 Ceuta;Mujeres;Extranjera;2013;2
19 Melilla;Total;Total;2021;127
19 Melilla;Total;Total;2020;21
19 Melilla;Total;Total;2019;73
19 Melilla;Total;Total;2018;47
19 Melilla;Total;Total;2017;89
19 Melilla;Total;Total;2016;35
19 Melilla;Total;Total;2015;88
19 Melilla;Total;Total;2014;79
19 Melilla;Total;Total;2013;86
19 Melilla;Total;Española;2021;40
19 Melilla;Total;Española;2020;9
19 Melilla;Total;Española;2019;24
19 Melilla;Total;Española;2018;23
19 Melilla;Total;Española;2017;49
19 Melilla;Total;Española;2016;25
19 Melilla;Total;Española;2015;51
19 Melilla;Total;Española;2014;44
19 Melilla;Total;Española;2013;58
19 Melilla;Total;Extranjera;2021;87
19 Melilla;Total;Extranjera;2020;12
19 Melilla;Total;Extranjera;2019;49
19 Melilla;Total;Extranjera;2018;24
19 Melilla;Total;Extranjera;2017;40
19 Melilla;Total;Extranjera;2016;10
19 Melilla;Total;Extranjera;2015;37
19 Melilla;Total;Extranjera;2014;35
19 Melilla;Total;Extranjera;2013;28
19 Melilla;Hombres;Total;2021;117
19 Melilla;Hombres;Total;2020;19
19 Melilla;Hombres;Total;2019;65
19 Melilla;Hombres;Total;2018;39
19 Melilla;Hombres;Total;2017;82
19 Melilla;Hombres;Total;2016;31
19 Melilla;Hombres;Total;2015;75
19 Melilla;Hombres;Total;2014;72
19 Melilla;Hombres;Total;2013;75
19 Melilla;Hombres;Española;2021;38
19 Melilla;Hombres;Española;2020;9
19 Melilla;Hombres;Española;2019;22
19 Melilla;Hombres;Española;2018;18
19 Melilla;Hombres;Española;2017;44
19 Melilla;Hombres;Española;2016;21
19 Melilla;Hombres;Española;2015;40
19 Melilla;Hombres;Española;2014;38
19 Melilla;Hombres;Española;2013;48
19 Melilla;Hombres;Extranjera;2021;79
19 Melilla;Hombres;Extranjera;2020;10
19 Melilla;Hombres;Extranjera;2019;43
19 Melilla;Hombres;Extranjera;2018;21
19 Melilla;Hombres;Extranjera;2017;38
19 Melilla;Hombres;Extranjera;2016;10
19 Melilla;Hombres;Extranjera;2015;35
19 Melilla;Hombres;Extranjera;2014;34
19 Melilla;Hombres;Extranjera;2013;27
19 Melilla;Mujeres;Total;2021;10
19 Melilla;Mujeres;Total;2020;2
19 Melilla;Mujeres;Total;2019;8
19 Melilla;Mujeres;Total;2018;8
19 Melilla;Mujeres;Total;2017;7
19 Melilla;Mujeres;Total;2016;4
19 Melilla;Mujeres;Total;2015;13
19 Melilla;Mujeres;Total;2014;7
19 Melilla;Mujeres;Total;2013;11
19 Melilla;Mujeres;Española;2021;2
19 Melilla;Mujeres;Española;2020;0
19 Melilla;Mujeres;Española;2019;2
19 Melilla;Mujeres;Española;2018;5
19 Melilla;Mujeres;Española;2017;5
19 Melilla;Mujeres;Española;2016;4
19 Melilla;Mujeres;Española;2015;11
19 Melilla;Mujeres;Española;2014;6
19 Melilla;Mujeres;Española;2013;10
19 Melilla;Mujeres;Extranjera;2021;8
19 Melilla;Mujeres;Extranjera;2020;2
19 Melilla;Mujeres;Extranjera;2019;6
19 Melilla;Mujeres;Extranjera;2018;3
19 Melilla;Mujeres;Extranjera;2017;2
19 Melilla;Mujeres;Extranjera;2016;0
19 Melilla;Mujeres;Extranjera;2015;2
19 Melilla;Mujeres;Extranjera;2014;1
19 Melilla;Mujeres;Extranjera;2013;1
