Comunidades y ciudades autónomas;Sexo;Nacionalidad;Periodo;Total
Total Nacional;Total;Total;2021;282.210
Total Nacional;Total;Total;2020;221.437
Total Nacional;Total;Total;2019;286.931
Total Nacional;Total;Total;2018;286.637
Total Nacional;Total;Total;2017;285.336
Total Nacional;Total;Total;2016;271.526
Total Nacional;Total;Total;2015;222.862
Total Nacional;Total;Total;2014;218.827
Total Nacional;Total;Total;2013;219.776
Total Nacional;Total;Española;2021;212.259
Total Nacional;Total;Española;2020;165.928
Total Nacional;Total;Española;2019;215.287
Total Nacional;Total;Española;2018;218.695
Total Nacional;Total;Española;2017;220.562
Total Nacional;Total;Española;2016;208.564
Total Nacional;Total;Española;2015;170.818
Total Nacional;Total;Española;2014;166.755
Total Nacional;Total;Española;2013;164.789
Total Nacional;Total;Extranjera;2021;69.951
Total Nacional;Total;Extranjera;2020;55.509
Total Nacional;Total;Extranjera;2019;71.644
Total Nacional;Total;Extranjera;2018;67.942
Total Nacional;Total;Extranjera;2017;64.774
Total Nacional;Total;Extranjera;2016;62.962
Total Nacional;Total;Extranjera;2015;52.044
Total Nacional;Total;Extranjera;2014;52.072
Total Nacional;Total;Extranjera;2013;54.987
Total Nacional;Hombres;Total;2021;227.789
Total Nacional;Hombres;Total;2020;178.256
Total Nacional;Hombres;Total;2019;227.722
Total Nacional;Hombres;Total;2018;227.211
Total Nacional;Hombres;Total;2017;225.753
Total Nacional;Hombres;Total;2016;219.280
Total Nacional;Hombres;Total;2015;190.876
Total Nacional;Hombres;Total;2014;191.608
Total Nacional;Hombres;Total;2013;194.596
Total Nacional;Hombres;Española;2021;169.230
Total Nacional;Hombres;Española;2020;132.168
Total Nacional;Hombres;Española;2019;169.316
Total Nacional;Hombres;Española;2018;172.046
Total Nacional;Hombres;Española;2017;173.383
Total Nacional;Hombres;Española;2016;167.331
Total Nacional;Hombres;Española;2015;145.573
Total Nacional;Hombres;Española;2014;145.309
Total Nacional;Hombres;Española;2013;145.433
Total Nacional;Hombres;Extranjera;2021;58.559
Total Nacional;Hombres;Extranjera;2020;46.088
Total Nacional;Hombres;Extranjera;2019;58.406
Total Nacional;Hombres;Extranjera;2018;55.165
Total Nacional;Hombres;Extranjera;2017;52.370
Total Nacional;Hombres;Extranjera;2016;51.949
Total Nacional;Hombres;Extranjera;2015;45.303
Total Nacional;Hombres;Extranjera;2014;46.299
Total Nacional;Hombres;Extranjera;2013;49.163
Total Nacional;Mujeres;Total;2021;54.421
Total Nacional;Mujeres;Total;2020;43.181
Total Nacional;Mujeres;Total;2019;59.209
Total Nacional;Mujeres;Total;2018;59.426
Total Nacional;Mujeres;Total;2017;59.583
Total Nacional;Mujeres;Total;2016;52.246
Total Nacional;Mujeres;Total;2015;31.986
Total Nacional;Mujeres;Total;2014;27.219
Total Nacional;Mujeres;Total;2013;25.180
Total Nacional;Mujeres;Española;2021;43.029
Total Nacional;Mujeres;Española;2020;33.760
Total Nacional;Mujeres;Española;2019;45.971
Total Nacional;Mujeres;Española;2018;46.649
Total Nacional;Mujeres;Española;2017;47.179
Total Nacional;Mujeres;Española;2016;41.233
Total Nacional;Mujeres;Española;2015;25.245
Total Nacional;Mujeres;Española;2014;21.446
Total Nacional;Mujeres;Española;2013;19.356
Total Nacional;Mujeres;Extranjera;2021;11.392
Total Nacional;Mujeres;Extranjera;2020;9.421
Total Nacional;Mujeres;Extranjera;2019;13.238
Total Nacional;Mujeres;Extranjera;2018;12.777
Total Nacional;Mujeres;Extranjera;2017;12.404
Total Nacional;Mujeres;Extranjera;2016;11.013
Total Nacional;Mujeres;Extranjera;2015;6.741
Total Nacional;Mujeres;Extranjera;2014;5.773
Total Nacional;Mujeres;Extranjera;2013;5.824
01 Andalucía;Total;Total;2021;55.397
01 Andalucía;Total;Total;2020;42.464
01 Andalucía;Total;Total;2019;54.848
01 Andalucía;Total;Total;2018;56.893
01 Andalucía;Total;Total;2017;55.657
01 Andalucía;Total;Total;2016;53.174
01 Andalucía;Total;Total;2015;43.851
01 Andalucía;Total;Total;2014;42.564
01 Andalucía;Total;Total;2013;44.033
01 Andalucía;Total;Española;2021;46.442
01 Andalucía;Total;Española;2020;35.859
01 Andalucía;Total;Española;2019;46.444
01 Andalucía;Total;Española;2018;48.512
01 Andalucía;Total;Española;2017;47.837
01 Andalucía;Total;Española;2016;45.283
01 Andalucía;Total;Española;2015;37.199
01 Andalucía;Total;Española;2014;35.708
01 Andalucía;Total;Española;2013;36.605
01 Andalucía;Total;Extranjera;2021;8.955
01 Andalucía;Total;Extranjera;2020;6.605
01 Andalucía;Total;Extranjera;2019;8.404
01 Andalucía;Total;Extranjera;2018;8.381
01 Andalucía;Total;Extranjera;2017;7.820
01 Andalucía;Total;Extranjera;2016;7.891
01 Andalucía;Total;Extranjera;2015;6.652
01 Andalucía;Total;Extranjera;2014;6.856
01 Andalucía;Total;Extranjera;2013;7.428
01 Andalucía;Hombres;Total;2021;44.900
01 Andalucía;Hombres;Total;2020;34.429
01 Andalucía;Hombres;Total;2019;43.624
01 Andalucía;Hombres;Total;2018;44.819
01 Andalucía;Hombres;Total;2017;44.030
01 Andalucía;Hombres;Total;2016;43.106
01 Andalucía;Hombres;Total;2015;37.613
01 Andalucía;Hombres;Total;2014;37.234
01 Andalucía;Hombres;Total;2013;38.902
01 Andalucía;Hombres;Española;2021;37.427
01 Andalucía;Hombres;Española;2020;28.933
01 Andalucía;Hombres;Española;2019;36.775
01 Andalucía;Hombres;Española;2018;38.054
01 Andalucía;Hombres;Española;2017;37.705
01 Andalucía;Hombres;Española;2016;36.560
01 Andalucía;Hombres;Española;2015;31.826
01 Andalucía;Hombres;Española;2014;31.226
01 Andalucía;Hombres;Española;2013;32.326
01 Andalucía;Hombres;Extranjera;2021;7.473
01 Andalucía;Hombres;Extranjera;2020;5.496
01 Andalucía;Hombres;Extranjera;2019;6.849
01 Andalucía;Hombres;Extranjera;2018;6.765
01 Andalucía;Hombres;Extranjera;2017;6.325
01 Andalucía;Hombres;Extranjera;2016;6.546
01 Andalucía;Hombres;Extranjera;2015;5.787
01 Andalucía;Hombres;Extranjera;2014;6.008
01 Andalucía;Hombres;Extranjera;2013;6.576
01 Andalucía;Mujeres;Total;2021;10.497
01 Andalucía;Mujeres;Total;2020;8.035
01 Andalucía;Mujeres;Total;2019;11.224
01 Andalucía;Mujeres;Total;2018;12.074
01 Andalucía;Mujeres;Total;2017;11.627
01 Andalucía;Mujeres;Total;2016;10.068
01 Andalucía;Mujeres;Total;2015;6.238
01 Andalucía;Mujeres;Total;2014;5.330
01 Andalucía;Mujeres;Total;2013;5.131
01 Andalucía;Mujeres;Española;2021;9.015
01 Andalucía;Mujeres;Española;2020;6.926
01 Andalucía;Mujeres;Española;2019;9.669
01 Andalucía;Mujeres;Española;2018;10.458
01 Andalucía;Mujeres;Española;2017;10.132
01 Andalucía;Mujeres;Española;2016;8.723
01 Andalucía;Mujeres;Española;2015;5.373
01 Andalucía;Mujeres;Española;2014;4.482
01 Andalucía;Mujeres;Española;2013;4.279
01 Andalucía;Mujeres;Extranjera;2021;1.482
01 Andalucía;Mujeres;Extranjera;2020;1.109
01 Andalucía;Mujeres;Extranjera;2019;1.555
01 Andalucía;Mujeres;Extranjera;2018;1.616
01 Andalucía;Mujeres;Extranjera;2017;1.495
01 Andalucía;Mujeres;Extranjera;2016;1.345
01 Andalucía;Mujeres;Extranjera;2015;865
01 Andalucía;Mujeres;Extranjera;2014;848
01 Andalucía;Mujeres;Extranjera;2013;852
02 Aragón;Total;Total;2021;6.898
02 Aragón;Total;Total;2020;5.521
02 Aragón;Total;Total;2019;6.742
02 Aragón;Total;Total;2018;6.471
02 Aragón;Total;Total;2017;6.583
02 Aragón;Total;Total;2016;6.696
02 Aragón;Total;Total;2015;5.501
02 Aragón;Total;Total;2014;5.079
02 Aragón;Total;Total;2013;4.931
02 Aragón;Total;Española;2021;4.704
02 Aragón;Total;Española;2020;3.854
02 Aragón;Total;Española;2019;4.790
02 Aragón;Total;Española;2018;4.679
02 Aragón;Total;Española;2017;4.822
02 Aragón;Total;Española;2016;4.877
02 Aragón;Total;Española;2015;4.017
02 Aragón;Total;Española;2014;3.602
02 Aragón;Total;Española;2013;3.447
02 Aragón;Total;Extranjera;2021;2.194
02 Aragón;Total;Extranjera;2020;1.667
02 Aragón;Total;Extranjera;2019;1.952
02 Aragón;Total;Extranjera;2018;1.792
02 Aragón;Total;Extranjera;2017;1.761
02 Aragón;Total;Extranjera;2016;1.819
02 Aragón;Total;Extranjera;2015;1.484
02 Aragón;Total;Extranjera;2014;1.477
02 Aragón;Total;Extranjera;2013;1.484
02 Aragón;Hombres;Total;2021;5.581
02 Aragón;Hombres;Total;2020;4.483
02 Aragón;Hombres;Total;2019;5.391
02 Aragón;Hombres;Total;2018;5.180
02 Aragón;Hombres;Total;2017;5.215
02 Aragón;Hombres;Total;2016;5.380
02 Aragón;Hombres;Total;2015;4.602
02 Aragón;Hombres;Total;2014;4.387
02 Aragón;Hombres;Total;2013;4.361
02 Aragón;Hombres;Española;2021;3.742
02 Aragón;Hombres;Española;2020;3.088
02 Aragón;Hombres;Española;2019;3.772
02 Aragón;Hombres;Española;2018;3.718
02 Aragón;Hombres;Española;2017;3.789
02 Aragón;Hombres;Española;2016;3.872
02 Aragón;Hombres;Española;2015;3.323
02 Aragón;Hombres;Española;2014;3.055
02 Aragón;Hombres;Española;2013;3.036
02 Aragón;Hombres;Extranjera;2021;1.839
02 Aragón;Hombres;Extranjera;2020;1.395
02 Aragón;Hombres;Extranjera;2019;1.619
02 Aragón;Hombres;Extranjera;2018;1.462
02 Aragón;Hombres;Extranjera;2017;1.426
02 Aragón;Hombres;Extranjera;2016;1.508
02 Aragón;Hombres;Extranjera;2015;1.279
02 Aragón;Hombres;Extranjera;2014;1.332
02 Aragón;Hombres;Extranjera;2013;1.325
02 Aragón;Mujeres;Total;2021;1.317
02 Aragón;Mujeres;Total;2020;1.038
02 Aragón;Mujeres;Total;2019;1.351
02 Aragón;Mujeres;Total;2018;1.291
02 Aragón;Mujeres;Total;2017;1.368
02 Aragón;Mujeres;Total;2016;1.316
02 Aragón;Mujeres;Total;2015;899
02 Aragón;Mujeres;Total;2014;692
02 Aragón;Mujeres;Total;2013;570
02 Aragón;Mujeres;Española;2021;962
02 Aragón;Mujeres;Española;2020;766
02 Aragón;Mujeres;Española;2019;1.018
02 Aragón;Mujeres;Española;2018;961
02 Aragón;Mujeres;Española;2017;1.033
02 Aragón;Mujeres;Española;2016;1.005
02 Aragón;Mujeres;Española;2015;694
02 Aragón;Mujeres;Española;2014;547
02 Aragón;Mujeres;Española;2013;411
02 Aragón;Mujeres;Extranjera;2021;355
02 Aragón;Mujeres;Extranjera;2020;272
02 Aragón;Mujeres;Extranjera;2019;333
02 Aragón;Mujeres;Extranjera;2018;330
02 Aragón;Mujeres;Extranjera;2017;335
02 Aragón;Mujeres;Extranjera;2016;311
02 Aragón;Mujeres;Extranjera;2015;205
02 Aragón;Mujeres;Extranjera;2014;145
02 Aragón;Mujeres;Extranjera;2013;159
03 Asturias, Principado de;Total;Total;2021;5.861
03 Asturias, Principado de;Total;Total;2020;4.765
03 Asturias, Principado de;Total;Total;2019;6.202
03 Asturias, Principado de;Total;Total;2018;6.309
03 Asturias, Principado de;Total;Total;2017;6.436
03 Asturias, Principado de;Total;Total;2016;6.311
03 Asturias, Principado de;Total;Total;2015;4.683
03 Asturias, Principado de;Total;Total;2014;4.713
03 Asturias, Principado de;Total;Total;2013;4.702
03 Asturias, Principado de;Total;Española;2021;5.210
03 Asturias, Principado de;Total;Española;2020;4.318
03 Asturias, Principado de;Total;Española;2019;5.590
03 Asturias, Principado de;Total;Española;2018;5.732
03 Asturias, Principado de;Total;Española;2017;5.824
03 Asturias, Principado de;Total;Española;2016;5.670
03 Asturias, Principado de;Total;Española;2015;4.217
03 Asturias, Principado de;Total;Española;2014;4.234
03 Asturias, Principado de;Total;Española;2013;4.214
03 Asturias, Principado de;Total;Extranjera;2021;651
03 Asturias, Principado de;Total;Extranjera;2020;447
03 Asturias, Principado de;Total;Extranjera;2019;612
03 Asturias, Principado de;Total;Extranjera;2018;577
03 Asturias, Principado de;Total;Extranjera;2017;612
03 Asturias, Principado de;Total;Extranjera;2016;641
03 Asturias, Principado de;Total;Extranjera;2015;466
03 Asturias, Principado de;Total;Extranjera;2014;479
03 Asturias, Principado de;Total;Extranjera;2013;488
03 Asturias, Principado de;Hombres;Total;2021;4.659
03 Asturias, Principado de;Hombres;Total;2020;3.727
03 Asturias, Principado de;Hombres;Total;2019;4.815
03 Asturias, Principado de;Hombres;Total;2018;4.930
03 Asturias, Principado de;Hombres;Total;2017;5.085
03 Asturias, Principado de;Hombres;Total;2016;5.093
03 Asturias, Principado de;Hombres;Total;2015;3.982
03 Asturias, Principado de;Hombres;Total;2014;4.094
03 Asturias, Principado de;Hombres;Total;2013;4.146
03 Asturias, Principado de;Hombres;Española;2021;4.166
03 Asturias, Principado de;Hombres;Española;2020;3.386
03 Asturias, Principado de;Hombres;Española;2019;4.358
03 Asturias, Principado de;Hombres;Española;2018;4.498
03 Asturias, Principado de;Hombres;Española;2017;4.620
03 Asturias, Principado de;Hombres;Española;2016;4.583
03 Asturias, Principado de;Hombres;Española;2015;3.610
03 Asturias, Principado de;Hombres;Española;2014;3.695
03 Asturias, Principado de;Hombres;Española;2013;3.726
03 Asturias, Principado de;Hombres;Extranjera;2021;493
03 Asturias, Principado de;Hombres;Extranjera;2020;341
03 Asturias, Principado de;Hombres;Extranjera;2019;457
03 Asturias, Principado de;Hombres;Extranjera;2018;432
03 Asturias, Principado de;Hombres;Extranjera;2017;465
03 Asturias, Principado de;Hombres;Extranjera;2016;510
03 Asturias, Principado de;Hombres;Extranjera;2015;372
03 Asturias, Principado de;Hombres;Extranjera;2014;399
03 Asturias, Principado de;Hombres;Extranjera;2013;420
03 Asturias, Principado de;Mujeres;Total;2021;1.202
03 Asturias, Principado de;Mujeres;Total;2020;1.038
03 Asturias, Principado de;Mujeres;Total;2019;1.387
03 Asturias, Principado de;Mujeres;Total;2018;1.379
03 Asturias, Principado de;Mujeres;Total;2017;1.351
03 Asturias, Principado de;Mujeres;Total;2016;1.218
03 Asturias, Principado de;Mujeres;Total;2015;701
03 Asturias, Principado de;Mujeres;Total;2014;619
03 Asturias, Principado de;Mujeres;Total;2013;556
03 Asturias, Principado de;Mujeres;Española;2021;1.044
03 Asturias, Principado de;Mujeres;Española;2020;932
03 Asturias, Principado de;Mujeres;Española;2019;1.232
03 Asturias, Principado de;Mujeres;Española;2018;1.234
03 Asturias, Principado de;Mujeres;Española;2017;1.204
03 Asturias, Principado de;Mujeres;Española;2016;1.087
03 Asturias, Principado de;Mujeres;Española;2015;607
03 Asturias, Principado de;Mujeres;Española;2014;539
03 Asturias, Principado de;Mujeres;Española;2013;488
03 Asturias, Principado de;Mujeres;Extranjera;2021;158
03 Asturias, Principado de;Mujeres;Extranjera;2020;106
03 Asturias, Principado de;Mujeres;Extranjera;2019;155
03 Asturias, Principado de;Mujeres;Extranjera;2018;145
03 Asturias, Principado de;Mujeres;Extranjera;2017;147
03 Asturias, Principado de;Mujeres;Extranjera;2016;131
03 Asturias, Principado de;Mujeres;Extranjera;2015;94
03 Asturias, Principado de;Mujeres;Extranjera;2014;80
03 Asturias, Principado de;Mujeres;Extranjera;2013;68
04 Balears, Illes;Total;Total;2021;8.946
04 Balears, Illes;Total;Total;2020;6.471
04 Balears, Illes;Total;Total;2019;8.336
04 Balears, Illes;Total;Total;2018;8.216
04 Balears, Illes;Total;Total;2017;8.239
04 Balears, Illes;Total;Total;2016;7.701
04 Balears, Illes;Total;Total;2015;6.851
04 Balears, Illes;Total;Total;2014;7.177
04 Balears, Illes;Total;Total;2013;7.094
04 Balears, Illes;Total;Española;2021;5.930
04 Balears, Illes;Total;Española;2020;4.350
04 Balears, Illes;Total;Española;2019;5.409
04 Balears, Illes;Total;Española;2018;5.427
04 Balears, Illes;Total;Española;2017;5.673
04 Balears, Illes;Total;Española;2016;5.280
04 Balears, Illes;Total;Española;2015;4.681
04 Balears, Illes;Total;Española;2014;4.774
04 Balears, Illes;Total;Española;2013;4.719
04 Balears, Illes;Total;Extranjera;2021;3.016
04 Balears, Illes;Total;Extranjera;2020;2.121
04 Balears, Illes;Total;Extranjera;2019;2.927
04 Balears, Illes;Total;Extranjera;2018;2.789
04 Balears, Illes;Total;Extranjera;2017;2.566
04 Balears, Illes;Total;Extranjera;2016;2.421
04 Balears, Illes;Total;Extranjera;2015;2.170
04 Balears, Illes;Total;Extranjera;2014;2.403
04 Balears, Illes;Total;Extranjera;2013;2.375
04 Balears, Illes;Hombres;Total;2021;7.190
04 Balears, Illes;Hombres;Total;2020;5.235
04 Balears, Illes;Hombres;Total;2019;6.761
04 Balears, Illes;Hombres;Total;2018;6.605
04 Balears, Illes;Hombres;Total;2017;6.697
04 Balears, Illes;Hombres;Total;2016;6.446
04 Balears, Illes;Hombres;Total;2015;5.818
04 Balears, Illes;Hombres;Total;2014;6.154
04 Balears, Illes;Hombres;Total;2013;6.173
04 Balears, Illes;Hombres;Española;2021;4.656
04 Balears, Illes;Hombres;Española;2020;3.457
04 Balears, Illes;Hombres;Española;2019;4.303
04 Balears, Illes;Hombres;Española;2018;4.322
04 Balears, Illes;Hombres;Española;2017;4.549
04 Balears, Illes;Hombres;Española;2016;4.378
04 Balears, Illes;Hombres;Española;2015;3.973
04 Balears, Illes;Hombres;Española;2014;4.084
04 Balears, Illes;Hombres;Española;2013;4.082
04 Balears, Illes;Hombres;Extranjera;2021;2.534
04 Balears, Illes;Hombres;Extranjera;2020;1.778
04 Balears, Illes;Hombres;Extranjera;2019;2.458
04 Balears, Illes;Hombres;Extranjera;2018;2.283
04 Balears, Illes;Hombres;Extranjera;2017;2.148
04 Balears, Illes;Hombres;Extranjera;2016;2.068
04 Balears, Illes;Hombres;Extranjera;2015;1.845
04 Balears, Illes;Hombres;Extranjera;2014;2.070
04 Balears, Illes;Hombres;Extranjera;2013;2.091
04 Balears, Illes;Mujeres;Total;2021;1.756
04 Balears, Illes;Mujeres;Total;2020;1.236
04 Balears, Illes;Mujeres;Total;2019;1.575
04 Balears, Illes;Mujeres;Total;2018;1.611
04 Balears, Illes;Mujeres;Total;2017;1.542
04 Balears, Illes;Mujeres;Total;2016;1.255
04 Balears, Illes;Mujeres;Total;2015;1.033
04 Balears, Illes;Mujeres;Total;2014;1.023
04 Balears, Illes;Mujeres;Total;2013;921
04 Balears, Illes;Mujeres;Española;2021;1.274
04 Balears, Illes;Mujeres;Española;2020;893
04 Balears, Illes;Mujeres;Española;2019;1.106
04 Balears, Illes;Mujeres;Española;2018;1.105
04 Balears, Illes;Mujeres;Española;2017;1.124
04 Balears, Illes;Mujeres;Española;2016;902
04 Balears, Illes;Mujeres;Española;2015;708
04 Balears, Illes;Mujeres;Española;2014;690
04 Balears, Illes;Mujeres;Española;2013;637
04 Balears, Illes;Mujeres;Extranjera;2021;482
04 Balears, Illes;Mujeres;Extranjera;2020;343
04 Balears, Illes;Mujeres;Extranjera;2019;469
04 Balears, Illes;Mujeres;Extranjera;2018;506
04 Balears, Illes;Mujeres;Extranjera;2017;418
04 Balears, Illes;Mujeres;Extranjera;2016;353
04 Balears, Illes;Mujeres;Extranjera;2015;325
04 Balears, Illes;Mujeres;Extranjera;2014;333
04 Balears, Illes;Mujeres;Extranjera;2013;284
05 Canarias;Total;Total;2021;16.032
05 Canarias;Total;Total;2020;12.307
05 Canarias;Total;Total;2019;15.481
05 Canarias;Total;Total;2018;15.520
05 Canarias;Total;Total;2017;15.589
05 Canarias;Total;Total;2016;15.139
05 Canarias;Total;Total;2015;12.603
05 Canarias;Total;Total;2014;12.400
05 Canarias;Total;Total;2013;11.756
05 Canarias;Total;Española;2021;12.887
05 Canarias;Total;Española;2020;10.059
05 Canarias;Total;Española;2019;12.498
05 Canarias;Total;Española;2018;12.736
05 Canarias;Total;Española;2017;12.914
05 Canarias;Total;Española;2016;12.696
05 Canarias;Total;Española;2015;10.520
05 Canarias;Total;Española;2014;10.334
05 Canarias;Total;Española;2013;9.660
05 Canarias;Total;Extranjera;2021;3.145
05 Canarias;Total;Extranjera;2020;2.248
05 Canarias;Total;Extranjera;2019;2.983
05 Canarias;Total;Extranjera;2018;2.784
05 Canarias;Total;Extranjera;2017;2.675
05 Canarias;Total;Extranjera;2016;2.443
05 Canarias;Total;Extranjera;2015;2.083
05 Canarias;Total;Extranjera;2014;2.066
05 Canarias;Total;Extranjera;2013;2.096
05 Canarias;Hombres;Total;2021;13.257
05 Canarias;Hombres;Total;2020;10.229
05 Canarias;Hombres;Total;2019;12.632
05 Canarias;Hombres;Total;2018;12.762
05 Canarias;Hombres;Total;2017;12.809
05 Canarias;Hombres;Total;2016;12.545
05 Canarias;Hombres;Total;2015;10.992
05 Canarias;Hombres;Total;2014;11.035
05 Canarias;Hombres;Total;2013;10.535
05 Canarias;Hombres;Española;2021;10.574
05 Canarias;Hombres;Española;2020;8.328
05 Canarias;Hombres;Española;2019;10.125
05 Canarias;Hombres;Española;2018;10.443
05 Canarias;Hombres;Española;2017;10.610
05 Canarias;Hombres;Española;2016;10.496
05 Canarias;Hombres;Española;2015;9.179
05 Canarias;Hombres;Española;2014;9.211
05 Canarias;Hombres;Española;2013;8.700
05 Canarias;Hombres;Extranjera;2021;2.683
05 Canarias;Hombres;Extranjera;2020;1.901
05 Canarias;Hombres;Extranjera;2019;2.507
05 Canarias;Hombres;Extranjera;2018;2.319
05 Canarias;Hombres;Extranjera;2017;2.199
05 Canarias;Hombres;Extranjera;2016;2.049
05 Canarias;Hombres;Extranjera;2015;1.813
05 Canarias;Hombres;Extranjera;2014;1.824
05 Canarias;Hombres;Extranjera;2013;1.835
05 Canarias;Mujeres;Total;2021;2.775
05 Canarias;Mujeres;Total;2020;2.078
05 Canarias;Mujeres;Total;2019;2.849
05 Canarias;Mujeres;Total;2018;2.758
05 Canarias;Mujeres;Total;2017;2.780
05 Canarias;Mujeres;Total;2016;2.594
05 Canarias;Mujeres;Total;2015;1.611
05 Canarias;Mujeres;Total;2014;1.365
05 Canarias;Mujeres;Total;2013;1.221
05 Canarias;Mujeres;Española;2021;2.313
05 Canarias;Mujeres;Española;2020;1.731
05 Canarias;Mujeres;Española;2019;2.373
05 Canarias;Mujeres;Española;2018;2.293
05 Canarias;Mujeres;Española;2017;2.304
05 Canarias;Mujeres;Española;2016;2.200
05 Canarias;Mujeres;Española;2015;1.341
05 Canarias;Mujeres;Española;2014;1.123
05 Canarias;Mujeres;Española;2013;960
05 Canarias;Mujeres;Extranjera;2021;462
05 Canarias;Mujeres;Extranjera;2020;347
05 Canarias;Mujeres;Extranjera;2019;476
05 Canarias;Mujeres;Extranjera;2018;465
05 Canarias;Mujeres;Extranjera;2017;476
05 Canarias;Mujeres;Extranjera;2016;394
05 Canarias;Mujeres;Extranjera;2015;270
05 Canarias;Mujeres;Extranjera;2014;242
05 Canarias;Mujeres;Extranjera;2013;261
06 Cantabria;Total;Total;2021;3.646
06 Cantabria;Total;Total;2020;2.962
06 Cantabria;Total;Total;2019;3.475
06 Cantabria;Total;Total;2018;3.450
06 Cantabria;Total;Total;2017;3.320
06 Cantabria;Total;Total;2016;3.370
06 Cantabria;Total;Total;2015;2.580
06 Cantabria;Total;Total;2014;2.622
06 Cantabria;Total;Total;2013;2.618
06 Cantabria;Total;Española;2021;3.113
06 Cantabria;Total;Española;2020;2.496
06 Cantabria;Total;Española;2019;2.955
06 Cantabria;Total;Española;2018;2.957
06 Cantabria;Total;Española;2017;2.881
06 Cantabria;Total;Española;2016;2.897
06 Cantabria;Total;Española;2015;2.182
06 Cantabria;Total;Española;2014;2.222
06 Cantabria;Total;Española;2013;2.173
06 Cantabria;Total;Extranjera;2021;533
06 Cantabria;Total;Extranjera;2020;466
06 Cantabria;Total;Extranjera;2019;520
06 Cantabria;Total;Extranjera;2018;493
06 Cantabria;Total;Extranjera;2017;439
06 Cantabria;Total;Extranjera;2016;473
06 Cantabria;Total;Extranjera;2015;398
06 Cantabria;Total;Extranjera;2014;400
06 Cantabria;Total;Extranjera;2013;445
06 Cantabria;Hombres;Total;2021;2.890
06 Cantabria;Hombres;Total;2020;2.379
06 Cantabria;Hombres;Total;2019;2.764
06 Cantabria;Hombres;Total;2018;2.707
06 Cantabria;Hombres;Total;2017;2.668
06 Cantabria;Hombres;Total;2016;2.725
06 Cantabria;Hombres;Total;2015;2.204
06 Cantabria;Hombres;Total;2014;2.284
06 Cantabria;Hombres;Total;2013;2.280
06 Cantabria;Hombres;Española;2021;2.453
06 Cantabria;Hombres;Española;2020;1.990
06 Cantabria;Hombres;Española;2019;2.343
06 Cantabria;Hombres;Española;2018;2.349
06 Cantabria;Hombres;Española;2017;2.325
06 Cantabria;Hombres;Española;2016;2.352
06 Cantabria;Hombres;Española;2015;1.867
06 Cantabria;Hombres;Española;2014;1.947
06 Cantabria;Hombres;Española;2013;1.910
06 Cantabria;Hombres;Extranjera;2021;437
06 Cantabria;Hombres;Extranjera;2020;389
06 Cantabria;Hombres;Extranjera;2019;421
06 Cantabria;Hombres;Extranjera;2018;358
06 Cantabria;Hombres;Extranjera;2017;343
06 Cantabria;Hombres;Extranjera;2016;373
06 Cantabria;Hombres;Extranjera;2015;337
06 Cantabria;Hombres;Extranjera;2014;337
06 Cantabria;Hombres;Extranjera;2013;370
06 Cantabria;Mujeres;Total;2021;756
06 Cantabria;Mujeres;Total;2020;583
06 Cantabria;Mujeres;Total;2019;711
06 Cantabria;Mujeres;Total;2018;743
06 Cantabria;Mujeres;Total;2017;652
06 Cantabria;Mujeres;Total;2016;645
06 Cantabria;Mujeres;Total;2015;376
06 Cantabria;Mujeres;Total;2014;338
06 Cantabria;Mujeres;Total;2013;338
06 Cantabria;Mujeres;Española;2021;660
06 Cantabria;Mujeres;Española;2020;506
06 Cantabria;Mujeres;Española;2019;612
06 Cantabria;Mujeres;Española;2018;608
06 Cantabria;Mujeres;Española;2017;556
06 Cantabria;Mujeres;Española;2016;545
06 Cantabria;Mujeres;Española;2015;315
06 Cantabria;Mujeres;Española;2014;275
06 Cantabria;Mujeres;Española;2013;263
06 Cantabria;Mujeres;Extranjera;2021;96
06 Cantabria;Mujeres;Extranjera;2020;77
06 Cantabria;Mujeres;Extranjera;2019;99
06 Cantabria;Mujeres;Extranjera;2018;135
06 Cantabria;Mujeres;Extranjera;2017;96
06 Cantabria;Mujeres;Extranjera;2016;100
06 Cantabria;Mujeres;Extranjera;2015;61
06 Cantabria;Mujeres;Extranjera;2014;63
06 Cantabria;Mujeres;Extranjera;2013;75
07 Castilla y León;Total;Total;2021;11.851
07 Castilla y León;Total;Total;2020;8.674
07 Castilla y León;Total;Total;2019;11.501
07 Castilla y León;Total;Total;2018;11.486
07 Castilla y León;Total;Total;2017;11.434
07 Castilla y León;Total;Total;2016;10.551
07 Castilla y León;Total;Total;2015;8.962
07 Castilla y León;Total;Total;2014;9.009
07 Castilla y León;Total;Total;2013;9.596
07 Castilla y León;Total;Española;2021;10.012
07 Castilla y León;Total;Española;2020;7.332
07 Castilla y León;Total;Española;2019;9.760
07 Castilla y León;Total;Española;2018;9.782
07 Castilla y León;Total;Española;2017;9.675
07 Castilla y León;Total;Española;2016;8.822
07 Castilla y León;Total;Española;2015;7.501
07 Castilla y León;Total;Española;2014;7.471
07 Castilla y León;Total;Española;2013;7.834
07 Castilla y León;Total;Extranjera;2021;1.839
07 Castilla y León;Total;Extranjera;2020;1.342
07 Castilla y León;Total;Extranjera;2019;1.741
07 Castilla y León;Total;Extranjera;2018;1.704
07 Castilla y León;Total;Extranjera;2017;1.759
07 Castilla y León;Total;Extranjera;2016;1.729
07 Castilla y León;Total;Extranjera;2015;1.461
07 Castilla y León;Total;Extranjera;2014;1.538
07 Castilla y León;Total;Extranjera;2013;1.762
07 Castilla y León;Hombres;Total;2021;9.458
07 Castilla y León;Hombres;Total;2020;6.922
07 Castilla y León;Hombres;Total;2019;9.148
07 Castilla y León;Hombres;Total;2018;9.059
07 Castilla y León;Hombres;Total;2017;9.111
07 Castilla y León;Hombres;Total;2016;8.628
07 Castilla y León;Hombres;Total;2015;7.734
07 Castilla y León;Hombres;Total;2014;7.918
07 Castilla y León;Hombres;Total;2013;8.542
07 Castilla y León;Hombres;Española;2021;7.951
07 Castilla y León;Hombres;Española;2020;5.826
07 Castilla y León;Hombres;Española;2019;7.742
07 Castilla y León;Hombres;Española;2018;7.663
07 Castilla y León;Hombres;Española;2017;7.687
07 Castilla y León;Hombres;Española;2016;7.155
07 Castilla y León;Hombres;Española;2015;6.475
07 Castilla y León;Hombres;Española;2014;6.558
07 Castilla y León;Hombres;Española;2013;6.976
07 Castilla y León;Hombres;Extranjera;2021;1.507
07 Castilla y León;Hombres;Extranjera;2020;1.096
07 Castilla y León;Hombres;Extranjera;2019;1.406
07 Castilla y León;Hombres;Extranjera;2018;1.396
07 Castilla y León;Hombres;Extranjera;2017;1.424
07 Castilla y León;Hombres;Extranjera;2016;1.473
07 Castilla y León;Hombres;Extranjera;2015;1.259
07 Castilla y León;Hombres;Extranjera;2014;1.360
07 Castilla y León;Hombres;Extranjera;2013;1.566
07 Castilla y León;Mujeres;Total;2021;2.393
07 Castilla y León;Mujeres;Total;2020;1.752
07 Castilla y León;Mujeres;Total;2019;2.353
07 Castilla y León;Mujeres;Total;2018;2.427
07 Castilla y León;Mujeres;Total;2017;2.323
07 Castilla y León;Mujeres;Total;2016;1.923
07 Castilla y León;Mujeres;Total;2015;1.228
07 Castilla y León;Mujeres;Total;2014;1.091
07 Castilla y León;Mujeres;Total;2013;1.054
07 Castilla y León;Mujeres;Española;2021;2.061
07 Castilla y León;Mujeres;Española;2020;1.506
07 Castilla y León;Mujeres;Española;2019;2.018
07 Castilla y León;Mujeres;Española;2018;2.119
07 Castilla y León;Mujeres;Española;2017;1.988
07 Castilla y León;Mujeres;Española;2016;1.667
07 Castilla y León;Mujeres;Española;2015;1.026
07 Castilla y León;Mujeres;Española;2014;913
07 Castilla y León;Mujeres;Española;2013;858
07 Castilla y León;Mujeres;Extranjera;2021;332
07 Castilla y León;Mujeres;Extranjera;2020;246
07 Castilla y León;Mujeres;Extranjera;2019;335
07 Castilla y León;Mujeres;Extranjera;2018;308
07 Castilla y León;Mujeres;Extranjera;2017;335
07 Castilla y León;Mujeres;Extranjera;2016;256
07 Castilla y León;Mujeres;Extranjera;2015;202
07 Castilla y León;Mujeres;Extranjera;2014;178
07 Castilla y León;Mujeres;Extranjera;2013;196
08 Castilla - La Mancha;Total;Total;2021;9.649
08 Castilla - La Mancha;Total;Total;2020;7.476
08 Castilla - La Mancha;Total;Total;2019;9.464
08 Castilla - La Mancha;Total;Total;2018;9.280
08 Castilla - La Mancha;Total;Total;2017;9.153
08 Castilla - La Mancha;Total;Total;2016;8.679
08 Castilla - La Mancha;Total;Total;2015;8.224
08 Castilla - La Mancha;Total;Total;2014;8.399
08 Castilla - La Mancha;Total;Total;2013;8.344
08 Castilla - La Mancha;Total;Española;2021;7.727
08 Castilla - La Mancha;Total;Española;2020;5.983
08 Castilla - La Mancha;Total;Española;2019;7.651
08 Castilla - La Mancha;Total;Española;2018;7.592
08 Castilla - La Mancha;Total;Española;2017;7.440
08 Castilla - La Mancha;Total;Española;2016;6.993
08 Castilla - La Mancha;Total;Española;2015;6.578
08 Castilla - La Mancha;Total;Española;2014;6.681
08 Castilla - La Mancha;Total;Española;2013;6.402
08 Castilla - La Mancha;Total;Extranjera;2021;1.922
08 Castilla - La Mancha;Total;Extranjera;2020;1.493
08 Castilla - La Mancha;Total;Extranjera;2019;1.813
08 Castilla - La Mancha;Total;Extranjera;2018;1.688
08 Castilla - La Mancha;Total;Extranjera;2017;1.713
08 Castilla - La Mancha;Total;Extranjera;2016;1.686
08 Castilla - La Mancha;Total;Extranjera;2015;1.646
08 Castilla - La Mancha;Total;Extranjera;2014;1.718
08 Castilla - La Mancha;Total;Extranjera;2013;1.942
08 Castilla - La Mancha;Hombres;Total;2021;8.018
08 Castilla - La Mancha;Hombres;Total;2020;6.180
08 Castilla - La Mancha;Hombres;Total;2019;7.850
08 Castilla - La Mancha;Hombres;Total;2018;7.691
08 Castilla - La Mancha;Hombres;Total;2017;7.584
08 Castilla - La Mancha;Hombres;Total;2016;7.430
08 Castilla - La Mancha;Hombres;Total;2015;7.309
08 Castilla - La Mancha;Hombres;Total;2014;7.464
08 Castilla - La Mancha;Hombres;Total;2013;7.566
08 Castilla - La Mancha;Hombres;Española;2021;6.356
08 Castilla - La Mancha;Hombres;Española;2020;4.874
08 Castilla - La Mancha;Hombres;Española;2019;6.297
08 Castilla - La Mancha;Hombres;Española;2018;6.272
08 Castilla - La Mancha;Hombres;Española;2017;6.113
08 Castilla - La Mancha;Hombres;Española;2016;5.955
08 Castilla - La Mancha;Hombres;Española;2015;5.811
08 Castilla - La Mancha;Hombres;Española;2014;5.898
08 Castilla - La Mancha;Hombres;Española;2013;5.773
08 Castilla - La Mancha;Hombres;Extranjera;2021;1.662
08 Castilla - La Mancha;Hombres;Extranjera;2020;1.306
08 Castilla - La Mancha;Hombres;Extranjera;2019;1.553
08 Castilla - La Mancha;Hombres;Extranjera;2018;1.419
08 Castilla - La Mancha;Hombres;Extranjera;2017;1.471
08 Castilla - La Mancha;Hombres;Extranjera;2016;1.475
08 Castilla - La Mancha;Hombres;Extranjera;2015;1.498
08 Castilla - La Mancha;Hombres;Extranjera;2014;1.566
08 Castilla - La Mancha;Hombres;Extranjera;2013;1.793
08 Castilla - La Mancha;Mujeres;Total;2021;1.631
08 Castilla - La Mancha;Mujeres;Total;2020;1.296
08 Castilla - La Mancha;Mujeres;Total;2019;1.614
08 Castilla - La Mancha;Mujeres;Total;2018;1.589
08 Castilla - La Mancha;Mujeres;Total;2017;1.569
08 Castilla - La Mancha;Mujeres;Total;2016;1.249
08 Castilla - La Mancha;Mujeres;Total;2015;915
08 Castilla - La Mancha;Mujeres;Total;2014;935
08 Castilla - La Mancha;Mujeres;Total;2013;778
08 Castilla - La Mancha;Mujeres;Española;2021;1.371
08 Castilla - La Mancha;Mujeres;Española;2020;1.109
08 Castilla - La Mancha;Mujeres;Española;2019;1.354
08 Castilla - La Mancha;Mujeres;Española;2018;1.320
08 Castilla - La Mancha;Mujeres;Española;2017;1.327
08 Castilla - La Mancha;Mujeres;Española;2016;1.038
08 Castilla - La Mancha;Mujeres;Española;2015;767
08 Castilla - La Mancha;Mujeres;Española;2014;783
08 Castilla - La Mancha;Mujeres;Española;2013;629
08 Castilla - La Mancha;Mujeres;Extranjera;2021;260
08 Castilla - La Mancha;Mujeres;Extranjera;2020;187
08 Castilla - La Mancha;Mujeres;Extranjera;2019;260
08 Castilla - La Mancha;Mujeres;Extranjera;2018;269
08 Castilla - La Mancha;Mujeres;Extranjera;2017;242
08 Castilla - La Mancha;Mujeres;Extranjera;2016;211
08 Castilla - La Mancha;Mujeres;Extranjera;2015;148
08 Castilla - La Mancha;Mujeres;Extranjera;2014;152
08 Castilla - La Mancha;Mujeres;Extranjera;2013;149
09 Cataluña;Total;Total;2021;44.587
09 Cataluña;Total;Total;2020;35.190
09 Cataluña;Total;Total;2019;46.183
09 Cataluña;Total;Total;2018;44.702
09 Cataluña;Total;Total;2017;44.720
09 Cataluña;Total;Total;2016;43.230
09 Cataluña;Total;Total;2015;34.955
09 Cataluña;Total;Total;2014;32.840
09 Cataluña;Total;Total;2013;32.120
09 Cataluña;Total;Española;2021;27.687
09 Cataluña;Total;Española;2020;20.963
09 Cataluña;Total;Española;2019;27.997
09 Cataluña;Total;Española;2018;28.677
09 Cataluña;Total;Española;2017;29.525
09 Cataluña;Total;Española;2016;27.981
09 Cataluña;Total;Española;2015;23.040
09 Cataluña;Total;Española;2014;22.017
09 Cataluña;Total;Española;2013;21.110
09 Cataluña;Total;Extranjera;2021;16.900
09 Cataluña;Total;Extranjera;2020;14.227
09 Cataluña;Total;Extranjera;2019;18.186
09 Cataluña;Total;Extranjera;2018;16.025
09 Cataluña;Total;Extranjera;2017;15.195
09 Cataluña;Total;Extranjera;2016;15.249
09 Cataluña;Total;Extranjera;2015;11.915
09 Cataluña;Total;Extranjera;2014;10.823
09 Cataluña;Total;Extranjera;2013;11.010
09 Cataluña;Hombres;Total;2021;36.799
09 Cataluña;Hombres;Total;2020;28.574
09 Cataluña;Hombres;Total;2019;37.157
09 Cataluña;Hombres;Total;2018;36.103
09 Cataluña;Hombres;Total;2017;35.581
09 Cataluña;Hombres;Total;2016;35.095
09 Cataluña;Hombres;Total;2015;29.981
09 Cataluña;Hombres;Total;2014;29.103
09 Cataluña;Hombres;Total;2013;28.625
09 Cataluña;Hombres;Española;2021;22.243
09 Cataluña;Hombres;Española;2020;16.641
09 Cataluña;Hombres;Española;2019;22.075
09 Cataluña;Hombres;Española;2018;22.799
09 Cataluña;Hombres;Española;2017;23.165
09 Cataluña;Hombres;Española;2016;22.415
09 Cataluña;Hombres;Española;2015;19.528
09 Cataluña;Hombres;Española;2014;19.273
09 Cataluña;Hombres;Española;2013;18.598
09 Cataluña;Hombres;Extranjera;2021;14.556
09 Cataluña;Hombres;Extranjera;2020;11.933
09 Cataluña;Hombres;Extranjera;2019;15.082
09 Cataluña;Hombres;Extranjera;2018;13.304
09 Cataluña;Hombres;Extranjera;2017;12.416
09 Cataluña;Hombres;Extranjera;2016;12.680
09 Cataluña;Hombres;Extranjera;2015;10.453
09 Cataluña;Hombres;Extranjera;2014;9.830
09 Cataluña;Hombres;Extranjera;2013;10.027
09 Cataluña;Mujeres;Total;2021;7.788
09 Cataluña;Mujeres;Total;2020;6.616
09 Cataluña;Mujeres;Total;2019;9.026
09 Cataluña;Mujeres;Total;2018;8.599
09 Cataluña;Mujeres;Total;2017;9.139
09 Cataluña;Mujeres;Total;2016;8.135
09 Cataluña;Mujeres;Total;2015;4.974
09 Cataluña;Mujeres;Total;2014;3.737
09 Cataluña;Mujeres;Total;2013;3.495
09 Cataluña;Mujeres;Española;2021;5.444
09 Cataluña;Mujeres;Española;2020;4.322
09 Cataluña;Mujeres;Española;2019;5.922
09 Cataluña;Mujeres;Española;2018;5.878
09 Cataluña;Mujeres;Española;2017;6.360
09 Cataluña;Mujeres;Española;2016;5.566
09 Cataluña;Mujeres;Española;2015;3.512
09 Cataluña;Mujeres;Española;2014;2.744
09 Cataluña;Mujeres;Española;2013;2.512
09 Cataluña;Mujeres;Extranjera;2021;2.344
09 Cataluña;Mujeres;Extranjera;2020;2.294
09 Cataluña;Mujeres;Extranjera;2019;3.104
09 Cataluña;Mujeres;Extranjera;2018;2.721
09 Cataluña;Mujeres;Extranjera;2017;2.779
09 Cataluña;Mujeres;Extranjera;2016;2.569
09 Cataluña;Mujeres;Extranjera;2015;1.462
09 Cataluña;Mujeres;Extranjera;2014;993
09 Cataluña;Mujeres;Extranjera;2013;983
10 Comunitat Valenciana;Total;Total;2021;34.927
10 Comunitat Valenciana;Total;Total;2020;28.591
10 Comunitat Valenciana;Total;Total;2019;37.413
10 Comunitat Valenciana;Total;Total;2018;36.851
10 Comunitat Valenciana;Total;Total;2017;35.668
10 Comunitat Valenciana;Total;Total;2016;33.383
10 Comunitat Valenciana;Total;Total;2015;27.308
10 Comunitat Valenciana;Total;Total;2014;27.144
10 Comunitat Valenciana;Total;Total;2013;26.678
10 Comunitat Valenciana;Total;Española;2021;25.751
10 Comunitat Valenciana;Total;Española;2020;21.242
10 Comunitat Valenciana;Total;Española;2019;27.923
10 Comunitat Valenciana;Total;Española;2018;27.750
10 Comunitat Valenciana;Total;Española;2017;27.533
10 Comunitat Valenciana;Total;Española;2016;25.452
10 Comunitat Valenciana;Total;Española;2015;20.762
10 Comunitat Valenciana;Total;Española;2014;20.543
10 Comunitat Valenciana;Total;Española;2013;19.804
10 Comunitat Valenciana;Total;Extranjera;2021;9.176
10 Comunitat Valenciana;Total;Extranjera;2020;7.349
10 Comunitat Valenciana;Total;Extranjera;2019;9.490
10 Comunitat Valenciana;Total;Extranjera;2018;9.101
10 Comunitat Valenciana;Total;Extranjera;2017;8.135
10 Comunitat Valenciana;Total;Extranjera;2016;7.931
10 Comunitat Valenciana;Total;Extranjera;2015;6.546
10 Comunitat Valenciana;Total;Extranjera;2014;6.601
10 Comunitat Valenciana;Total;Extranjera;2013;6.874
10 Comunitat Valenciana;Hombres;Total;2021;27.893
10 Comunitat Valenciana;Hombres;Total;2020;22.882
10 Comunitat Valenciana;Hombres;Total;2019;29.363
10 Comunitat Valenciana;Hombres;Total;2018;28.973
10 Comunitat Valenciana;Hombres;Total;2017;28.339
10 Comunitat Valenciana;Hombres;Total;2016;26.710
10 Comunitat Valenciana;Hombres;Total;2015;22.913
10 Comunitat Valenciana;Hombres;Total;2014;23.305
10 Comunitat Valenciana;Hombres;Total;2013;23.146
10 Comunitat Valenciana;Hombres;Española;2021;20.276
10 Comunitat Valenciana;Hombres;Española;2020;16.770
10 Comunitat Valenciana;Hombres;Española;2019;21.684
10 Comunitat Valenciana;Hombres;Española;2018;21.596
10 Comunitat Valenciana;Hombres;Española;2017;21.689
10 Comunitat Valenciana;Hombres;Española;2016;20.178
10 Comunitat Valenciana;Hombres;Española;2015;17.246
10 Comunitat Valenciana;Hombres;Española;2014;17.467
10 Comunitat Valenciana;Hombres;Española;2013;17.057
10 Comunitat Valenciana;Hombres;Extranjera;2021;7.617
10 Comunitat Valenciana;Hombres;Extranjera;2020;6.112
10 Comunitat Valenciana;Hombres;Extranjera;2019;7.679
10 Comunitat Valenciana;Hombres;Extranjera;2018;7.377
10 Comunitat Valenciana;Hombres;Extranjera;2017;6.650
10 Comunitat Valenciana;Hombres;Extranjera;2016;6.532
10 Comunitat Valenciana;Hombres;Extranjera;2015;5.667
10 Comunitat Valenciana;Hombres;Extranjera;2014;5.838
10 Comunitat Valenciana;Hombres;Extranjera;2013;6.089
10 Comunitat Valenciana;Mujeres;Total;2021;7.034
10 Comunitat Valenciana;Mujeres;Total;2020;5.709
10 Comunitat Valenciana;Mujeres;Total;2019;8.050
10 Comunitat Valenciana;Mujeres;Total;2018;7.878
10 Comunitat Valenciana;Mujeres;Total;2017;7.329
10 Comunitat Valenciana;Mujeres;Total;2016;6.673
10 Comunitat Valenciana;Mujeres;Total;2015;4.395
10 Comunitat Valenciana;Mujeres;Total;2014;3.839
10 Comunitat Valenciana;Mujeres;Total;2013;3.532
10 Comunitat Valenciana;Mujeres;Española;2021;5.475
10 Comunitat Valenciana;Mujeres;Española;2020;4.472
10 Comunitat Valenciana;Mujeres;Española;2019;6.239
10 Comunitat Valenciana;Mujeres;Española;2018;6.154
10 Comunitat Valenciana;Mujeres;Española;2017;5.844
10 Comunitat Valenciana;Mujeres;Española;2016;5.274
10 Comunitat Valenciana;Mujeres;Española;2015;3.516
10 Comunitat Valenciana;Mujeres;Española;2014;3.076
10 Comunitat Valenciana;Mujeres;Española;2013;2.747
10 Comunitat Valenciana;Mujeres;Extranjera;2021;1.559
10 Comunitat Valenciana;Mujeres;Extranjera;2020;1.237
10 Comunitat Valenciana;Mujeres;Extranjera;2019;1.811
10 Comunitat Valenciana;Mujeres;Extranjera;2018;1.724
10 Comunitat Valenciana;Mujeres;Extranjera;2017;1.485
10 Comunitat Valenciana;Mujeres;Extranjera;2016;1.399
10 Comunitat Valenciana;Mujeres;Extranjera;2015;879
10 Comunitat Valenciana;Mujeres;Extranjera;2014;763
10 Comunitat Valenciana;Mujeres;Extranjera;2013;785
11 Extremadura;Total;Total;2021;5.775
11 Extremadura;Total;Total;2020;4.419
11 Extremadura;Total;Total;2019;5.073
11 Extremadura;Total;Total;2018;5.381
11 Extremadura;Total;Total;2017;5.502
11 Extremadura;Total;Total;2016;5.769
11 Extremadura;Total;Total;2015;5.076
11 Extremadura;Total;Total;2014;4.910
11 Extremadura;Total;Total;2013;4.806
11 Extremadura;Total;Española;2021;5.284
11 Extremadura;Total;Española;2020;4.004
11 Extremadura;Total;Española;2019;4.582
11 Extremadura;Total;Española;2018;4.885
11 Extremadura;Total;Española;2017;4.996
11 Extremadura;Total;Española;2016;5.209
11 Extremadura;Total;Española;2015;4.642
11 Extremadura;Total;Española;2014;4.460
11 Extremadura;Total;Española;2013;4.311
11 Extremadura;Total;Extranjera;2021;491
11 Extremadura;Total;Extranjera;2020;415
11 Extremadura;Total;Extranjera;2019;491
11 Extremadura;Total;Extranjera;2018;496
11 Extremadura;Total;Extranjera;2017;506
11 Extremadura;Total;Extranjera;2016;560
11 Extremadura;Total;Extranjera;2015;434
11 Extremadura;Total;Extranjera;2014;450
11 Extremadura;Total;Extranjera;2013;495
11 Extremadura;Hombres;Total;2021;4.702
11 Extremadura;Hombres;Total;2020;3.590
11 Extremadura;Hombres;Total;2019;4.095
11 Extremadura;Hombres;Total;2018;4.387
11 Extremadura;Hombres;Total;2017;4.456
11 Extremadura;Hombres;Total;2016;4.669
11 Extremadura;Hombres;Total;2015;4.384
11 Extremadura;Hombres;Total;2014;4.323
11 Extremadura;Hombres;Total;2013;4.322
11 Extremadura;Hombres;Española;2021;4.302
11 Extremadura;Hombres;Española;2020;3.266
11 Extremadura;Hombres;Española;2019;3.727
11 Extremadura;Hombres;Española;2018;4.002
11 Extremadura;Hombres;Española;2017;4.053
11 Extremadura;Hombres;Española;2016;4.240
11 Extremadura;Hombres;Española;2015;4.003
11 Extremadura;Hombres;Española;2014;3.928
11 Extremadura;Hombres;Española;2013;3.900
11 Extremadura;Hombres;Extranjera;2021;400
11 Extremadura;Hombres;Extranjera;2020;324
11 Extremadura;Hombres;Extranjera;2019;368
11 Extremadura;Hombres;Extranjera;2018;385
11 Extremadura;Hombres;Extranjera;2017;403
11 Extremadura;Hombres;Extranjera;2016;429
11 Extremadura;Hombres;Extranjera;2015;381
11 Extremadura;Hombres;Extranjera;2014;395
11 Extremadura;Hombres;Extranjera;2013;422
11 Extremadura;Mujeres;Total;2021;1.073
11 Extremadura;Mujeres;Total;2020;829
11 Extremadura;Mujeres;Total;2019;978
11 Extremadura;Mujeres;Total;2018;994
11 Extremadura;Mujeres;Total;2017;1.046
11 Extremadura;Mujeres;Total;2016;1.100
11 Extremadura;Mujeres;Total;2015;692
11 Extremadura;Mujeres;Total;2014;587
11 Extremadura;Mujeres;Total;2013;484
11 Extremadura;Mujeres;Española;2021;982
11 Extremadura;Mujeres;Española;2020;738
11 Extremadura;Mujeres;Española;2019;855
11 Extremadura;Mujeres;Española;2018;883
11 Extremadura;Mujeres;Española;2017;943
11 Extremadura;Mujeres;Española;2016;969
11 Extremadura;Mujeres;Española;2015;639
11 Extremadura;Mujeres;Española;2014;532
11 Extremadura;Mujeres;Española;2013;411
11 Extremadura;Mujeres;Extranjera;2021;91
11 Extremadura;Mujeres;Extranjera;2020;91
11 Extremadura;Mujeres;Extranjera;2019;123
11 Extremadura;Mujeres;Extranjera;2018;111
11 Extremadura;Mujeres;Extranjera;2017;103
11 Extremadura;Mujeres;Extranjera;2016;131
11 Extremadura;Mujeres;Extranjera;2015;53
11 Extremadura;Mujeres;Extranjera;2014;55
11 Extremadura;Mujeres;Extranjera;2013;73
12 Galicia;Total;Total;2021;13.549
12 Galicia;Total;Total;2020;11.037
12 Galicia;Total;Total;2019;13.748
12 Galicia;Total;Total;2018;12.295
12 Galicia;Total;Total;2017;14.121
12 Galicia;Total;Total;2016;13.581
12 Galicia;Total;Total;2015;12.150
12 Galicia;Total;Total;2014;11.946
12 Galicia;Total;Total;2013;11.883
12 Galicia;Total;Española;2021;12.140
12 Galicia;Total;Española;2020;9.931
12 Galicia;Total;Española;2019;12.493
12 Galicia;Total;Española;2018;11.198
12 Galicia;Total;Española;2017;12.787
12 Galicia;Total;Española;2016;12.316
12 Galicia;Total;Española;2015;11.041
12 Galicia;Total;Española;2014;10.832
12 Galicia;Total;Española;2013;10.761
12 Galicia;Total;Extranjera;2021;1.409
12 Galicia;Total;Extranjera;2020;1.106
12 Galicia;Total;Extranjera;2019;1.255
12 Galicia;Total;Extranjera;2018;1.097
12 Galicia;Total;Extranjera;2017;1.334
12 Galicia;Total;Extranjera;2016;1.265
12 Galicia;Total;Extranjera;2015;1.109
12 Galicia;Total;Extranjera;2014;1.114
12 Galicia;Total;Extranjera;2013;1.122
12 Galicia;Hombres;Total;2021;11.009
12 Galicia;Hombres;Total;2020;9.013
12 Galicia;Hombres;Total;2019;11.100
12 Galicia;Hombres;Total;2018;10.127
12 Galicia;Hombres;Total;2017;11.610
12 Galicia;Hombres;Total;2016;11.337
12 Galicia;Hombres;Total;2015;10.622
12 Galicia;Hombres;Total;2014;10.595
12 Galicia;Hombres;Total;2013;10.695
12 Galicia;Hombres;Española;2021;9.928
12 Galicia;Hombres;Española;2020;8.136
12 Galicia;Hombres;Española;2019;10.136
12 Galicia;Hombres;Española;2018;9.235
12 Galicia;Hombres;Española;2017;10.545
12 Galicia;Hombres;Española;2016;10.338
12 Galicia;Hombres;Española;2015;9.696
12 Galicia;Hombres;Española;2014;9.660
12 Galicia;Hombres;Española;2013;9.747
12 Galicia;Hombres;Extranjera;2021;1.081
12 Galicia;Hombres;Extranjera;2020;877
12 Galicia;Hombres;Extranjera;2019;964
12 Galicia;Hombres;Extranjera;2018;892
12 Galicia;Hombres;Extranjera;2017;1.065
12 Galicia;Hombres;Extranjera;2016;999
12 Galicia;Hombres;Extranjera;2015;926
12 Galicia;Hombres;Extranjera;2014;935
12 Galicia;Hombres;Extranjera;2013;948
12 Galicia;Mujeres;Total;2021;2.540
12 Galicia;Mujeres;Total;2020;2.024
12 Galicia;Mujeres;Total;2019;2.648
12 Galicia;Mujeres;Total;2018;2.168
12 Galicia;Mujeres;Total;2017;2.511
12 Galicia;Mujeres;Total;2016;2.244
12 Galicia;Mujeres;Total;2015;1.528
12 Galicia;Mujeres;Total;2014;1.351
12 Galicia;Mujeres;Total;2013;1.188
12 Galicia;Mujeres;Española;2021;2.212
12 Galicia;Mujeres;Española;2020;1.795
12 Galicia;Mujeres;Española;2019;2.357
12 Galicia;Mujeres;Española;2018;1.963
12 Galicia;Mujeres;Española;2017;2.242
12 Galicia;Mujeres;Española;2016;1.978
12 Galicia;Mujeres;Española;2015;1.345
12 Galicia;Mujeres;Española;2014;1.172
12 Galicia;Mujeres;Española;2013;1.014
12 Galicia;Mujeres;Extranjera;2021;328
12 Galicia;Mujeres;Extranjera;2020;229
12 Galicia;Mujeres;Extranjera;2019;291
12 Galicia;Mujeres;Extranjera;2018;205
12 Galicia;Mujeres;Extranjera;2017;269
12 Galicia;Mujeres;Extranjera;2016;266
12 Galicia;Mujeres;Extranjera;2015;183
12 Galicia;Mujeres;Extranjera;2014;179
12 Galicia;Mujeres;Extranjera;2013;174
13 Madrid, Comunidad de;Total;Total;2021;35.119
13 Madrid, Comunidad de;Total;Total;2020;28.398
13 Madrid, Comunidad de;Total;Total;2019;38.169
13 Madrid, Comunidad de;Total;Total;2018;39.667
13 Madrid, Comunidad de;Total;Total;2017;39.408
13 Madrid, Comunidad de;Total;Total;2016;35.182
13 Madrid, Comunidad de;Total;Total;2015;26.973
13 Madrid, Comunidad de;Total;Total;2014;26.960
13 Madrid, Comunidad de;Total;Total;2013;27.374
13 Madrid, Comunidad de;Total;Española;2021;24.162
13 Madrid, Comunidad de;Total;Española;2020;19.365
13 Madrid, Comunidad de;Total;Española;2019;26.433
13 Madrid, Comunidad de;Total;Española;2018;27.764
13 Madrid, Comunidad de;Total;Española;2017;27.816
13 Madrid, Comunidad de;Total;Española;2016;24.680
13 Madrid, Comunidad de;Total;Española;2015;18.563
13 Madrid, Comunidad de;Total;Española;2014;18.334
13 Madrid, Comunidad de;Total;Española;2013;18.027
13 Madrid, Comunidad de;Total;Extranjera;2021;10.957
13 Madrid, Comunidad de;Total;Extranjera;2020;9.033
13 Madrid, Comunidad de;Total;Extranjera;2019;11.736
13 Madrid, Comunidad de;Total;Extranjera;2018;11.903
13 Madrid, Comunidad de;Total;Extranjera;2017;11.592
13 Madrid, Comunidad de;Total;Extranjera;2016;10.502
13 Madrid, Comunidad de;Total;Extranjera;2015;8.410
13 Madrid, Comunidad de;Total;Extranjera;2014;8.626
13 Madrid, Comunidad de;Total;Extranjera;2013;9.347
13 Madrid, Comunidad de;Hombres;Total;2021;26.764
13 Madrid, Comunidad de;Hombres;Total;2020;21.500
13 Madrid, Comunidad de;Hombres;Total;2019;28.341
13 Madrid, Comunidad de;Hombres;Total;2018;29.338
13 Madrid, Comunidad de;Hombres;Total;2017;28.715
13 Madrid, Comunidad de;Hombres;Total;2016;26.754
13 Madrid, Comunidad de;Hombres;Total;2015;22.813
13 Madrid, Comunidad de;Hombres;Total;2014;23.439
13 Madrid, Comunidad de;Hombres;Total;2013;23.991
13 Madrid, Comunidad de;Hombres;Española;2021;18.087
13 Madrid, Comunidad de;Hombres;Española;2020;14.424
13 Madrid, Comunidad de;Hombres;Española;2019;19.358
13 Madrid, Comunidad de;Hombres;Española;2018;20.281
13 Madrid, Comunidad de;Hombres;Española;2017;19.979
13 Madrid, Comunidad de;Hombres;Española;2016;18.406
13 Madrid, Comunidad de;Hombres;Española;2015;15.509
13 Madrid, Comunidad de;Hombres;Española;2014;15.757
13 Madrid, Comunidad de;Hombres;Española;2013;15.605
13 Madrid, Comunidad de;Hombres;Extranjera;2021;8.677
13 Madrid, Comunidad de;Hombres;Extranjera;2020;7.076
13 Madrid, Comunidad de;Hombres;Extranjera;2019;8.983
13 Madrid, Comunidad de;Hombres;Extranjera;2018;9.057
13 Madrid, Comunidad de;Hombres;Extranjera;2017;8.736
13 Madrid, Comunidad de;Hombres;Extranjera;2016;8.348
13 Madrid, Comunidad de;Hombres;Extranjera;2015;7.304
13 Madrid, Comunidad de;Hombres;Extranjera;2014;7.682
13 Madrid, Comunidad de;Hombres;Extranjera;2013;8.386
13 Madrid, Comunidad de;Mujeres;Total;2021;8.355
13 Madrid, Comunidad de;Mujeres;Total;2020;6.898
13 Madrid, Comunidad de;Mujeres;Total;2019;9.828
13 Madrid, Comunidad de;Mujeres;Total;2018;10.329
13 Madrid, Comunidad de;Mujeres;Total;2017;10.693
13 Madrid, Comunidad de;Mujeres;Total;2016;8.428
13 Madrid, Comunidad de;Mujeres;Total;2015;4.160
13 Madrid, Comunidad de;Mujeres;Total;2014;3.521
13 Madrid, Comunidad de;Mujeres;Total;2013;3.383
13 Madrid, Comunidad de;Mujeres;Española;2021;6.075
13 Madrid, Comunidad de;Mujeres;Española;2020;4.941
13 Madrid, Comunidad de;Mujeres;Española;2019;7.075
13 Madrid, Comunidad de;Mujeres;Española;2018;7.483
13 Madrid, Comunidad de;Mujeres;Española;2017;7.837
13 Madrid, Comunidad de;Mujeres;Española;2016;6.274
13 Madrid, Comunidad de;Mujeres;Española;2015;3.054
13 Madrid, Comunidad de;Mujeres;Española;2014;2.577
13 Madrid, Comunidad de;Mujeres;Española;2013;2.422
13 Madrid, Comunidad de;Mujeres;Extranjera;2021;2.280
13 Madrid, Comunidad de;Mujeres;Extranjera;2020;1.957
13 Madrid, Comunidad de;Mujeres;Extranjera;2019;2.753
13 Madrid, Comunidad de;Mujeres;Extranjera;2018;2.846
13 Madrid, Comunidad de;Mujeres;Extranjera;2017;2.856
13 Madrid, Comunidad de;Mujeres;Extranjera;2016;2.154
13 Madrid, Comunidad de;Mujeres;Extranjera;2015;1.106
13 Madrid, Comunidad de;Mujeres;Extranjera;2014;944
13 Madrid, Comunidad de;Mujeres;Extranjera;2013;961
14 Murcia, Región de;Total;Total;2021;10.157
14 Murcia, Región de;Total;Total;2020;7.661
14 Murcia, Región de;Total;Total;2019;9.648
14 Murcia, Región de;Total;Total;2018;9.579
14 Murcia, Región de;Total;Total;2017;9.594
14 Murcia, Región de;Total;Total;2016;9.812
14 Murcia, Región de;Total;Total;2015;8.057
14 Murcia, Región de;Total;Total;2014;7.827
14 Murcia, Región de;Total;Total;2013;8.101
14 Murcia, Región de;Total;Española;2021;7.364
14 Murcia, Región de;Total;Española;2020;5.544
14 Murcia, Región de;Total;Española;2019;7.090
14 Murcia, Región de;Total;Española;2018;7.161
14 Murcia, Región de;Total;Española;2017;7.243
14 Murcia, Región de;Total;Española;2016;7.388
14 Murcia, Región de;Total;Española;2015;5.935
14 Murcia, Región de;Total;Española;2014;5.597
14 Murcia, Región de;Total;Española;2013;5.710
14 Murcia, Región de;Total;Extranjera;2021;2.793
14 Murcia, Región de;Total;Extranjera;2020;2.117
14 Murcia, Región de;Total;Extranjera;2019;2.558
14 Murcia, Región de;Total;Extranjera;2018;2.418
14 Murcia, Región de;Total;Extranjera;2017;2.351
14 Murcia, Región de;Total;Extranjera;2016;2.424
14 Murcia, Región de;Total;Extranjera;2015;2.122
14 Murcia, Región de;Total;Extranjera;2014;2.230
14 Murcia, Región de;Total;Extranjera;2013;2.391
14 Murcia, Región de;Hombres;Total;2021;8.562
14 Murcia, Región de;Hombres;Total;2020;6.492
14 Murcia, Región de;Hombres;Total;2019;8.027
14 Murcia, Región de;Hombres;Total;2018;8.054
14 Murcia, Región de;Hombres;Total;2017;7.989
14 Murcia, Región de;Hombres;Total;2016;8.162
14 Murcia, Región de;Hombres;Total;2015;7.067
14 Murcia, Región de;Hombres;Total;2014;6.974
14 Murcia, Región de;Hombres;Total;2013;7.278
14 Murcia, Región de;Hombres;Española;2021;6.091
14 Murcia, Región de;Hombres;Española;2020;4.604
14 Murcia, Región de;Hombres;Española;2019;5.794
14 Murcia, Región de;Hombres;Española;2018;5.930
14 Murcia, Región de;Hombres;Española;2017;5.942
14 Murcia, Región de;Hombres;Española;2016;6.100
14 Murcia, Región de;Hombres;Española;2015;5.156
14 Murcia, Región de;Hombres;Española;2014;4.948
14 Murcia, Región de;Hombres;Española;2013;5.127
14 Murcia, Región de;Hombres;Extranjera;2021;2.471
14 Murcia, Región de;Hombres;Extranjera;2020;1.888
14 Murcia, Región de;Hombres;Extranjera;2019;2.233
14 Murcia, Región de;Hombres;Extranjera;2018;2.124
14 Murcia, Región de;Hombres;Extranjera;2017;2.047
14 Murcia, Región de;Hombres;Extranjera;2016;2.062
14 Murcia, Región de;Hombres;Extranjera;2015;1.911
14 Murcia, Región de;Hombres;Extranjera;2014;2.026
14 Murcia, Región de;Hombres;Extranjera;2013;2.151
14 Murcia, Región de;Mujeres;Total;2021;1.595
14 Murcia, Región de;Mujeres;Total;2020;1.169
14 Murcia, Región de;Mujeres;Total;2019;1.621
14 Murcia, Región de;Mujeres;Total;2018;1.525
14 Murcia, Región de;Mujeres;Total;2017;1.605
14 Murcia, Región de;Mujeres;Total;2016;1.650
14 Murcia, Región de;Mujeres;Total;2015;990
14 Murcia, Región de;Mujeres;Total;2014;853
14 Murcia, Región de;Mujeres;Total;2013;823
14 Murcia, Región de;Mujeres;Española;2021;1.273
14 Murcia, Región de;Mujeres;Española;2020;940
14 Murcia, Región de;Mujeres;Española;2019;1.296
14 Murcia, Región de;Mujeres;Española;2018;1.231
14 Murcia, Región de;Mujeres;Española;2017;1.301
14 Murcia, Región de;Mujeres;Española;2016;1.288
14 Murcia, Región de;Mujeres;Española;2015;779
14 Murcia, Región de;Mujeres;Española;2014;649
14 Murcia, Región de;Mujeres;Española;2013;583
14 Murcia, Región de;Mujeres;Extranjera;2021;322
14 Murcia, Región de;Mujeres;Extranjera;2020;229
14 Murcia, Región de;Mujeres;Extranjera;2019;325
14 Murcia, Región de;Mujeres;Extranjera;2018;294
14 Murcia, Región de;Mujeres;Extranjera;2017;304
14 Murcia, Región de;Mujeres;Extranjera;2016;362
14 Murcia, Región de;Mujeres;Extranjera;2015;211
14 Murcia, Región de;Mujeres;Extranjera;2014;204
14 Murcia, Región de;Mujeres;Extranjera;2013;240
15 Navarra, Comunidad Foral de;Total;Total;2021;3.375
15 Navarra, Comunidad Foral de;Total;Total;2020;2.689
15 Navarra, Comunidad Foral de;Total;Total;2019;3.583
15 Navarra, Comunidad Foral de;Total;Total;2018;3.442
15 Navarra, Comunidad Foral de;Total;Total;2017;3.396
15 Navarra, Comunidad Foral de;Total;Total;2016;3.145
15 Navarra, Comunidad Foral de;Total;Total;2015;2.772
15 Navarra, Comunidad Foral de;Total;Total;2014;2.754
15 Navarra, Comunidad Foral de;Total;Total;2013;2.840
15 Navarra, Comunidad Foral de;Total;Española;2021;2.464
15 Navarra, Comunidad Foral de;Total;Española;2020;1.949
15 Navarra, Comunidad Foral de;Total;Española;2019;2.542
15 Navarra, Comunidad Foral de;Total;Española;2018;2.543
15 Navarra, Comunidad Foral de;Total;Española;2017;2.563
15 Navarra, Comunidad Foral de;Total;Española;2016;2.293
15 Navarra, Comunidad Foral de;Total;Española;2015;1.990
15 Navarra, Comunidad Foral de;Total;Española;2014;1.966
15 Navarra, Comunidad Foral de;Total;Española;2013;2.008
15 Navarra, Comunidad Foral de;Total;Extranjera;2021;911
15 Navarra, Comunidad Foral de;Total;Extranjera;2020;740
15 Navarra, Comunidad Foral de;Total;Extranjera;2019;1.041
15 Navarra, Comunidad Foral de;Total;Extranjera;2018;899
15 Navarra, Comunidad Foral de;Total;Extranjera;2017;833
15 Navarra, Comunidad Foral de;Total;Extranjera;2016;852
15 Navarra, Comunidad Foral de;Total;Extranjera;2015;782
15 Navarra, Comunidad Foral de;Total;Extranjera;2014;788
15 Navarra, Comunidad Foral de;Total;Extranjera;2013;832
15 Navarra, Comunidad Foral de;Hombres;Total;2021;2.832
15 Navarra, Comunidad Foral de;Hombres;Total;2020;2.243
15 Navarra, Comunidad Foral de;Hombres;Total;2019;2.943
15 Navarra, Comunidad Foral de;Hombres;Total;2018;2.802
15 Navarra, Comunidad Foral de;Hombres;Total;2017;2.757
15 Navarra, Comunidad Foral de;Hombres;Total;2016;2.560
15 Navarra, Comunidad Foral de;Hombres;Total;2015;2.403
15 Navarra, Comunidad Foral de;Hombres;Total;2014;2.373
15 Navarra, Comunidad Foral de;Hombres;Total;2013;2.560
15 Navarra, Comunidad Foral de;Hombres;Española;2021;2.037
15 Navarra, Comunidad Foral de;Hombres;Española;2020;1.603
15 Navarra, Comunidad Foral de;Hombres;Española;2019;2.063
15 Navarra, Comunidad Foral de;Hombres;Española;2018;2.028
15 Navarra, Comunidad Foral de;Hombres;Española;2017;2.042
15 Navarra, Comunidad Foral de;Hombres;Española;2016;1.841
15 Navarra, Comunidad Foral de;Hombres;Española;2015;1.710
15 Navarra, Comunidad Foral de;Hombres;Española;2014;1.695
15 Navarra, Comunidad Foral de;Hombres;Española;2013;1.797
15 Navarra, Comunidad Foral de;Hombres;Extranjera;2021;795
15 Navarra, Comunidad Foral de;Hombres;Extranjera;2020;640
15 Navarra, Comunidad Foral de;Hombres;Extranjera;2019;880
15 Navarra, Comunidad Foral de;Hombres;Extranjera;2018;774
15 Navarra, Comunidad Foral de;Hombres;Extranjera;2017;715
15 Navarra, Comunidad Foral de;Hombres;Extranjera;2016;719
15 Navarra, Comunidad Foral de;Hombres;Extranjera;2015;693
15 Navarra, Comunidad Foral de;Hombres;Extranjera;2014;678
15 Navarra, Comunidad Foral de;Hombres;Extranjera;2013;763
15 Navarra, Comunidad Foral de;Mujeres;Total;2021;543
15 Navarra, Comunidad Foral de;Mujeres;Total;2020;446
15 Navarra, Comunidad Foral de;Mujeres;Total;2019;640
15 Navarra, Comunidad Foral de;Mujeres;Total;2018;640
15 Navarra, Comunidad Foral de;Mujeres;Total;2017;639
15 Navarra, Comunidad Foral de;Mujeres;Total;2016;585
15 Navarra, Comunidad Foral de;Mujeres;Total;2015;369
15 Navarra, Comunidad Foral de;Mujeres;Total;2014;381
15 Navarra, Comunidad Foral de;Mujeres;Total;2013;280
15 Navarra, Comunidad Foral de;Mujeres;Española;2021;427
15 Navarra, Comunidad Foral de;Mujeres;Española;2020;346
15 Navarra, Comunidad Foral de;Mujeres;Española;2019;479
15 Navarra, Comunidad Foral de;Mujeres;Española;2018;515
15 Navarra, Comunidad Foral de;Mujeres;Española;2017;521
15 Navarra, Comunidad Foral de;Mujeres;Española;2016;452
15 Navarra, Comunidad Foral de;Mujeres;Española;2015;280
15 Navarra, Comunidad Foral de;Mujeres;Española;2014;271
15 Navarra, Comunidad Foral de;Mujeres;Española;2013;211
15 Navarra, Comunidad Foral de;Mujeres;Extranjera;2021;116
15 Navarra, Comunidad Foral de;Mujeres;Extranjera;2020;100
15 Navarra, Comunidad Foral de;Mujeres;Extranjera;2019;161
15 Navarra, Comunidad Foral de;Mujeres;Extranjera;2018;125
15 Navarra, Comunidad Foral de;Mujeres;Extranjera;2017;118
15 Navarra, Comunidad Foral de;Mujeres;Extranjera;2016;133
15 Navarra, Comunidad Foral de;Mujeres;Extranjera;2015;89
15 Navarra, Comunidad Foral de;Mujeres;Extranjera;2014;110
15 Navarra, Comunidad Foral de;Mujeres;Extranjera;2013;69
16 País Vasco;Total;Total;2021;12.729
16 País Vasco;Total;Total;2020;9.451
16 País Vasco;Total;Total;2019;12.116
16 País Vasco;Total;Total;2018;11.946
16 País Vasco;Total;Total;2017;11.572
16 País Vasco;Total;Total;2016;11.208
16 País Vasco;Total;Total;2015;7.943
16 País Vasco;Total;Total;2014;8.041
16 País Vasco;Total;Total;2013;8.511
16 País Vasco;Total;Española;2021;8.828
16 País Vasco;Total;Española;2020;6.614
16 País Vasco;Total;Española;2019;8.596
16 País Vasco;Total;Española;2018;8.716
16 País Vasco;Total;Española;2017;8.532
16 País Vasco;Total;Española;2016;8.255
16 País Vasco;Total;Española;2015;5.775
16 País Vasco;Total;Española;2014;5.779
16 País Vasco;Total;Española;2013;5.988
16 País Vasco;Total;Extranjera;2021;3.901
16 País Vasco;Total;Extranjera;2020;2.837
16 País Vasco;Total;Extranjera;2019;3.520
16 País Vasco;Total;Extranjera;2018;3.230
16 País Vasco;Total;Extranjera;2017;3.040
16 País Vasco;Total;Extranjera;2016;2.953
16 País Vasco;Total;Extranjera;2015;2.168
16 País Vasco;Total;Extranjera;2014;2.262
16 País Vasco;Total;Extranjera;2013;2.523
16 País Vasco;Hombres;Total;2021;10.207
16 País Vasco;Hombres;Total;2020;7.602
16 País Vasco;Hombres;Total;2019;9.666
16 País Vasco;Hombres;Total;2018;9.419
16 País Vasco;Hombres;Total;2017;9.039
16 País Vasco;Hombres;Total;2016;8.828
16 País Vasco;Hombres;Total;2015;6.679
16 País Vasco;Hombres;Total;2014;7.015
16 País Vasco;Hombres;Total;2013;7.565
16 País Vasco;Hombres;Española;2021;6.870
16 País Vasco;Hombres;Española;2020;5.158
16 País Vasco;Hombres;Española;2019;6.709
16 País Vasco;Hombres;Española;2018;6.754
16 País Vasco;Hombres;Española;2017;6.565
16 País Vasco;Hombres;Española;2016;6.421
16 País Vasco;Hombres;Española;2015;4.811
16 País Vasco;Hombres;Española;2014;4.985
16 País Vasco;Hombres;Española;2013;5.300
16 País Vasco;Hombres;Extranjera;2021;3.337
16 País Vasco;Hombres;Extranjera;2020;2.444
16 País Vasco;Hombres;Extranjera;2019;2.957
16 País Vasco;Hombres;Extranjera;2018;2.665
16 País Vasco;Hombres;Extranjera;2017;2.474
16 País Vasco;Hombres;Extranjera;2016;2.407
16 País Vasco;Hombres;Extranjera;2015;1.868
16 País Vasco;Hombres;Extranjera;2014;2.030
16 País Vasco;Hombres;Extranjera;2013;2.265
16 País Vasco;Mujeres;Total;2021;2.522
16 País Vasco;Mujeres;Total;2020;1.849
16 País Vasco;Mujeres;Total;2019;2.450
16 País Vasco;Mujeres;Total;2018;2.527
16 País Vasco;Mujeres;Total;2017;2.533
16 País Vasco;Mujeres;Total;2016;2.380
16 País Vasco;Mujeres;Total;2015;1.264
16 País Vasco;Mujeres;Total;2014;1.026
16 País Vasco;Mujeres;Total;2013;946
16 País Vasco;Mujeres;Española;2021;1.958
16 País Vasco;Mujeres;Española;2020;1.456
16 País Vasco;Mujeres;Española;2019;1.887
16 País Vasco;Mujeres;Española;2018;1.962
16 País Vasco;Mujeres;Española;2017;1.967
16 País Vasco;Mujeres;Española;2016;1.834
16 País Vasco;Mujeres;Española;2015;964
16 País Vasco;Mujeres;Española;2014;794
16 País Vasco;Mujeres;Española;2013;688
16 País Vasco;Mujeres;Extranjera;2021;564
16 País Vasco;Mujeres;Extranjera;2020;393
16 País Vasco;Mujeres;Extranjera;2019;563
16 País Vasco;Mujeres;Extranjera;2018;565
16 País Vasco;Mujeres;Extranjera;2017;566
16 País Vasco;Mujeres;Extranjera;2016;546
16 País Vasco;Mujeres;Extranjera;2015;300
16 País Vasco;Mujeres;Extranjera;2014;232
16 País Vasco;Mujeres;Extranjera;2013;258
17 Rioja, La;Total;Total;2021;2.076
17 Rioja, La;Total;Total;2020;1.446
17 Rioja, La;Total;Total;2019;1.846
17 Rioja, La;Total;Total;2018;1.964
17 Rioja, La;Total;Total;2017;1.858
17 Rioja, La;Total;Total;2016;1.942
17 Rioja, La;Total;Total;2015;1.532
17 Rioja, La;Total;Total;2014;1.508
17 Rioja, La;Total;Total;2013;1.338
17 Rioja, La;Total;Española;2021;1.535
17 Rioja, La;Total;Española;2020;1.064
17 Rioja, La;Total;Española;2019;1.359
17 Rioja, La;Total;Española;2018;1.430
17 Rioja, La;Total;Española;2017;1.370
17 Rioja, La;Total;Española;2016;1.402
17 Rioja, La;Total;Española;2015;1.102
17 Rioja, La;Total;Española;2014;1.092
17 Rioja, La;Total;Española;2013;910
17 Rioja, La;Total;Extranjera;2021;541
17 Rioja, La;Total;Extranjera;2020;382
17 Rioja, La;Total;Extranjera;2019;487
17 Rioja, La;Total;Extranjera;2018;534
17 Rioja, La;Total;Extranjera;2017;488
17 Rioja, La;Total;Extranjera;2016;540
17 Rioja, La;Total;Extranjera;2015;430
17 Rioja, La;Total;Extranjera;2014;416
17 Rioja, La;Total;Extranjera;2013;428
17 Rioja, La;Hombres;Total;2021;1.693
17 Rioja, La;Hombres;Total;2020;1.179
17 Rioja, La;Hombres;Total;2019;1.485
17 Rioja, La;Hombres;Total;2018;1.576
17 Rioja, La;Hombres;Total;2017;1.447
17 Rioja, La;Hombres;Total;2016;1.545
17 Rioja, La;Hombres;Total;2015;1.282
17 Rioja, La;Hombres;Total;2014;1.319
17 Rioja, La;Hombres;Total;2013;1.187
17 Rioja, La;Hombres;Española;2021;1.234
17 Rioja, La;Hombres;Española;2020;859
17 Rioja, La;Hombres;Española;2019;1.093
17 Rioja, La;Hombres;Española;2018;1.142
17 Rioja, La;Hombres;Española;2017;1.058
17 Rioja, La;Hombres;Española;2016;1.124
17 Rioja, La;Hombres;Española;2015;916
17 Rioja, La;Hombres;Española;2014;955
17 Rioja, La;Hombres;Española;2013;811
17 Rioja, La;Hombres;Extranjera;2021;459
17 Rioja, La;Hombres;Extranjera;2020;320
17 Rioja, La;Hombres;Extranjera;2019;392
17 Rioja, La;Hombres;Extranjera;2018;434
17 Rioja, La;Hombres;Extranjera;2017;389
17 Rioja, La;Hombres;Extranjera;2016;421
17 Rioja, La;Hombres;Extranjera;2015;366
17 Rioja, La;Hombres;Extranjera;2014;364
17 Rioja, La;Hombres;Extranjera;2013;376
17 Rioja, La;Mujeres;Total;2021;383
17 Rioja, La;Mujeres;Total;2020;267
17 Rioja, La;Mujeres;Total;2019;361
17 Rioja, La;Mujeres;Total;2018;388
17 Rioja, La;Mujeres;Total;2017;411
17 Rioja, La;Mujeres;Total;2016;397
17 Rioja, La;Mujeres;Total;2015;250
17 Rioja, La;Mujeres;Total;2014;189
17 Rioja, La;Mujeres;Total;2013;151
17 Rioja, La;Mujeres;Española;2021;301
17 Rioja, La;Mujeres;Española;2020;205
17 Rioja, La;Mujeres;Española;2019;266
17 Rioja, La;Mujeres;Española;2018;288
17 Rioja, La;Mujeres;Española;2017;312
17 Rioja, La;Mujeres;Española;2016;278
17 Rioja, La;Mujeres;Española;2015;186
17 Rioja, La;Mujeres;Española;2014;137
17 Rioja, La;Mujeres;Española;2013;99
17 Rioja, La;Mujeres;Extranjera;2021;82
17 Rioja, La;Mujeres;Extranjera;2020;62
17 Rioja, La;Mujeres;Extranjera;2019;95
17 Rioja, La;Mujeres;Extranjera;2018;100
17 Rioja, La;Mujeres;Extranjera;2017;99
17 Rioja, La;Mujeres;Extranjera;2016;119
17 Rioja, La;Mujeres;Extranjera;2015;64
17 Rioja, La;Mujeres;Extranjera;2014;52
17 Rioja, La;Mujeres;Extranjera;2013;52
18 Ceuta;Total;Total;2021;896
18 Ceuta;Total;Total;2020;1.025
18 Ceuta;Total;Total;2019;1.620
18 Ceuta;Total;Total;2018;1.708
18 Ceuta;Total;Total;2017;1.636
18 Ceuta;Total;Total;2016;1.478
18 Ceuta;Total;Total;2015;1.561
18 Ceuta;Total;Total;2014;1.705
18 Ceuta;Total;Total;2013;1.803
18 Ceuta;Total;Española;2021;602
18 Ceuta;Total;Española;2020;614
18 Ceuta;Total;Española;2019;683
18 Ceuta;Total;Española;2018;684
18 Ceuta;Total;Española;2017;694
18 Ceuta;Total;Española;2016;687
18 Ceuta;Total;Española;2015;665
18 Ceuta;Total;Española;2014;701
18 Ceuta;Total;Española;2013;724
18 Ceuta;Total;Extranjera;2021;294
18 Ceuta;Total;Extranjera;2020;411
18 Ceuta;Total;Extranjera;2019;937
18 Ceuta;Total;Extranjera;2018;1.024
18 Ceuta;Total;Extranjera;2017;942
18 Ceuta;Total;Extranjera;2016;791
18 Ceuta;Total;Extranjera;2015;896
18 Ceuta;Total;Extranjera;2014;1.004
18 Ceuta;Total;Extranjera;2013;1.079
18 Ceuta;Hombres;Total;2021;741
18 Ceuta;Hombres;Total;2020;832
18 Ceuta;Hombres;Total;2019;1.297
18 Ceuta;Hombres;Total;2018;1.381
18 Ceuta;Hombres;Total;2017;1.347
18 Ceuta;Hombres;Total;2016;1.215
18 Ceuta;Hombres;Total;2015;1.326
18 Ceuta;Hombres;Total;2014;1.484
18 Ceuta;Hombres;Total;2013;1.582
18 Ceuta;Hombres;Española;2021;492
18 Ceuta;Hombres;Española;2020;491
18 Ceuta;Hombres;Española;2019;552
18 Ceuta;Hombres;Española;2018;549
18 Ceuta;Hombres;Española;2017;563
18 Ceuta;Hombres;Española;2016;570
18 Ceuta;Hombres;Española;2015;580
18 Ceuta;Hombres;Española;2014;609
18 Ceuta;Hombres;Española;2013;613
18 Ceuta;Hombres;Extranjera;2021;249
18 Ceuta;Hombres;Extranjera;2020;341
18 Ceuta;Hombres;Extranjera;2019;745
18 Ceuta;Hombres;Extranjera;2018;832
18 Ceuta;Hombres;Extranjera;2017;784
18 Ceuta;Hombres;Extranjera;2016;645
18 Ceuta;Hombres;Extranjera;2015;746
18 Ceuta;Hombres;Extranjera;2014;875
18 Ceuta;Hombres;Extranjera;2013;969
18 Ceuta;Mujeres;Total;2021;155
18 Ceuta;Mujeres;Total;2020;193
18 Ceuta;Mujeres;Total;2019;323
18 Ceuta;Mujeres;Total;2018;327
18 Ceuta;Mujeres;Total;2017;289
18 Ceuta;Mujeres;Total;2016;263
18 Ceuta;Mujeres;Total;2015;235
18 Ceuta;Mujeres;Total;2014;221
18 Ceuta;Mujeres;Total;2013;221
18 Ceuta;Mujeres;Española;2021;110
18 Ceuta;Mujeres;Española;2020;123
18 Ceuta;Mujeres;Española;2019;131
18 Ceuta;Mujeres;Española;2018;135
18 Ceuta;Mujeres;Española;2017;131
18 Ceuta;Mujeres;Española;2016;117
18 Ceuta;Mujeres;Española;2015;85
18 Ceuta;Mujeres;Española;2014;92
18 Ceuta;Mujeres;Española;2013;111
18 Ceuta;Mujeres;Extranjera;2021;45
18 Ceuta;Mujeres;Extranjera;2020;70
18 Ceuta;Mujeres;Extranjera;2019;192
18 Ceuta;Mujeres;Extranjera;2018;192
18 Ceuta;Mujeres;Extranjera;2017;158
18 Ceuta;Mujeres;Extranjera;2016;146
18 Ceuta;Mujeres;Extranjera;2015;150
18 Ceuta;Mujeres;Extranjera;2014;129
18 Ceuta;Mujeres;Extranjera;2013;110
19 Melilla;Total;Total;2021;740
19 Melilla;Total;Total;2020;890
19 Melilla;Total;Total;2019;1.483
19 Melilla;Total;Total;2018;1.477
19 Melilla;Total;Total;2017;1.450
19 Melilla;Total;Total;2016;1.175
19 Melilla;Total;Total;2015;1.280
19 Melilla;Total;Total;2014;1.229
19 Melilla;Total;Total;2013;1.248
19 Melilla;Total;Española;2021;417
19 Melilla;Total;Española;2020;387
19 Melilla;Total;Española;2019;492
19 Melilla;Total;Española;2018;470
19 Melilla;Total;Española;2017;437
19 Melilla;Total;Española;2016;383
19 Melilla;Total;Española;2015;408
19 Melilla;Total;Española;2014;408
19 Melilla;Total;Española;2013;382
19 Melilla;Total;Extranjera;2021;323
19 Melilla;Total;Extranjera;2020;503
19 Melilla;Total;Extranjera;2019;991
19 Melilla;Total;Extranjera;2018;1.007
19 Melilla;Total;Extranjera;2017;1.013
19 Melilla;Total;Extranjera;2016;792
19 Melilla;Total;Extranjera;2015;872
19 Melilla;Total;Extranjera;2014;821
19 Melilla;Total;Extranjera;2013;866
19 Melilla;Hombres;Total;2021;634
19 Melilla;Hombres;Total;2020;765
19 Melilla;Hombres;Total;2019;1.263
19 Melilla;Hombres;Total;2018;1.298
19 Melilla;Hombres;Total;2017;1.274
19 Melilla;Hombres;Total;2016;1.052
19 Melilla;Hombres;Total;2015;1.152
19 Melilla;Hombres;Total;2014;1.108
19 Melilla;Hombres;Total;2013;1.140
19 Melilla;Hombres;Española;2021;345
19 Melilla;Hombres;Española;2020;334
19 Melilla;Hombres;Española;2019;410
19 Melilla;Hombres;Española;2018;411
19 Melilla;Hombres;Española;2017;384
19 Melilla;Hombres;Española;2016;347
19 Melilla;Hombres;Española;2015;354
19 Melilla;Hombres;Española;2014;358
19 Melilla;Hombres;Española;2013;349
19 Melilla;Hombres;Extranjera;2021;289
19 Melilla;Hombres;Extranjera;2020;431
19 Melilla;Hombres;Extranjera;2019;853
19 Melilla;Hombres;Extranjera;2018;887
19 Melilla;Hombres;Extranjera;2017;890
19 Melilla;Hombres;Extranjera;2016;705
19 Melilla;Hombres;Extranjera;2015;798
19 Melilla;Hombres;Extranjera;2014;750
19 Melilla;Hombres;Extranjera;2013;791
19 Melilla;Mujeres;Total;2021;106
19 Melilla;Mujeres;Total;2020;125
19 Melilla;Mujeres;Total;2019;220
19 Melilla;Mujeres;Total;2018;179
19 Melilla;Mujeres;Total;2017;176
19 Melilla;Mujeres;Total;2016;123
19 Melilla;Mujeres;Total;2015;128
19 Melilla;Mujeres;Total;2014;121
19 Melilla;Mujeres;Total;2013;108
19 Melilla;Mujeres;Española;2021;72
19 Melilla;Mujeres;Española;2020;53
19 Melilla;Mujeres;Española;2019;82
19 Melilla;Mujeres;Española;2018;59
19 Melilla;Mujeres;Española;2017;53
19 Melilla;Mujeres;Española;2016;36
19 Melilla;Mujeres;Española;2015;54
19 Melilla;Mujeres;Española;2014;50
19 Melilla;Mujeres;Española;2013;33
19 Melilla;Mujeres;Extranjera;2021;34
19 Melilla;Mujeres;Extranjera;2020;72
19 Melilla;Mujeres;Extranjera;2019;138
19 Melilla;Mujeres;Extranjera;2018;120
19 Melilla;Mujeres;Extranjera;2017;123
19 Melilla;Mujeres;Extranjera;2016;87
19 Melilla;Mujeres;Extranjera;2015;74
19 Melilla;Mujeres;Extranjera;2014;71
19 Melilla;Mujeres;Extranjera;2013;75
