Lugar de condena;Nacionalidad;Periodo;Total
Total Nacional;Total;2021;410.842
Total Nacional;Total;2020;311.271
Total Nacional;Total;2019;412.571
Total Nacional;Total;2018;406.327
Total Nacional;Total;2017;394.301
Total Nacional;Total;2016;365.202
Total Nacional;Total;2015;288.756
Total Nacional;Total;2014;277.956
Total Nacional;Total;2013;275.196
Total Nacional;Española;2021;308.969
Total Nacional;Española;2020;232.479
Total Nacional;Española;2019;307.609
Total Nacional;Española;2018;307.924
Total Nacional;Española;2017;303.717
Total Nacional;Española;2016;280.750
Total Nacional;Española;2015;221.857
Total Nacional;Española;2014;213.157
Total Nacional;Española;2013;207.580
Total Nacional;País de la UE28 sin España;2021;""
Total Nacional;País de la UE28 sin España;2020;""
Total Nacional;País de la UE28 sin España;2019;33.027
Total Nacional;País de la UE28 sin España;2018;33.517
Total Nacional;País de la UE28 sin España;2017;30.470
Total Nacional;País de la UE28 sin España;2016;28.819
Total Nacional;País de la UE28 sin España;2015;21.936
Total Nacional;País de la UE28 sin España;2014;20.607
Total Nacional;País de la UE28 sin España;2013;20.889
Total Nacional;País de la UE27_2020 sin España;2021;24.610
Total Nacional;País de la UE27_2020 sin España;2020;20.332
Total Nacional;País de la UE27_2020 sin España;2019;""
Total Nacional;País de la UE27_2020 sin España;2018;""
Total Nacional;País de la UE27_2020 sin España;2017;""
Total Nacional;País de la UE27_2020 sin España;2016;""
Total Nacional;País de la UE27_2020 sin España;2015;""
Total Nacional;País de la UE27_2020 sin España;2014;""
Total Nacional;País de la UE27_2020 sin España;2013;""
Total Nacional;País de Europa menos UE28;2021;""
Total Nacional;País de Europa menos UE28;2020;""
Total Nacional;País de Europa menos UE28;2019;7.665
Total Nacional;País de Europa menos UE28;2018;5.922
Total Nacional;País de Europa menos UE28;2017;4.984
Total Nacional;País de Europa menos UE28;2016;4.289
Total Nacional;País de Europa menos UE28;2015;3.010
Total Nacional;País de Europa menos UE28;2014;2.466
Total Nacional;País de Europa menos UE28;2013;2.126
Total Nacional;País de Europa menos UE27_2020;2021;7.777
Total Nacional;País de Europa menos UE27_2020;2020;6.641
Total Nacional;País de Europa menos UE27_2020;2019;""
Total Nacional;País de Europa menos UE27_2020;2018;""
Total Nacional;País de Europa menos UE27_2020;2017;""
Total Nacional;País de Europa menos UE27_2020;2016;""
Total Nacional;País de Europa menos UE27_2020;2015;""
Total Nacional;País de Europa menos UE27_2020;2014;""
Total Nacional;País de Europa menos UE27_2020;2013;""
Total Nacional;De Africa;2021;32.696
Total Nacional;De Africa;2020;24.009
Total Nacional;De Africa;2019;30.198
Total Nacional;De Africa;2018;27.649
Total Nacional;De Africa;2017;25.859
Total Nacional;De Africa;2016;23.575
Total Nacional;De Africa;2015;18.277
Total Nacional;De Africa;2014;17.534
Total Nacional;De Africa;2013;18.152
Total Nacional;De América;2021;33.539
Total Nacional;De América;2020;25.316
Total Nacional;De América;2019;30.448
Total Nacional;De América;2018;27.879
Total Nacional;De América;2017;26.009
Total Nacional;De América;2016;24.839
Total Nacional;De América;2015;21.446
Total Nacional;De América;2014;21.997
Total Nacional;De América;2013;23.984
Total Nacional;De Asia;2021;3.237
Total Nacional;De Asia;2020;2.477
Total Nacional;De Asia;2019;3.583
Total Nacional;De Asia;2018;3.409
Total Nacional;De Asia;2017;3.228
Total Nacional;De Asia;2016;2.879
Total Nacional;De Asia;2015;2.207
Total Nacional;De Asia;2014;2.173
Total Nacional;De Asia;2013;2.153
Total Nacional;De Oceanía;2021;14
Total Nacional;De Oceanía;2020;17
Total Nacional;De Oceanía;2019;41
Total Nacional;De Oceanía;2018;27
Total Nacional;De Oceanía;2017;34
Total Nacional;De Oceanía;2016;51
Total Nacional;De Oceanía;2015;23
Total Nacional;De Oceanía;2014;22
Total Nacional;De Oceanía;2013;312
01 Andalucía;Total;2021;79.458
01 Andalucía;Total;2020;58.900
01 Andalucía;Total;2019;77.303
01 Andalucía;Total;2018;79.176
01 Andalucía;Total;2017;76.097
01 Andalucía;Total;2016;70.693
01 Andalucía;Total;2015;55.998
01 Andalucía;Total;2014;53.536
01 Andalucía;Total;2013;54.881
01 Andalucía;Española;2021;67.176
01 Andalucía;Española;2020;49.972
01 Andalucía;Española;2019;65.933
01 Andalucía;Española;2018;67.963
01 Andalucía;Española;2017;65.934
01 Andalucía;Española;2016;60.685
01 Andalucía;Española;2015;47.722
01 Andalucía;Española;2014;45.226
01 Andalucía;Española;2013;45.954
01 Andalucía;País de la UE28 sin España;2021;""
01 Andalucía;País de la UE28 sin España;2020;""
01 Andalucía;País de la UE28 sin España;2019;4.167
01 Andalucía;País de la UE28 sin España;2018;4.248
01 Andalucía;País de la UE28 sin España;2017;3.971
01 Andalucía;País de la UE28 sin España;2016;4.045
01 Andalucía;País de la UE28 sin España;2015;3.169
01 Andalucía;País de la UE28 sin España;2014;3.098
01 Andalucía;País de la UE28 sin España;2013;3.335
01 Andalucía;País de la UE27_2020 sin España;2021;3.351
01 Andalucía;País de la UE27_2020 sin España;2020;2.539
01 Andalucía;País de la UE27_2020 sin España;2019;""
01 Andalucía;País de la UE27_2020 sin España;2018;""
01 Andalucía;País de la UE27_2020 sin España;2017;""
01 Andalucía;País de la UE27_2020 sin España;2016;""
01 Andalucía;País de la UE27_2020 sin España;2015;""
01 Andalucía;País de la UE27_2020 sin España;2014;""
01 Andalucía;País de la UE27_2020 sin España;2013;""
01 Andalucía;País de Europa menos UE28;2021;""
01 Andalucía;País de Europa menos UE28;2020;""
01 Andalucía;País de Europa menos UE28;2019;593
01 Andalucía;País de Europa menos UE28;2018;555
01 Andalucía;País de Europa menos UE28;2017;541
01 Andalucía;País de Europa menos UE28;2016;444
01 Andalucía;País de Europa menos UE28;2015;394
01 Andalucía;País de Europa menos UE28;2014;354
01 Andalucía;País de Europa menos UE28;2013;260
01 Andalucía;País de Europa menos UE27_2020;2021;1.201
01 Andalucía;País de Europa menos UE27_2020;2020;892
01 Andalucía;País de Europa menos UE27_2020;2019;""
01 Andalucía;País de Europa menos UE27_2020;2018;""
01 Andalucía;País de Europa menos UE27_2020;2017;""
01 Andalucía;País de Europa menos UE27_2020;2016;""
01 Andalucía;País de Europa menos UE27_2020;2015;""
01 Andalucía;País de Europa menos UE27_2020;2014;""
01 Andalucía;País de Europa menos UE27_2020;2013;""
01 Andalucía;De Africa;2021;4.993
01 Andalucía;De Africa;2020;3.580
01 Andalucía;De Africa;2019;4.241
01 Andalucía;De Africa;2018;4.051
01 Andalucía;De Africa;2017;3.598
01 Andalucía;De Africa;2016;3.523
01 Andalucía;De Africa;2015;2.872
01 Andalucía;De Africa;2014;2.976
01 Andalucía;De Africa;2013;3.181
01 Andalucía;De América;2021;2.386
01 Andalucía;De América;2020;1.723
01 Andalucía;De América;2019;2.066
01 Andalucía;De América;2018;2.048
01 Andalucía;De América;2017;1.761
01 Andalucía;De América;2016;1.717
01 Andalucía;De América;2015;1.650
01 Andalucía;De América;2014;1.687
01 Andalucía;De América;2013;1.927
01 Andalucía;De Asia;2021;347
01 Andalucía;De Asia;2020;192
01 Andalucía;De Asia;2019;297
01 Andalucía;De Asia;2018;308
01 Andalucía;De Asia;2017;289
01 Andalucía;De Asia;2016;267
01 Andalucía;De Asia;2015;189
01 Andalucía;De Asia;2014;192
01 Andalucía;De Asia;2013;206
01 Andalucía;De Oceanía;2021;4
01 Andalucía;De Oceanía;2020;2
01 Andalucía;De Oceanía;2019;6
01 Andalucía;De Oceanía;2018;3
01 Andalucía;De Oceanía;2017;3
01 Andalucía;De Oceanía;2016;12
01 Andalucía;De Oceanía;2015;2
01 Andalucía;De Oceanía;2014;3
01 Andalucía;De Oceanía;2013;18
02 Aragón;Total;2021;10.063
02 Aragón;Total;2020;7.672
02 Aragón;Total;2019;9.595
02 Aragón;Total;2018;9.266
02 Aragón;Total;2017;9.253
02 Aragón;Total;2016;8.900
02 Aragón;Total;2015;6.891
02 Aragón;Total;2014;6.358
02 Aragón;Total;2013;6.116
02 Aragón;Española;2021;6.861
02 Aragón;Española;2020;5.335
02 Aragón;Española;2019;6.882
02 Aragón;Española;2018;6.760
02 Aragón;Española;2017;6.813
02 Aragón;Española;2016;6.585
02 Aragón;Española;2015;5.033
02 Aragón;Española;2014;4.524
02 Aragón;Española;2013;4.287
02 Aragón;País de la UE28 sin España;2021;""
02 Aragón;País de la UE28 sin España;2020;""
02 Aragón;País de la UE28 sin España;2019;1.051
02 Aragón;País de la UE28 sin España;2018;1.072
02 Aragón;País de la UE28 sin España;2017;1.082
02 Aragón;País de la UE28 sin España;2016;1.038
02 Aragón;País de la UE28 sin España;2015;809
02 Aragón;País de la UE28 sin España;2014;756
02 Aragón;País de la UE28 sin España;2013;789
02 Aragón;País de la UE27_2020 sin España;2021;1.131
02 Aragón;País de la UE27_2020 sin España;2020;935
02 Aragón;País de la UE27_2020 sin España;2019;""
02 Aragón;País de la UE27_2020 sin España;2018;""
02 Aragón;País de la UE27_2020 sin España;2017;""
02 Aragón;País de la UE27_2020 sin España;2016;""
02 Aragón;País de la UE27_2020 sin España;2015;""
02 Aragón;País de la UE27_2020 sin España;2014;""
02 Aragón;País de la UE27_2020 sin España;2013;""
02 Aragón;País de Europa menos UE28;2021;""
02 Aragón;País de Europa menos UE28;2020;""
02 Aragón;País de Europa menos UE28;2019;65
02 Aragón;País de Europa menos UE28;2018;94
02 Aragón;País de Europa menos UE28;2017;63
02 Aragón;País de Europa menos UE28;2016;70
02 Aragón;País de Europa menos UE28;2015;44
02 Aragón;País de Europa menos UE28;2014;33
02 Aragón;País de Europa menos UE28;2013;46
02 Aragón;País de Europa menos UE27_2020;2021;90
02 Aragón;País de Europa menos UE27_2020;2020;53
02 Aragón;País de Europa menos UE27_2020;2019;""
02 Aragón;País de Europa menos UE27_2020;2018;""
02 Aragón;País de Europa menos UE27_2020;2017;""
02 Aragón;País de Europa menos UE27_2020;2016;""
02 Aragón;País de Europa menos UE27_2020;2015;""
02 Aragón;País de Europa menos UE27_2020;2014;""
02 Aragón;País de Europa menos UE27_2020;2013;""
02 Aragón;De Africa;2021;1.028
02 Aragón;De Africa;2020;656
02 Aragón;De Africa;2019;772
02 Aragón;De Africa;2018;648
02 Aragón;De Africa;2017;578
02 Aragón;De Africa;2016;580
02 Aragón;De Africa;2015;477
02 Aragón;De Africa;2014;417
02 Aragón;De Africa;2013;418
02 Aragón;De América;2021;861
02 Aragón;De América;2020;652
02 Aragón;De América;2019;761
02 Aragón;De América;2018;637
02 Aragón;De América;2017;665
02 Aragón;De América;2016;573
02 Aragón;De América;2015;487
02 Aragón;De América;2014;578
02 Aragón;De América;2013;547
02 Aragón;De Asia;2021;92
02 Aragón;De Asia;2020;41
02 Aragón;De Asia;2019;64
02 Aragón;De Asia;2018;55
02 Aragón;De Asia;2017;52
02 Aragón;De Asia;2016;53
02 Aragón;De Asia;2015;41
02 Aragón;De Asia;2014;50
02 Aragón;De Asia;2013;27
02 Aragón;De Oceanía;2021;0
02 Aragón;De Oceanía;2020;0
02 Aragón;De Oceanía;2019;0
02 Aragón;De Oceanía;2018;0
02 Aragón;De Oceanía;2017;0
02 Aragón;De Oceanía;2016;1
02 Aragón;De Oceanía;2015;0
02 Aragón;De Oceanía;2014;0
02 Aragón;De Oceanía;2013;2
03 Asturias, Principado de;Total;2021;8.579
03 Asturias, Principado de;Total;2020;6.570
03 Asturias, Principado de;Total;2019;8.824
03 Asturias, Principado de;Total;2018;9.032
03 Asturias, Principado de;Total;2017;9.166
03 Asturias, Principado de;Total;2016;8.656
03 Asturias, Principado de;Total;2015;6.185
03 Asturias, Principado de;Total;2014;6.196
03 Asturias, Principado de;Total;2013;6.076
03 Asturias, Principado de;Española;2021;7.639
03 Asturias, Principado de;Española;2020;5.953
03 Asturias, Principado de;Española;2019;7.979
03 Asturias, Principado de;Española;2018;8.268
03 Asturias, Principado de;Española;2017;8.291
03 Asturias, Principado de;Española;2016;7.823
03 Asturias, Principado de;Española;2015;5.613
03 Asturias, Principado de;Española;2014;5.594
03 Asturias, Principado de;Española;2013;5.450
03 Asturias, Principado de;País de la UE28 sin España;2021;""
03 Asturias, Principado de;País de la UE28 sin España;2020;""
03 Asturias, Principado de;País de la UE28 sin España;2019;364
03 Asturias, Principado de;País de la UE28 sin España;2018;319
03 Asturias, Principado de;País de la UE28 sin España;2017;375
03 Asturias, Principado de;País de la UE28 sin España;2016;333
03 Asturias, Principado de;País de la UE28 sin España;2015;233
03 Asturias, Principado de;País de la UE28 sin España;2014;236
03 Asturias, Principado de;País de la UE28 sin España;2013;222
03 Asturias, Principado de;País de la UE27_2020 sin España;2021;344
03 Asturias, Principado de;País de la UE27_2020 sin España;2020;223
03 Asturias, Principado de;País de la UE27_2020 sin España;2019;""
03 Asturias, Principado de;País de la UE27_2020 sin España;2018;""
03 Asturias, Principado de;País de la UE27_2020 sin España;2017;""
03 Asturias, Principado de;País de la UE27_2020 sin España;2016;""
03 Asturias, Principado de;País de la UE27_2020 sin España;2015;""
03 Asturias, Principado de;País de la UE27_2020 sin España;2014;""
03 Asturias, Principado de;País de la UE27_2020 sin España;2013;""
03 Asturias, Principado de;País de Europa menos UE28;2021;""
03 Asturias, Principado de;País de Europa menos UE28;2020;""
03 Asturias, Principado de;País de Europa menos UE28;2019;22
03 Asturias, Principado de;País de Europa menos UE28;2018;39
03 Asturias, Principado de;País de Europa menos UE28;2017;24
03 Asturias, Principado de;País de Europa menos UE28;2016;29
03 Asturias, Principado de;País de Europa menos UE28;2015;14
03 Asturias, Principado de;País de Europa menos UE28;2014;13
03 Asturias, Principado de;País de Europa menos UE28;2013;19
03 Asturias, Principado de;País de Europa menos UE27_2020;2021;35
03 Asturias, Principado de;País de Europa menos UE27_2020;2020;39
03 Asturias, Principado de;País de Europa menos UE27_2020;2019;""
03 Asturias, Principado de;País de Europa menos UE27_2020;2018;""
03 Asturias, Principado de;País de Europa menos UE27_2020;2017;""
03 Asturias, Principado de;País de Europa menos UE27_2020;2016;""
03 Asturias, Principado de;País de Europa menos UE27_2020;2015;""
03 Asturias, Principado de;País de Europa menos UE27_2020;2014;""
03 Asturias, Principado de;País de Europa menos UE27_2020;2013;""
03 Asturias, Principado de;De Africa;2021;167
03 Asturias, Principado de;De Africa;2020;99
03 Asturias, Principado de;De Africa;2019;163
03 Asturias, Principado de;De Africa;2018;143
03 Asturias, Principado de;De Africa;2017;204
03 Asturias, Principado de;De Africa;2016;150
03 Asturias, Principado de;De Africa;2015;97
03 Asturias, Principado de;De Africa;2014;94
03 Asturias, Principado de;De Africa;2013;120
03 Asturias, Principado de;De América;2021;367
03 Asturias, Principado de;De América;2020;244
03 Asturias, Principado de;De América;2019;288
03 Asturias, Principado de;De América;2018;248
03 Asturias, Principado de;De América;2017;266
03 Asturias, Principado de;De América;2016;313
03 Asturias, Principado de;De América;2015;218
03 Asturias, Principado de;De América;2014;252
03 Asturias, Principado de;De América;2013;248
03 Asturias, Principado de;De Asia;2021;27
03 Asturias, Principado de;De Asia;2020;12
03 Asturias, Principado de;De Asia;2019;8
03 Asturias, Principado de;De Asia;2018;15
03 Asturias, Principado de;De Asia;2017;6
03 Asturias, Principado de;De Asia;2016;8
03 Asturias, Principado de;De Asia;2015;10
03 Asturias, Principado de;De Asia;2014;7
03 Asturias, Principado de;De Asia;2013;15
03 Asturias, Principado de;De Oceanía;2021;0
03 Asturias, Principado de;De Oceanía;2020;0
03 Asturias, Principado de;De Oceanía;2019;0
03 Asturias, Principado de;De Oceanía;2018;0
03 Asturias, Principado de;De Oceanía;2017;0
03 Asturias, Principado de;De Oceanía;2016;0
03 Asturias, Principado de;De Oceanía;2015;0
03 Asturias, Principado de;De Oceanía;2014;0
03 Asturias, Principado de;De Oceanía;2013;2
04 Balears, Illes;Total;2021;12.818
04 Balears, Illes;Total;2020;8.875
04 Balears, Illes;Total;2019;11.735
04 Balears, Illes;Total;2018;11.285
04 Balears, Illes;Total;2017;11.216
04 Balears, Illes;Total;2016;10.237
04 Balears, Illes;Total;2015;8.887
04 Balears, Illes;Total;2014;9.176
04 Balears, Illes;Total;2013;8.918
04 Balears, Illes;Española;2021;8.676
04 Balears, Illes;Española;2020;6.028
04 Balears, Illes;Española;2019;7.802
04 Balears, Illes;Española;2018;7.575
04 Balears, Illes;Española;2017;7.831
04 Balears, Illes;Española;2016;7.110
04 Balears, Illes;Española;2015;6.190
04 Balears, Illes;Española;2014;6.292
04 Balears, Illes;Española;2013;6.046
04 Balears, Illes;País de la UE28 sin España;2021;""
04 Balears, Illes;País de la UE28 sin España;2020;""
04 Balears, Illes;País de la UE28 sin España;2019;1.498
04 Balears, Illes;País de la UE28 sin España;2018;1.509
04 Balears, Illes;País de la UE28 sin España;2017;1.376
04 Balears, Illes;País de la UE28 sin España;2016;1.287
04 Balears, Illes;País de la UE28 sin España;2015;1.141
04 Balears, Illes;País de la UE28 sin España;2014;1.140
04 Balears, Illes;País de la UE28 sin España;2013;1.041
04 Balears, Illes;País de la UE27_2020 sin España;2021;1.119
04 Balears, Illes;País de la UE27_2020 sin España;2020;847
04 Balears, Illes;País de la UE27_2020 sin España;2019;""
04 Balears, Illes;País de la UE27_2020 sin España;2018;""
04 Balears, Illes;País de la UE27_2020 sin España;2017;""
04 Balears, Illes;País de la UE27_2020 sin España;2016;""
04 Balears, Illes;País de la UE27_2020 sin España;2015;""
04 Balears, Illes;País de la UE27_2020 sin España;2014;""
04 Balears, Illes;País de la UE27_2020 sin España;2013;""
04 Balears, Illes;País de Europa menos UE28;2021;""
04 Balears, Illes;País de Europa menos UE28;2020;""
04 Balears, Illes;País de Europa menos UE28;2019;138
04 Balears, Illes;País de Europa menos UE28;2018;133
04 Balears, Illes;País de Europa menos UE28;2017;122
04 Balears, Illes;País de Europa menos UE28;2016;91
04 Balears, Illes;País de Europa menos UE28;2015;55
04 Balears, Illes;País de Europa menos UE28;2014;78
04 Balears, Illes;País de Europa menos UE28;2013;72
04 Balears, Illes;País de Europa menos UE27_2020;2021;407
04 Balears, Illes;País de Europa menos UE27_2020;2020;225
04 Balears, Illes;País de Europa menos UE27_2020;2019;""
04 Balears, Illes;País de Europa menos UE27_2020;2018;""
04 Balears, Illes;País de Europa menos UE27_2020;2017;""
04 Balears, Illes;País de Europa menos UE27_2020;2016;""
04 Balears, Illes;País de Europa menos UE27_2020;2015;""
04 Balears, Illes;País de Europa menos UE27_2020;2014;""
04 Balears, Illes;País de Europa menos UE27_2020;2013;""
04 Balears, Illes;De Africa;2021;1.006
04 Balears, Illes;De Africa;2020;639
04 Balears, Illes;De Africa;2019;833
04 Balears, Illes;De Africa;2018;766
04 Balears, Illes;De Africa;2017;766
04 Balears, Illes;De Africa;2016;666
04 Balears, Illes;De Africa;2015;601
04 Balears, Illes;De Africa;2014;632
04 Balears, Illes;De Africa;2013;558
04 Balears, Illes;De América;2021;1.501
04 Balears, Illes;De América;2020;1.054
04 Balears, Illes;De América;2019;1.303
04 Balears, Illes;De América;2018;1.167
04 Balears, Illes;De América;2017;1.025
04 Balears, Illes;De América;2016;993
04 Balears, Illes;De América;2015;845
04 Balears, Illes;De América;2014;970
04 Balears, Illes;De América;2013;1.140
04 Balears, Illes;De Asia;2021;107
04 Balears, Illes;De Asia;2020;80
04 Balears, Illes;De Asia;2019;157
04 Balears, Illes;De Asia;2018;131
04 Balears, Illes;De Asia;2017;92
04 Balears, Illes;De Asia;2016;86
04 Balears, Illes;De Asia;2015;49
04 Balears, Illes;De Asia;2014;61
04 Balears, Illes;De Asia;2013;57
04 Balears, Illes;De Oceanía;2021;2
04 Balears, Illes;De Oceanía;2020;2
04 Balears, Illes;De Oceanía;2019;4
04 Balears, Illes;De Oceanía;2018;4
04 Balears, Illes;De Oceanía;2017;4
04 Balears, Illes;De Oceanía;2016;4
04 Balears, Illes;De Oceanía;2015;6
04 Balears, Illes;De Oceanía;2014;3
04 Balears, Illes;De Oceanía;2013;4
05 Canarias;Total;2021;22.510
05 Canarias;Total;2020;16.689
05 Canarias;Total;2019;21.082
05 Canarias;Total;2018;20.943
05 Canarias;Total;2017;20.833
05 Canarias;Total;2016;19.977
05 Canarias;Total;2015;16.313
05 Canarias;Total;2014;15.699
05 Canarias;Total;2013;14.326
05 Canarias;Española;2021;18.373
05 Canarias;Española;2020;13.794
05 Canarias;Española;2019;17.212
05 Canarias;Española;2018;17.365
05 Canarias;Española;2017;17.402
05 Canarias;Española;2016;16.923
05 Canarias;Española;2015;13.796
05 Canarias;Española;2014;13.219
05 Canarias;Española;2013;11.889
05 Canarias;País de la UE28 sin España;2021;""
05 Canarias;País de la UE28 sin España;2020;""
05 Canarias;País de la UE28 sin España;2019;1.598
05 Canarias;País de la UE28 sin España;2018;1.543
05 Canarias;País de la UE28 sin España;2017;1.487
05 Canarias;País de la UE28 sin España;2016;1.276
05 Canarias;País de la UE28 sin España;2015;1.017
05 Canarias;País de la UE28 sin España;2014;864
05 Canarias;País de la UE28 sin España;2013;791
05 Canarias;País de la UE27_2020 sin España;2021;1.084
05 Canarias;País de la UE27_2020 sin España;2020;805
05 Canarias;País de la UE27_2020 sin España;2019;""
05 Canarias;País de la UE27_2020 sin España;2018;""
05 Canarias;País de la UE27_2020 sin España;2017;""
05 Canarias;País de la UE27_2020 sin España;2016;""
05 Canarias;País de la UE27_2020 sin España;2015;""
05 Canarias;País de la UE27_2020 sin España;2014;""
05 Canarias;País de la UE27_2020 sin España;2013;""
05 Canarias;País de Europa menos UE28;2021;""
05 Canarias;País de Europa menos UE28;2020;""
05 Canarias;País de Europa menos UE28;2019;276
05 Canarias;País de Europa menos UE28;2018;160
05 Canarias;País de Europa menos UE28;2017;134
05 Canarias;País de Europa menos UE28;2016;124
05 Canarias;País de Europa menos UE28;2015;83
05 Canarias;País de Europa menos UE28;2014;83
05 Canarias;País de Europa menos UE28;2013;87
05 Canarias;País de Europa menos UE27_2020;2021;482
05 Canarias;País de Europa menos UE27_2020;2020;366
05 Canarias;País de Europa menos UE27_2020;2019;""
05 Canarias;País de Europa menos UE27_2020;2018;""
05 Canarias;País de Europa menos UE27_2020;2017;""
05 Canarias;País de Europa menos UE27_2020;2016;""
05 Canarias;País de Europa menos UE27_2020;2015;""
05 Canarias;País de Europa menos UE27_2020;2014;""
05 Canarias;País de Europa menos UE27_2020;2013;""
05 Canarias;De Africa;2021;1.185
05 Canarias;De Africa;2020;727
05 Canarias;De Africa;2019;756
05 Canarias;De Africa;2018;688
05 Canarias;De Africa;2017;689
05 Canarias;De Africa;2016;612
05 Canarias;De Africa;2015;535
05 Canarias;De Africa;2014;571
05 Canarias;De Africa;2013;546
05 Canarias;De América;2021;1.297
05 Canarias;De América;2020;913
05 Canarias;De América;2019;1.096
05 Canarias;De América;2018;1.058
05 Canarias;De América;2017;1.035
05 Canarias;De América;2016;958
05 Canarias;De América;2015;824
05 Canarias;De América;2014;911
05 Canarias;De América;2013;941
05 Canarias;De Asia;2021;88
05 Canarias;De Asia;2020;83
05 Canarias;De Asia;2019;139
05 Canarias;De Asia;2018;126
05 Canarias;De Asia;2017;84
05 Canarias;De Asia;2016;81
05 Canarias;De Asia;2015;57
05 Canarias;De Asia;2014;49
05 Canarias;De Asia;2013;67
05 Canarias;De Oceanía;2021;1
05 Canarias;De Oceanía;2020;1
05 Canarias;De Oceanía;2019;5
05 Canarias;De Oceanía;2018;3
05 Canarias;De Oceanía;2017;2
05 Canarias;De Oceanía;2016;3
05 Canarias;De Oceanía;2015;1
05 Canarias;De Oceanía;2014;2
05 Canarias;De Oceanía;2013;5
06 Cantabria;Total;2021;5.207
06 Cantabria;Total;2020;4.129
06 Cantabria;Total;2019;4.897
06 Cantabria;Total;2018;4.903
06 Cantabria;Total;2017;4.615
06 Cantabria;Total;2016;4.623
06 Cantabria;Total;2015;3.376
06 Cantabria;Total;2014;3.368
06 Cantabria;Total;2013;3.268
06 Cantabria;Española;2021;4.468
06 Cantabria;Española;2020;3.510
06 Cantabria;Española;2019;4.155
06 Cantabria;Española;2018;4.230
06 Cantabria;Española;2017;4.025
06 Cantabria;Española;2016;4.004
06 Cantabria;Española;2015;2.859
06 Cantabria;Española;2014;2.852
06 Cantabria;Española;2013;2.722
06 Cantabria;País de la UE28 sin España;2021;""
06 Cantabria;País de la UE28 sin España;2020;""
06 Cantabria;País de la UE28 sin España;2019;194
06 Cantabria;País de la UE28 sin España;2018;201
06 Cantabria;País de la UE28 sin España;2017;185
06 Cantabria;País de la UE28 sin España;2016;154
06 Cantabria;País de la UE28 sin España;2015;182
06 Cantabria;País de la UE28 sin España;2014;177
06 Cantabria;País de la UE28 sin España;2013;189
06 Cantabria;País de la UE27_2020 sin España;2021;140
06 Cantabria;País de la UE27_2020 sin España;2020;149
06 Cantabria;País de la UE27_2020 sin España;2019;""
06 Cantabria;País de la UE27_2020 sin España;2018;""
06 Cantabria;País de la UE27_2020 sin España;2017;""
06 Cantabria;País de la UE27_2020 sin España;2016;""
06 Cantabria;País de la UE27_2020 sin España;2015;""
06 Cantabria;País de la UE27_2020 sin España;2014;""
06 Cantabria;País de la UE27_2020 sin España;2013;""
06 Cantabria;País de Europa menos UE28;2021;""
06 Cantabria;País de Europa menos UE28;2020;""
06 Cantabria;País de Europa menos UE28;2019;129
06 Cantabria;País de Europa menos UE28;2018;83
06 Cantabria;País de Europa menos UE28;2017;55
06 Cantabria;País de Europa menos UE28;2016;66
06 Cantabria;País de Europa menos UE28;2015;57
06 Cantabria;País de Europa menos UE28;2014;48
06 Cantabria;País de Europa menos UE28;2013;31
06 Cantabria;País de Europa menos UE27_2020;2021;116
06 Cantabria;País de Europa menos UE27_2020;2020;99
06 Cantabria;País de Europa menos UE27_2020;2019;""
06 Cantabria;País de Europa menos UE27_2020;2018;""
06 Cantabria;País de Europa menos UE27_2020;2017;""
06 Cantabria;País de Europa menos UE27_2020;2016;""
06 Cantabria;País de Europa menos UE27_2020;2015;""
06 Cantabria;País de Europa menos UE27_2020;2014;""
06 Cantabria;País de Europa menos UE27_2020;2013;""
06 Cantabria;De Africa;2021;152
06 Cantabria;De Africa;2020;125
06 Cantabria;De Africa;2019;126
06 Cantabria;De Africa;2018;110
06 Cantabria;De Africa;2017;91
06 Cantabria;De Africa;2016;99
06 Cantabria;De Africa;2015;65
06 Cantabria;De Africa;2014;63
06 Cantabria;De Africa;2013;65
06 Cantabria;De América;2021;318
06 Cantabria;De América;2020;229
06 Cantabria;De América;2019;277
06 Cantabria;De América;2018;266
06 Cantabria;De América;2017;241
06 Cantabria;De América;2016;282
06 Cantabria;De América;2015;194
06 Cantabria;De América;2014;214
06 Cantabria;De América;2013;247
06 Cantabria;De Asia;2021;13
06 Cantabria;De Asia;2020;17
06 Cantabria;De Asia;2019;16
06 Cantabria;De Asia;2018;13
06 Cantabria;De Asia;2017;18
06 Cantabria;De Asia;2016;18
06 Cantabria;De Asia;2015;18
06 Cantabria;De Asia;2014;14
06 Cantabria;De Asia;2013;12
06 Cantabria;De Oceanía;2021;0
06 Cantabria;De Oceanía;2020;0
06 Cantabria;De Oceanía;2019;0
06 Cantabria;De Oceanía;2018;0
06 Cantabria;De Oceanía;2017;0
06 Cantabria;De Oceanía;2016;0
06 Cantabria;De Oceanía;2015;1
06 Cantabria;De Oceanía;2014;0
06 Cantabria;De Oceanía;2013;2
07 Castilla y León;Total;2021;17.616
07 Castilla y León;Total;2020;12.456
07 Castilla y León;Total;2019;16.731
07 Castilla y León;Total;2018;16.333
07 Castilla y León;Total;2017;15.754
07 Castilla y León;Total;2016;14.307
07 Castilla y León;Total;2015;11.551
07 Castilla y León;Total;2014;11.634
07 Castilla y León;Total;2013;12.177
07 Castilla y León;Española;2021;14.931
07 Castilla y León;Española;2020;10.572
07 Castilla y León;Española;2019;14.327
07 Castilla y León;Española;2018;13.950
07 Castilla y León;Española;2017;13.333
07 Castilla y León;Española;2016;11.985
07 Castilla y León;Española;2015;9.660
07 Castilla y León;Española;2014;9.709
07 Castilla y León;Española;2013;9.986
07 Castilla y León;País de la UE28 sin España;2021;""
07 Castilla y León;País de la UE28 sin España;2020;""
07 Castilla y León;País de la UE28 sin España;2019;1.150
07 Castilla y León;País de la UE28 sin España;2018;1.219
07 Castilla y León;País de la UE28 sin España;2017;1.216
07 Castilla y León;País de la UE28 sin España;2016;1.180
07 Castilla y León;País de la UE28 sin España;2015;876
07 Castilla y León;País de la UE28 sin España;2014;962
07 Castilla y León;País de la UE28 sin España;2013;1.061
07 Castilla y León;País de la UE27_2020 sin España;2021;1.139
07 Castilla y León;País de la UE27_2020 sin España;2020;928
07 Castilla y León;País de la UE27_2020 sin España;2019;""
07 Castilla y León;País de la UE27_2020 sin España;2018;""
07 Castilla y León;País de la UE27_2020 sin España;2017;""
07 Castilla y León;País de la UE27_2020 sin España;2016;""
07 Castilla y León;País de la UE27_2020 sin España;2015;""
07 Castilla y León;País de la UE27_2020 sin España;2014;""
07 Castilla y León;País de la UE27_2020 sin España;2013;""
07 Castilla y León;País de Europa menos UE28;2021;""
07 Castilla y León;País de Europa menos UE28;2020;""
07 Castilla y León;País de Europa menos UE28;2019;52
07 Castilla y León;País de Europa menos UE28;2018;82
07 Castilla y León;País de Europa menos UE28;2017;62
07 Castilla y León;País de Europa menos UE28;2016;44
07 Castilla y León;País de Europa menos UE28;2015;56
07 Castilla y León;País de Europa menos UE28;2014;26
07 Castilla y León;País de Europa menos UE28;2013;56
07 Castilla y León;País de Europa menos UE27_2020;2021;82
07 Castilla y León;País de Europa menos UE27_2020;2020;52
07 Castilla y León;País de Europa menos UE27_2020;2019;""
07 Castilla y León;País de Europa menos UE27_2020;2018;""
07 Castilla y León;País de Europa menos UE27_2020;2017;""
07 Castilla y León;País de Europa menos UE27_2020;2016;""
07 Castilla y León;País de Europa menos UE27_2020;2015;""
07 Castilla y León;País de Europa menos UE27_2020;2014;""
07 Castilla y León;País de Europa menos UE27_2020;2013;""
07 Castilla y León;De Africa;2021;603
07 Castilla y León;De Africa;2020;318
07 Castilla y León;De Africa;2019;424
07 Castilla y León;De Africa;2018;393
07 Castilla y León;De Africa;2017;434
07 Castilla y León;De Africa;2016;410
07 Castilla y León;De Africa;2015;328
07 Castilla y León;De Africa;2014;319
07 Castilla y León;De Africa;2013;333
07 Castilla y León;De América;2021;836
07 Castilla y León;De América;2020;559
07 Castilla y León;De América;2019;730
07 Castilla y León;De América;2018;650
07 Castilla y León;De América;2017;679
07 Castilla y León;De América;2016;660
07 Castilla y León;De América;2015;603
07 Castilla y León;De América;2014;596
07 Castilla y León;De América;2013;712
07 Castilla y León;De Asia;2021;24
07 Castilla y León;De Asia;2020;27
07 Castilla y León;De Asia;2019;48
07 Castilla y León;De Asia;2018;39
07 Castilla y León;De Asia;2017;30
07 Castilla y León;De Asia;2016;27
07 Castilla y León;De Asia;2015;28
07 Castilla y León;De Asia;2014;22
07 Castilla y León;De Asia;2013;23
07 Castilla y León;De Oceanía;2021;1
07 Castilla y León;De Oceanía;2020;0
07 Castilla y León;De Oceanía;2019;0
07 Castilla y León;De Oceanía;2018;0
07 Castilla y León;De Oceanía;2017;0
07 Castilla y León;De Oceanía;2016;1
07 Castilla y León;De Oceanía;2015;0
07 Castilla y León;De Oceanía;2014;0
07 Castilla y León;De Oceanía;2013;6
08 Castilla - La Mancha;Total;2021;13.267
08 Castilla - La Mancha;Total;2020;9.963
08 Castilla - La Mancha;Total;2019;12.783
08 Castilla - La Mancha;Total;2018;12.411
08 Castilla - La Mancha;Total;2017;11.967
08 Castilla - La Mancha;Total;2016;11.315
08 Castilla - La Mancha;Total;2015;10.486
08 Castilla - La Mancha;Total;2014;10.437
08 Castilla - La Mancha;Total;2013;10.296
08 Castilla - La Mancha;Española;2021;10.586
08 Castilla - La Mancha;Española;2020;8.045
08 Castilla - La Mancha;Española;2019;10.379
08 Castilla - La Mancha;Española;2018;10.212
08 Castilla - La Mancha;Española;2017;9.739
08 Castilla - La Mancha;Española;2016;9.149
08 Castilla - La Mancha;Española;2015;8.329
08 Castilla - La Mancha;Española;2014;8.307
08 Castilla - La Mancha;Española;2013;7.896
08 Castilla - La Mancha;País de la UE28 sin España;2021;""
08 Castilla - La Mancha;País de la UE28 sin España;2020;""
08 Castilla - La Mancha;País de la UE28 sin España;2019;1.092
08 Castilla - La Mancha;País de la UE28 sin España;2018;1.009
08 Castilla - La Mancha;País de la UE28 sin España;2017;1.084
08 Castilla - La Mancha;País de la UE28 sin España;2016;1.054
08 Castilla - La Mancha;País de la UE28 sin España;2015;969
08 Castilla - La Mancha;País de la UE28 sin España;2014;1.040
08 Castilla - La Mancha;País de la UE28 sin España;2013;1.176
08 Castilla - La Mancha;País de la UE27_2020 sin España;2021;891
08 Castilla - La Mancha;País de la UE27_2020 sin España;2020;746
08 Castilla - La Mancha;País de la UE27_2020 sin España;2019;""
08 Castilla - La Mancha;País de la UE27_2020 sin España;2018;""
08 Castilla - La Mancha;País de la UE27_2020 sin España;2017;""
08 Castilla - La Mancha;País de la UE27_2020 sin España;2016;""
08 Castilla - La Mancha;País de la UE27_2020 sin España;2015;""
08 Castilla - La Mancha;País de la UE27_2020 sin España;2014;""
08 Castilla - La Mancha;País de la UE27_2020 sin España;2013;""
08 Castilla - La Mancha;País de Europa menos UE28;2021;""
08 Castilla - La Mancha;País de Europa menos UE28;2020;""
08 Castilla - La Mancha;País de Europa menos UE28;2019;59
08 Castilla - La Mancha;País de Europa menos UE28;2018;67
08 Castilla - La Mancha;País de Europa menos UE28;2017;38
08 Castilla - La Mancha;País de Europa menos UE28;2016;46
08 Castilla - La Mancha;País de Europa menos UE28;2015;55
08 Castilla - La Mancha;País de Europa menos UE28;2014;62
08 Castilla - La Mancha;País de Europa menos UE28;2013;36
08 Castilla - La Mancha;País de Europa menos UE27_2020;2021;76
08 Castilla - La Mancha;País de Europa menos UE27_2020;2020;64
08 Castilla - La Mancha;País de Europa menos UE27_2020;2019;""
08 Castilla - La Mancha;País de Europa menos UE27_2020;2018;""
08 Castilla - La Mancha;País de Europa menos UE27_2020;2017;""
08 Castilla - La Mancha;País de Europa menos UE27_2020;2016;""
08 Castilla - La Mancha;País de Europa menos UE27_2020;2015;""
08 Castilla - La Mancha;País de Europa menos UE27_2020;2014;""
08 Castilla - La Mancha;País de Europa menos UE27_2020;2013;""
08 Castilla - La Mancha;De Africa;2021;733
08 Castilla - La Mancha;De Africa;2020;466
08 Castilla - La Mancha;De Africa;2019;506
08 Castilla - La Mancha;De Africa;2018;456
08 Castilla - La Mancha;De Africa;2017;464
08 Castilla - La Mancha;De Africa;2016;404
08 Castilla - La Mancha;De Africa;2015;374
08 Castilla - La Mancha;De Africa;2014;346
08 Castilla - La Mancha;De Africa;2013;439
08 Castilla - La Mancha;De América;2021;944
08 Castilla - La Mancha;De América;2020;599
08 Castilla - La Mancha;De América;2019;685
08 Castilla - La Mancha;De América;2018;630
08 Castilla - La Mancha;De América;2017;609
08 Castilla - La Mancha;De América;2016;620
08 Castilla - La Mancha;De América;2015;718
08 Castilla - La Mancha;De América;2014;658
08 Castilla - La Mancha;De América;2013;704
08 Castilla - La Mancha;De Asia;2021;37
08 Castilla - La Mancha;De Asia;2020;43
08 Castilla - La Mancha;De Asia;2019;60
08 Castilla - La Mancha;De Asia;2018;37
08 Castilla - La Mancha;De Asia;2017;33
08 Castilla - La Mancha;De Asia;2016;42
08 Castilla - La Mancha;De Asia;2015;41
08 Castilla - La Mancha;De Asia;2014;24
08 Castilla - La Mancha;De Asia;2013;38
08 Castilla - La Mancha;De Oceanía;2021;0
08 Castilla - La Mancha;De Oceanía;2020;0
08 Castilla - La Mancha;De Oceanía;2019;2
08 Castilla - La Mancha;De Oceanía;2018;0
08 Castilla - La Mancha;De Oceanía;2017;0
08 Castilla - La Mancha;De Oceanía;2016;0
08 Castilla - La Mancha;De Oceanía;2015;0
08 Castilla - La Mancha;De Oceanía;2014;0
08 Castilla - La Mancha;De Oceanía;2013;7
09 Cataluña;Total;2021;66.985
09 Cataluña;Total;2020;51.968
09 Cataluña;Total;2019;71.655
09 Cataluña;Total;2018;67.929
09 Cataluña;Total;2017;65.198
09 Cataluña;Total;2016;60.760
09 Cataluña;Total;2015;46.131
09 Cataluña;Total;2014;41.858
09 Cataluña;Total;2013;40.388
09 Cataluña;Española;2021;40.418
09 Cataluña;Española;2020;29.544
09 Cataluña;Española;2019;39.903
09 Cataluña;Española;2018;40.418
09 Cataluña;Española;2017;40.814
09 Cataluña;Española;2016;37.971
09 Cataluña;Española;2015;30.180
09 Cataluña;Española;2014;28.124
09 Cataluña;Española;2013;26.506
09 Cataluña;País de la UE28 sin España;2021;""
09 Cataluña;País de la UE28 sin España;2020;""
09 Cataluña;País de la UE28 sin España;2019;8.620
09 Cataluña;País de la UE28 sin España;2018;8.512
09 Cataluña;País de la UE28 sin España;2017;7.010
09 Cataluña;País de la UE28 sin España;2016;6.324
09 Cataluña;País de la UE28 sin España;2015;4.180
09 Cataluña;País de la UE28 sin España;2014;3.175
09 Cataluña;País de la UE28 sin España;2013;2.994
09 Cataluña;País de la UE27_2020 sin España;2021;4.529
09 Cataluña;País de la UE27_2020 sin España;2020;4.365
09 Cataluña;País de la UE27_2020 sin España;2019;""
09 Cataluña;País de la UE27_2020 sin España;2018;""
09 Cataluña;País de la UE27_2020 sin España;2017;""
09 Cataluña;País de la UE27_2020 sin España;2016;""
09 Cataluña;País de la UE27_2020 sin España;2015;""
09 Cataluña;País de la UE27_2020 sin España;2014;""
09 Cataluña;País de la UE27_2020 sin España;2013;""
09 Cataluña;País de Europa menos UE28;2021;""
09 Cataluña;País de Europa menos UE28;2020;""
09 Cataluña;País de Europa menos UE28;2019;3.848
09 Cataluña;País de Europa menos UE28;2018;2.472
09 Cataluña;País de Europa menos UE28;2017;1.999
09 Cataluña;País de Europa menos UE28;2016;1.848
09 Cataluña;País de Europa menos UE28;2015;1.077
09 Cataluña;País de Europa menos UE28;2014;771
09 Cataluña;País de Europa menos UE28;2013;589
09 Cataluña;País de Europa menos UE27_2020;2021;2.308
09 Cataluña;País de Europa menos UE27_2020;2020;2.541
09 Cataluña;País de Europa menos UE27_2020;2019;""
09 Cataluña;País de Europa menos UE27_2020;2018;""
09 Cataluña;País de Europa menos UE27_2020;2017;""
09 Cataluña;País de Europa menos UE27_2020;2016;""
09 Cataluña;País de Europa menos UE27_2020;2015;""
09 Cataluña;País de Europa menos UE27_2020;2014;""
09 Cataluña;País de Europa menos UE27_2020;2013;""
09 Cataluña;De Africa;2021;10.082
09 Cataluña;De Africa;2020;7.550
09 Cataluña;De Africa;2019;9.667
09 Cataluña;De Africa;2018;8.175
09 Cataluña;De Africa;2017;7.642
09 Cataluña;De Africa;2016;7.223
09 Cataluña;De Africa;2015;4.950
09 Cataluña;De Africa;2014;4.398
09 Cataluña;De Africa;2013;4.445
09 Cataluña;De América;2021;8.428
09 Cataluña;De América;2020;6.930
09 Cataluña;De América;2019;8.276
09 Cataluña;De América;2018;7.026
09 Cataluña;De América;2017;6.405
09 Cataluña;De América;2016;6.109
09 Cataluña;De América;2015;4.839
09 Cataluña;De América;2014;4.486
09 Cataluña;De América;2013;4.774
09 Cataluña;De Asia;2021;1.220
09 Cataluña;De Asia;2020;1.035
09 Cataluña;De Asia;2019;1.329
09 Cataluña;De Asia;2018;1.323
09 Cataluña;De Asia;2017;1.312
09 Cataluña;De Asia;2016;1.276
09 Cataluña;De Asia;2015;903
09 Cataluña;De Asia;2014;897
09 Cataluña;De Asia;2013;924
09 Cataluña;De Oceanía;2021;0
09 Cataluña;De Oceanía;2020;3
09 Cataluña;De Oceanía;2019;12
09 Cataluña;De Oceanía;2018;3
09 Cataluña;De Oceanía;2017;16
09 Cataluña;De Oceanía;2016;9
09 Cataluña;De Oceanía;2015;2
09 Cataluña;De Oceanía;2014;7
09 Cataluña;De Oceanía;2013;156
10 Comunitat Valenciana;Total;2021;50.917
10 Comunitat Valenciana;Total;2020;40.621
10 Comunitat Valenciana;Total;2019;53.383
10 Comunitat Valenciana;Total;2018;52.000
10 Comunitat Valenciana;Total;2017;49.195
10 Comunitat Valenciana;Total;2016;44.695
10 Comunitat Valenciana;Total;2015;35.555
10 Comunitat Valenciana;Total;2014;34.821
10 Comunitat Valenciana;Total;2013;33.638
10 Comunitat Valenciana;Española;2021;37.948
10 Comunitat Valenciana;Española;2020;30.541
10 Comunitat Valenciana;Española;2019;40.373
10 Comunitat Valenciana;Española;2018;39.410
10 Comunitat Valenciana;Española;2017;38.201
10 Comunitat Valenciana;Española;2016;34.312
10 Comunitat Valenciana;Española;2015;27.039
10 Comunitat Valenciana;Española;2014;26.445
10 Comunitat Valenciana;Española;2013;25.053
10 Comunitat Valenciana;País de la UE28 sin España;2021;""
10 Comunitat Valenciana;País de la UE28 sin España;2020;""
10 Comunitat Valenciana;País de la UE28 sin España;2019;5.377
10 Comunitat Valenciana;País de la UE28 sin España;2018;5.324
10 Comunitat Valenciana;País de la UE28 sin España;2017;4.638
10 Comunitat Valenciana;País de la UE28 sin España;2016;4.512
10 Comunitat Valenciana;País de la UE28 sin España;2015;3.499
10 Comunitat Valenciana;País de la UE28 sin España;2014;3.511
10 Comunitat Valenciana;País de la UE28 sin España;2013;3.401
10 Comunitat Valenciana;País de la UE27_2020 sin España;2021;4.324
10 Comunitat Valenciana;País de la UE27_2020 sin España;2020;3.378
10 Comunitat Valenciana;País de la UE27_2020 sin España;2019;""
10 Comunitat Valenciana;País de la UE27_2020 sin España;2018;""
10 Comunitat Valenciana;País de la UE27_2020 sin España;2017;""
10 Comunitat Valenciana;País de la UE27_2020 sin España;2016;""
10 Comunitat Valenciana;País de la UE27_2020 sin España;2015;""
10 Comunitat Valenciana;País de la UE27_2020 sin España;2014;""
10 Comunitat Valenciana;País de la UE27_2020 sin España;2013;""
10 Comunitat Valenciana;País de Europa menos UE28;2021;""
10 Comunitat Valenciana;País de Europa menos UE28;2020;""
10 Comunitat Valenciana;País de Europa menos UE28;2019;1.115
10 Comunitat Valenciana;País de Europa menos UE28;2018;1.053
10 Comunitat Valenciana;País de Europa menos UE28;2017;806
10 Comunitat Valenciana;País de Europa menos UE28;2016;687
10 Comunitat Valenciana;País de Europa menos UE28;2015;546
10 Comunitat Valenciana;País de Europa menos UE28;2014;471
10 Comunitat Valenciana;País de Europa menos UE28;2013;439
10 Comunitat Valenciana;País de Europa menos UE27_2020;2021;1.650
10 Comunitat Valenciana;País de Europa menos UE27_2020;2020;1.258
10 Comunitat Valenciana;País de Europa menos UE27_2020;2019;""
10 Comunitat Valenciana;País de Europa menos UE27_2020;2018;""
10 Comunitat Valenciana;País de Europa menos UE27_2020;2017;""
10 Comunitat Valenciana;País de Europa menos UE27_2020;2016;""
10 Comunitat Valenciana;País de Europa menos UE27_2020;2015;""
10 Comunitat Valenciana;País de Europa menos UE27_2020;2014;""
10 Comunitat Valenciana;País de Europa menos UE27_2020;2013;""
10 Comunitat Valenciana;De Africa;2021;3.136
10 Comunitat Valenciana;De Africa;2020;2.401
10 Comunitat Valenciana;De Africa;2019;2.705
10 Comunitat Valenciana;De Africa;2018;2.661
10 Comunitat Valenciana;De Africa;2017;2.352
10 Comunitat Valenciana;De Africa;2016;2.198
10 Comunitat Valenciana;De Africa;2015;1.798
10 Comunitat Valenciana;De Africa;2014;1.628
10 Comunitat Valenciana;De Africa;2013;1.737
10 Comunitat Valenciana;De América;2021;3.400
10 Comunitat Valenciana;De América;2020;2.687
10 Comunitat Valenciana;De América;2019;3.288
10 Comunitat Valenciana;De América;2018;3.072
10 Comunitat Valenciana;De América;2017;2.738
10 Comunitat Valenciana;De América;2016;2.617
10 Comunitat Valenciana;De América;2015;2.381
10 Comunitat Valenciana;De América;2014;2.458
10 Comunitat Valenciana;De América;2013;2.727
10 Comunitat Valenciana;De Asia;2021;455
10 Comunitat Valenciana;De Asia;2020;351
10 Comunitat Valenciana;De Asia;2019;522
10 Comunitat Valenciana;De Asia;2018;479
10 Comunitat Valenciana;De Asia;2017;460
10 Comunitat Valenciana;De Asia;2016;364
10 Comunitat Valenciana;De Asia;2015;290
10 Comunitat Valenciana;De Asia;2014;307
10 Comunitat Valenciana;De Asia;2013;253
10 Comunitat Valenciana;De Oceanía;2021;4
10 Comunitat Valenciana;De Oceanía;2020;5
10 Comunitat Valenciana;De Oceanía;2019;3
10 Comunitat Valenciana;De Oceanía;2018;1
10 Comunitat Valenciana;De Oceanía;2017;0
10 Comunitat Valenciana;De Oceanía;2016;5
10 Comunitat Valenciana;De Oceanía;2015;2
10 Comunitat Valenciana;De Oceanía;2014;1
10 Comunitat Valenciana;De Oceanía;2013;28
11 Extremadura;Total;2021;8.327
11 Extremadura;Total;2020;6.115
11 Extremadura;Total;2019;7.014
11 Extremadura;Total;2018;7.261
11 Extremadura;Total;2017;7.590
11 Extremadura;Total;2016;7.659
11 Extremadura;Total;2015;7.000
11 Extremadura;Total;2014;6.392
11 Extremadura;Total;2013;6.213
11 Extremadura;Española;2021;7.608
11 Extremadura;Española;2020;5.543
11 Extremadura;Española;2019;6.383
11 Extremadura;Española;2018;6.619
11 Extremadura;Española;2017;6.919
11 Extremadura;Española;2016;6.924
11 Extremadura;Española;2015;6.398
11 Extremadura;Española;2014;5.810
11 Extremadura;Española;2013;5.597
11 Extremadura;País de la UE28 sin España;2021;""
11 Extremadura;País de la UE28 sin España;2020;""
11 Extremadura;País de la UE28 sin España;2019;377
11 Extremadura;País de la UE28 sin España;2018;434
11 Extremadura;País de la UE28 sin España;2017;410
11 Extremadura;País de la UE28 sin España;2016;431
11 Extremadura;País de la UE28 sin España;2015;363
11 Extremadura;País de la UE28 sin España;2014;354
11 Extremadura;País de la UE28 sin España;2013;355
11 Extremadura;País de la UE27_2020 sin España;2021;373
11 Extremadura;País de la UE27_2020 sin España;2020;285
11 Extremadura;País de la UE27_2020 sin España;2019;""
11 Extremadura;País de la UE27_2020 sin España;2018;""
11 Extremadura;País de la UE27_2020 sin España;2017;""
11 Extremadura;País de la UE27_2020 sin España;2016;""
11 Extremadura;País de la UE27_2020 sin España;2015;""
11 Extremadura;País de la UE27_2020 sin España;2014;""
11 Extremadura;País de la UE27_2020 sin España;2013;""
11 Extremadura;País de Europa menos UE28;2021;""
11 Extremadura;País de Europa menos UE28;2020;""
11 Extremadura;País de Europa menos UE28;2019;5
11 Extremadura;País de Europa menos UE28;2018;3
11 Extremadura;País de Europa menos UE28;2017;4
11 Extremadura;País de Europa menos UE28;2016;17
11 Extremadura;País de Europa menos UE28;2015;5
11 Extremadura;País de Europa menos UE28;2014;6
11 Extremadura;País de Europa menos UE28;2013;11
11 Extremadura;País de Europa menos UE27_2020;2021;13
11 Extremadura;País de Europa menos UE27_2020;2020;21
11 Extremadura;País de Europa menos UE27_2020;2019;""
11 Extremadura;País de Europa menos UE27_2020;2018;""
11 Extremadura;País de Europa menos UE27_2020;2017;""
11 Extremadura;País de Europa menos UE27_2020;2016;""
11 Extremadura;País de Europa menos UE27_2020;2015;""
11 Extremadura;País de Europa menos UE27_2020;2014;""
11 Extremadura;País de Europa menos UE27_2020;2013;""
11 Extremadura;De Africa;2021;152
11 Extremadura;De Africa;2020;142
11 Extremadura;De Africa;2019;108
11 Extremadura;De Africa;2018;91
11 Extremadura;De Africa;2017;121
11 Extremadura;De Africa;2016;137
11 Extremadura;De Africa;2015;135
11 Extremadura;De Africa;2014;106
11 Extremadura;De Africa;2013;127
11 Extremadura;De América;2021;161
11 Extremadura;De América;2020;100
11 Extremadura;De América;2019;133
11 Extremadura;De América;2018;96
11 Extremadura;De América;2017;122
11 Extremadura;De América;2016;141
11 Extremadura;De América;2015;89
11 Extremadura;De América;2014;112
11 Extremadura;De América;2013;112
11 Extremadura;De Asia;2021;20
11 Extremadura;De Asia;2020;24
11 Extremadura;De Asia;2019;8
11 Extremadura;De Asia;2018;18
11 Extremadura;De Asia;2017;14
11 Extremadura;De Asia;2016;9
11 Extremadura;De Asia;2015;10
11 Extremadura;De Asia;2014;4
11 Extremadura;De Asia;2013;11
11 Extremadura;De Oceanía;2021;0
11 Extremadura;De Oceanía;2020;0
11 Extremadura;De Oceanía;2019;0
11 Extremadura;De Oceanía;2018;0
11 Extremadura;De Oceanía;2017;0
11 Extremadura;De Oceanía;2016;0
11 Extremadura;De Oceanía;2015;0
11 Extremadura;De Oceanía;2014;0
11 Extremadura;De Oceanía;2013;0
12 Galicia;Total;2021;20.500
12 Galicia;Total;2020;15.575
12 Galicia;Total;2019;19.919
12 Galicia;Total;2018;17.038
12 Galicia;Total;2017;19.947
12 Galicia;Total;2016;18.469
12 Galicia;Total;2015;16.079
12 Galicia;Total;2014;15.549
12 Galicia;Total;2013;15.386
12 Galicia;Española;2021;18.444
12 Galicia;Española;2020;14.054
12 Galicia;Española;2019;18.174
12 Galicia;Española;2018;15.498
12 Galicia;Española;2017;18.015
12 Galicia;Española;2016;16.754
12 Galicia;Española;2015;14.603
12 Galicia;Española;2014;14.132
12 Galicia;Española;2013;13.963
12 Galicia;País de la UE28 sin España;2021;""
12 Galicia;País de la UE28 sin España;2020;""
12 Galicia;País de la UE28 sin España;2019;655
12 Galicia;País de la UE28 sin España;2018;629
12 Galicia;País de la UE28 sin España;2017;768
12 Galicia;País de la UE28 sin España;2016;678
12 Galicia;País de la UE28 sin España;2015;619
12 Galicia;País de la UE28 sin España;2014;604
12 Galicia;País de la UE28 sin España;2013;629
12 Galicia;País de la UE27_2020 sin España;2021;693
12 Galicia;País de la UE27_2020 sin España;2020;505
12 Galicia;País de la UE27_2020 sin España;2019;""
12 Galicia;País de la UE27_2020 sin España;2018;""
12 Galicia;País de la UE27_2020 sin España;2017;""
12 Galicia;País de la UE27_2020 sin España;2016;""
12 Galicia;País de la UE27_2020 sin España;2015;""
12 Galicia;País de la UE27_2020 sin España;2014;""
12 Galicia;País de la UE27_2020 sin España;2013;""
12 Galicia;País de Europa menos UE28;2021;""
12 Galicia;País de Europa menos UE28;2020;""
12 Galicia;País de Europa menos UE28;2019;79
12 Galicia;País de Europa menos UE28;2018;38
12 Galicia;País de Europa menos UE28;2017;73
12 Galicia;País de Europa menos UE28;2016;68
12 Galicia;País de Europa menos UE28;2015;50
12 Galicia;País de Europa menos UE28;2014;22
12 Galicia;País de Europa menos UE28;2013;32
12 Galicia;País de Europa menos UE27_2020;2021;66
12 Galicia;País de Europa menos UE27_2020;2020;58
12 Galicia;País de Europa menos UE27_2020;2019;""
12 Galicia;País de Europa menos UE27_2020;2018;""
12 Galicia;País de Europa menos UE27_2020;2017;""
12 Galicia;País de Europa menos UE27_2020;2016;""
12 Galicia;País de Europa menos UE27_2020;2015;""
12 Galicia;País de Europa menos UE27_2020;2014;""
12 Galicia;País de Europa menos UE27_2020;2013;""
12 Galicia;De Africa;2021;351
12 Galicia;De Africa;2020;283
12 Galicia;De Africa;2019;241
12 Galicia;De Africa;2018;276
12 Galicia;De Africa;2017;338
12 Galicia;De Africa;2016;291
12 Galicia;De Africa;2015;226
12 Galicia;De Africa;2014;180
12 Galicia;De Africa;2013;189
12 Galicia;De América;2021;915
12 Galicia;De América;2020;641
12 Galicia;De América;2019;732
12 Galicia;De América;2018;565
12 Galicia;De América;2017;724
12 Galicia;De América;2016;661
12 Galicia;De América;2015;564
12 Galicia;De América;2014;596
12 Galicia;De América;2013;557
12 Galicia;De Asia;2021;31
12 Galicia;De Asia;2020;34
12 Galicia;De Asia;2019;38
12 Galicia;De Asia;2018;31
12 Galicia;De Asia;2017;28
12 Galicia;De Asia;2016;17
12 Galicia;De Asia;2015;17
12 Galicia;De Asia;2014;15
12 Galicia;De Asia;2013;14
12 Galicia;De Oceanía;2021;0
12 Galicia;De Oceanía;2020;0
12 Galicia;De Oceanía;2019;0
12 Galicia;De Oceanía;2018;1
12 Galicia;De Oceanía;2017;1
12 Galicia;De Oceanía;2016;0
12 Galicia;De Oceanía;2015;0
12 Galicia;De Oceanía;2014;0
12 Galicia;De Oceanía;2013;2
13 Madrid, Comunidad de;Total;2021;49.725
13 Madrid, Comunidad de;Total;2020;38.856
13 Madrid, Comunidad de;Total;2019;54.264
13 Madrid, Comunidad de;Total;2018;56.063
13 Madrid, Comunidad de;Total;2017;52.778
13 Madrid, Comunidad de;Total;2016;46.487
13 Madrid, Comunidad de;Total;2015;34.746
13 Madrid, Comunidad de;Total;2014;34.146
13 Madrid, Comunidad de;Total;2013;34.123
13 Madrid, Comunidad de;Española;2021;34.234
13 Madrid, Comunidad de;Española;2020;26.504
13 Madrid, Comunidad de;Española;2019;37.815
13 Madrid, Comunidad de;Española;2018;39.567
13 Madrid, Comunidad de;Española;2017;37.386
13 Madrid, Comunidad de;Española;2016;32.873
13 Madrid, Comunidad de;Española;2015;23.911
13 Madrid, Comunidad de;Española;2014;23.261
13 Madrid, Comunidad de;Española;2013;22.566
13 Madrid, Comunidad de;País de la UE28 sin España;2021;""
13 Madrid, Comunidad de;País de la UE28 sin España;2020;""
13 Madrid, Comunidad de;País de la UE28 sin España;2019;4.583
13 Madrid, Comunidad de;País de la UE28 sin España;2018;5.042
13 Madrid, Comunidad de;País de la UE28 sin España;2017;4.619
13 Madrid, Comunidad de;País de la UE28 sin España;2016;4.176
13 Madrid, Comunidad de;País de la UE28 sin España;2015;3.006
13 Madrid, Comunidad de;País de la UE28 sin España;2014;2.840
13 Madrid, Comunidad de;País de la UE28 sin España;2013;2.993
13 Madrid, Comunidad de;País de la UE27_2020 sin España;2021;3.546
13 Madrid, Comunidad de;País de la UE27_2020 sin España;2020;3.032
13 Madrid, Comunidad de;País de la UE27_2020 sin España;2019;""
13 Madrid, Comunidad de;País de la UE27_2020 sin España;2018;""
13 Madrid, Comunidad de;País de la UE27_2020 sin España;2017;""
13 Madrid, Comunidad de;País de la UE27_2020 sin España;2016;""
13 Madrid, Comunidad de;País de la UE27_2020 sin España;2015;""
13 Madrid, Comunidad de;País de la UE27_2020 sin España;2014;""
13 Madrid, Comunidad de;País de la UE27_2020 sin España;2013;""
13 Madrid, Comunidad de;País de Europa menos UE28;2021;""
13 Madrid, Comunidad de;País de Europa menos UE28;2020;""
13 Madrid, Comunidad de;País de Europa menos UE28;2019;778
13 Madrid, Comunidad de;País de Europa menos UE28;2018;718
13 Madrid, Comunidad de;País de Europa menos UE28;2017;698
13 Madrid, Comunidad de;País de Europa menos UE28;2016;464
13 Madrid, Comunidad de;País de Europa menos UE28;2015;352
13 Madrid, Comunidad de;País de Europa menos UE28;2014;286
13 Madrid, Comunidad de;País de Europa menos UE28;2013;239
13 Madrid, Comunidad de;País de Europa menos UE27_2020;2021;698
13 Madrid, Comunidad de;País de Europa menos UE27_2020;2020;601
13 Madrid, Comunidad de;País de Europa menos UE27_2020;2019;""
13 Madrid, Comunidad de;País de Europa menos UE27_2020;2018;""
13 Madrid, Comunidad de;País de Europa menos UE27_2020;2017;""
13 Madrid, Comunidad de;País de Europa menos UE27_2020;2016;""
13 Madrid, Comunidad de;País de Europa menos UE27_2020;2015;""
13 Madrid, Comunidad de;País de Europa menos UE27_2020;2014;""
13 Madrid, Comunidad de;País de Europa menos UE27_2020;2013;""
13 Madrid, Comunidad de;De Africa;2021;2.996
13 Madrid, Comunidad de;De Africa;2020;2.393
13 Madrid, Comunidad de;De Africa;2019;3.256
13 Madrid, Comunidad de;De Africa;2018;3.190
13 Madrid, Comunidad de;De Africa;2017;3.008
13 Madrid, Comunidad de;De Africa;2016;2.488
13 Madrid, Comunidad de;De Africa;2015;1.955
13 Madrid, Comunidad de;De Africa;2014;1.952
13 Madrid, Comunidad de;De Africa;2013;1.784
13 Madrid, Comunidad de;De América;2021;7.691
13 Madrid, Comunidad de;De América;2020;5.965
13 Madrid, Comunidad de;De América;2019;7.213
13 Madrid, Comunidad de;De América;2018;6.947
13 Madrid, Comunidad de;De América;2017;6.507
13 Madrid, Comunidad de;De América;2016;6.069
13 Madrid, Comunidad de;De América;2015;5.142
13 Madrid, Comunidad de;De América;2014;5.422
13 Madrid, Comunidad de;De América;2013;6.159
13 Madrid, Comunidad de;De Asia;2021;558
13 Madrid, Comunidad de;De Asia;2020;358
13 Madrid, Comunidad de;De Asia;2019;615
13 Madrid, Comunidad de;De Asia;2018;594
13 Madrid, Comunidad de;De Asia;2017;557
13 Madrid, Comunidad de;De Asia;2016;414
13 Madrid, Comunidad de;De Asia;2015;375
13 Madrid, Comunidad de;De Asia;2014;382
13 Madrid, Comunidad de;De Asia;2013;357
13 Madrid, Comunidad de;De Oceanía;2021;2
13 Madrid, Comunidad de;De Oceanía;2020;3
13 Madrid, Comunidad de;De Oceanía;2019;4
13 Madrid, Comunidad de;De Oceanía;2018;5
13 Madrid, Comunidad de;De Oceanía;2017;3
13 Madrid, Comunidad de;De Oceanía;2016;3
13 Madrid, Comunidad de;De Oceanía;2015;5
13 Madrid, Comunidad de;De Oceanía;2014;3
13 Madrid, Comunidad de;De Oceanía;2013;25
14 Murcia, Región de;Total;2021;14.147
14 Murcia, Región de;Total;2020;10.411
14 Murcia, Región de;Total;2019;13.275
14 Murcia, Región de;Total;2018;13.101
14 Murcia, Región de;Total;2017;12.761
14 Murcia, Región de;Total;2016;12.812
14 Murcia, Región de;Total;2015;10.238
14 Murcia, Región de;Total;2014;9.757
14 Murcia, Región de;Total;2013;10.010
14 Murcia, Región de;Española;2021;10.289
14 Murcia, Región de;Española;2020;7.558
14 Murcia, Región de;Española;2019;9.845
14 Murcia, Región de;Española;2018;9.717
14 Murcia, Región de;Española;2017;9.655
14 Murcia, Región de;Española;2016;9.749
14 Murcia, Región de;Española;2015;7.539
14 Murcia, Región de;Española;2014;7.003
14 Murcia, Región de;Española;2013;7.100
14 Murcia, Región de;País de la UE28 sin España;2021;""
14 Murcia, Región de;País de la UE28 sin España;2020;""
14 Murcia, Región de;País de la UE28 sin España;2019;525
14 Murcia, Región de;País de la UE28 sin España;2018;521
14 Murcia, Región de;País de la UE28 sin España;2017;506
14 Murcia, Región de;País de la UE28 sin España;2016;477
14 Murcia, Región de;País de la UE28 sin España;2015;443
14 Murcia, Región de;País de la UE28 sin España;2014;428
14 Murcia, Región de;País de la UE28 sin España;2013;457
14 Murcia, Región de;País de la UE27_2020 sin España;2021;431
14 Murcia, Región de;País de la UE27_2020 sin España;2020;305
14 Murcia, Región de;País de la UE27_2020 sin España;2019;""
14 Murcia, Región de;País de la UE27_2020 sin España;2018;""
14 Murcia, Región de;País de la UE27_2020 sin España;2017;""
14 Murcia, Región de;País de la UE27_2020 sin España;2016;""
14 Murcia, Región de;País de la UE27_2020 sin España;2015;""
14 Murcia, Región de;País de la UE27_2020 sin España;2014;""
14 Murcia, Región de;País de la UE27_2020 sin España;2013;""
14 Murcia, Región de;País de Europa menos UE28;2021;""
14 Murcia, Región de;País de Europa menos UE28;2020;""
14 Murcia, Región de;País de Europa menos UE28;2019;138
14 Murcia, Región de;País de Europa menos UE28;2018;102
14 Murcia, Región de;País de Europa menos UE28;2017;103
14 Murcia, Región de;País de Europa menos UE28;2016;109
14 Murcia, Región de;País de Europa menos UE28;2015;83
14 Murcia, Región de;País de Europa menos UE28;2014;81
14 Murcia, Región de;País de Europa menos UE28;2013;82
14 Murcia, Región de;País de Europa menos UE27_2020;2021;186
14 Murcia, Región de;País de Europa menos UE27_2020;2020;123
14 Murcia, Región de;País de Europa menos UE27_2020;2019;""
14 Murcia, Región de;País de Europa menos UE27_2020;2018;""
14 Murcia, Región de;País de Europa menos UE27_2020;2017;""
14 Murcia, Región de;País de Europa menos UE27_2020;2016;""
14 Murcia, Región de;País de Europa menos UE27_2020;2015;""
14 Murcia, Región de;País de Europa menos UE27_2020;2014;""
14 Murcia, Región de;País de Europa menos UE27_2020;2013;""
14 Murcia, Región de;De Africa;2021;1.580
14 Murcia, Región de;De Africa;2020;1.199
14 Murcia, Región de;De Africa;2019;1.312
14 Murcia, Región de;De Africa;2018;1.294
14 Murcia, Región de;De Africa;2017;1.129
14 Murcia, Región de;De Africa;2016;1.097
14 Murcia, Región de;De Africa;2015;837
14 Murcia, Región de;De Africa;2014;809
14 Murcia, Región de;De Africa;2013;840
14 Murcia, Región de;De América;2021;1.618
14 Murcia, Región de;De América;2020;1.191
14 Murcia, Región de;De América;2019;1.376
14 Murcia, Región de;De América;2018;1.424
14 Murcia, Región de;De América;2017;1.326
14 Murcia, Región de;De América;2016;1.337
14 Murcia, Región de;De América;2015;1.315
14 Murcia, Región de;De América;2014;1.416
14 Murcia, Región de;De América;2013;1.492
14 Murcia, Región de;De Asia;2021;43
14 Murcia, Región de;De Asia;2020;35
14 Murcia, Región de;De Asia;2019;77
14 Murcia, Región de;De Asia;2018;43
14 Murcia, Región de;De Asia;2017;42
14 Murcia, Región de;De Asia;2016;43
14 Murcia, Región de;De Asia;2015;21
14 Murcia, Región de;De Asia;2014;20
14 Murcia, Región de;De Asia;2013;33
14 Murcia, Región de;De Oceanía;2021;0
14 Murcia, Región de;De Oceanía;2020;0
14 Murcia, Región de;De Oceanía;2019;2
14 Murcia, Región de;De Oceanía;2018;0
14 Murcia, Región de;De Oceanía;2017;0
14 Murcia, Región de;De Oceanía;2016;0
14 Murcia, Región de;De Oceanía;2015;0
14 Murcia, Región de;De Oceanía;2014;0
14 Murcia, Región de;De Oceanía;2013;6
15 Navarra, Comunidad Foral de;Total;2021;4.725
15 Navarra, Comunidad Foral de;Total;2020;3.686
15 Navarra, Comunidad Foral de;Total;2019;4.940
15 Navarra, Comunidad Foral de;Total;2018;4.775
15 Navarra, Comunidad Foral de;Total;2017;4.533
15 Navarra, Comunidad Foral de;Total;2016;4.109
15 Navarra, Comunidad Foral de;Total;2015;3.481
15 Navarra, Comunidad Foral de;Total;2014;3.301
15 Navarra, Comunidad Foral de;Total;2013;3.380
15 Navarra, Comunidad Foral de;Española;2021;3.433
15 Navarra, Comunidad Foral de;Española;2020;2.696
15 Navarra, Comunidad Foral de;Española;2019;3.544
15 Navarra, Comunidad Foral de;Española;2018;3.551
15 Navarra, Comunidad Foral de;Española;2017;3.392
15 Navarra, Comunidad Foral de;Española;2016;2.998
15 Navarra, Comunidad Foral de;Española;2015;2.501
15 Navarra, Comunidad Foral de;Española;2014;2.347
15 Navarra, Comunidad Foral de;Española;2013;2.411
15 Navarra, Comunidad Foral de;País de la UE28 sin España;2021;""
15 Navarra, Comunidad Foral de;País de la UE28 sin España;2020;""
15 Navarra, Comunidad Foral de;País de la UE28 sin España;2019;404
15 Navarra, Comunidad Foral de;País de la UE28 sin España;2018;426
15 Navarra, Comunidad Foral de;País de la UE28 sin España;2017;370
15 Navarra, Comunidad Foral de;País de la UE28 sin España;2016;383
15 Navarra, Comunidad Foral de;País de la UE28 sin España;2015;303
15 Navarra, Comunidad Foral de;País de la UE28 sin España;2014;303
15 Navarra, Comunidad Foral de;País de la UE28 sin España;2013;283
15 Navarra, Comunidad Foral de;País de la UE27_2020 sin España;2021;279
15 Navarra, Comunidad Foral de;País de la UE27_2020 sin España;2020;280
15 Navarra, Comunidad Foral de;País de la UE27_2020 sin España;2019;""
15 Navarra, Comunidad Foral de;País de la UE27_2020 sin España;2018;""
15 Navarra, Comunidad Foral de;País de la UE27_2020 sin España;2017;""
15 Navarra, Comunidad Foral de;País de la UE27_2020 sin España;2016;""
15 Navarra, Comunidad Foral de;País de la UE27_2020 sin España;2015;""
15 Navarra, Comunidad Foral de;País de la UE27_2020 sin España;2014;""
15 Navarra, Comunidad Foral de;País de la UE27_2020 sin España;2013;""
15 Navarra, Comunidad Foral de;País de Europa menos UE28;2021;""
15 Navarra, Comunidad Foral de;País de Europa menos UE28;2020;""
15 Navarra, Comunidad Foral de;País de Europa menos UE28;2019;80
15 Navarra, Comunidad Foral de;País de Europa menos UE28;2018;60
15 Navarra, Comunidad Foral de;País de Europa menos UE28;2017;47
15 Navarra, Comunidad Foral de;País de Europa menos UE28;2016;48
15 Navarra, Comunidad Foral de;País de Europa menos UE28;2015;43
15 Navarra, Comunidad Foral de;País de Europa menos UE28;2014;41
15 Navarra, Comunidad Foral de;País de Europa menos UE28;2013;53
15 Navarra, Comunidad Foral de;País de Europa menos UE27_2020;2021;51
15 Navarra, Comunidad Foral de;País de Europa menos UE27_2020;2020;55
15 Navarra, Comunidad Foral de;País de Europa menos UE27_2020;2019;""
15 Navarra, Comunidad Foral de;País de Europa menos UE27_2020;2018;""
15 Navarra, Comunidad Foral de;País de Europa menos UE27_2020;2017;""
15 Navarra, Comunidad Foral de;País de Europa menos UE27_2020;2016;""
15 Navarra, Comunidad Foral de;País de Europa menos UE27_2020;2015;""
15 Navarra, Comunidad Foral de;País de Europa menos UE27_2020;2014;""
15 Navarra, Comunidad Foral de;País de Europa menos UE27_2020;2013;""
15 Navarra, Comunidad Foral de;De Africa;2021;395
15 Navarra, Comunidad Foral de;De Africa;2020;267
15 Navarra, Comunidad Foral de;De Africa;2019;379
15 Navarra, Comunidad Foral de;De Africa;2018;271
15 Navarra, Comunidad Foral de;De Africa;2017;298
15 Navarra, Comunidad Foral de;De Africa;2016;260
15 Navarra, Comunidad Foral de;De Africa;2015;194
15 Navarra, Comunidad Foral de;De Africa;2014;200
15 Navarra, Comunidad Foral de;De Africa;2013;194
15 Navarra, Comunidad Foral de;De América;2021;556
15 Navarra, Comunidad Foral de;De América;2020;375
15 Navarra, Comunidad Foral de;De América;2019;521
15 Navarra, Comunidad Foral de;De América;2018;449
15 Navarra, Comunidad Foral de;De América;2017;415
15 Navarra, Comunidad Foral de;De América;2016;393
15 Navarra, Comunidad Foral de;De América;2015;423
15 Navarra, Comunidad Foral de;De América;2014;404
15 Navarra, Comunidad Foral de;De América;2013;427
15 Navarra, Comunidad Foral de;De Asia;2021;11
15 Navarra, Comunidad Foral de;De Asia;2020;13
15 Navarra, Comunidad Foral de;De Asia;2019;11
15 Navarra, Comunidad Foral de;De Asia;2018;12
15 Navarra, Comunidad Foral de;De Asia;2017;10
15 Navarra, Comunidad Foral de;De Asia;2016;23
15 Navarra, Comunidad Foral de;De Asia;2015;15
15 Navarra, Comunidad Foral de;De Asia;2014;4
15 Navarra, Comunidad Foral de;De Asia;2013;10
15 Navarra, Comunidad Foral de;De Oceanía;2021;0
15 Navarra, Comunidad Foral de;De Oceanía;2020;0
15 Navarra, Comunidad Foral de;De Oceanía;2019;1
15 Navarra, Comunidad Foral de;De Oceanía;2018;6
15 Navarra, Comunidad Foral de;De Oceanía;2017;1
15 Navarra, Comunidad Foral de;De Oceanía;2016;4
15 Navarra, Comunidad Foral de;De Oceanía;2015;2
15 Navarra, Comunidad Foral de;De Oceanía;2014;2
15 Navarra, Comunidad Foral de;De Oceanía;2013;2
16 País Vasco;Total;2021;20.708
16 País Vasco;Total;2020;14.290
16 País Vasco;Total;2019;18.697
16 País Vasco;Total;2018;18.077
16 País Vasco;Total;2017;17.118
16 País Vasco;Total;2016;15.749
16 País Vasco;Total;2015;10.589
16 País Vasco;Total;2014;10.538
16 País Vasco;Total;2013;10.969
16 País Vasco;Española;2021;14.230
16 País Vasco;Española;2020;10.011
16 País Vasco;Española;2019;13.324
16 País Vasco;Española;2018;13.194
16 País Vasco;Española;2017;12.564
16 País Vasco;Española;2016;11.668
16 País Vasco;Española;2015;7.725
16 País Vasco;Española;2014;7.585
16 País Vasco;Española;2013;7.724
16 País Vasco;País de la UE28 sin España;2021;""
16 País Vasco;País de la UE28 sin España;2020;""
16 País Vasco;País de la UE28 sin España;2019;1.114
16 País Vasco;País de la UE28 sin España;2018;1.191
16 País Vasco;País de la UE28 sin España;2017;1.043
16 País Vasco;País de la UE28 sin España;2016;1.133
16 País Vasco;País de la UE28 sin España;2015;817
16 País Vasco;País de la UE28 sin España;2014;832
16 País Vasco;País de la UE28 sin España;2013;875
16 País Vasco;País de la UE27_2020 sin España;2021;958
16 País Vasco;País de la UE27_2020 sin España;2020;753
16 País Vasco;País de la UE27_2020 sin España;2019;""
16 País Vasco;País de la UE27_2020 sin España;2018;""
16 País Vasco;País de la UE27_2020 sin España;2017;""
16 País Vasco;País de la UE27_2020 sin España;2016;""
16 País Vasco;País de la UE27_2020 sin España;2015;""
16 País Vasco;País de la UE27_2020 sin España;2014;""
16 País Vasco;País de la UE27_2020 sin España;2013;""
16 País Vasco;País de Europa menos UE28;2021;""
16 País Vasco;País de Europa menos UE28;2020;""
16 País Vasco;País de Europa menos UE28;2019;246
16 País Vasco;País de Europa menos UE28;2018;223
16 País Vasco;País de Europa menos UE28;2017;180
16 País Vasco;País de Europa menos UE28;2016;97
16 País Vasco;País de Europa menos UE28;2015;75
16 País Vasco;País de Europa menos UE28;2014;74
16 País Vasco;País de Europa menos UE28;2013;60
16 País Vasco;País de Europa menos UE27_2020;2021;278
16 País Vasco;País de Europa menos UE27_2020;2020;175
16 País Vasco;País de Europa menos UE27_2020;2019;""
16 País Vasco;País de Europa menos UE27_2020;2018;""
16 País Vasco;País de Europa menos UE27_2020;2017;""
16 País Vasco;País de Europa menos UE27_2020;2016;""
16 País Vasco;País de Europa menos UE27_2020;2015;""
16 País Vasco;País de Europa menos UE27_2020;2014;""
16 País Vasco;País de Europa menos UE27_2020;2013;""
16 País Vasco;De Africa;2021;3.079
16 País Vasco;De Africa;2020;1.915
16 País Vasco;De Africa;2019;2.346
16 País Vasco;De Africa;2018;1.938
16 País Vasco;De Africa;2017;1.854
16 País Vasco;De Africa;2016;1.564
16 País Vasco;De Africa;2015;918
16 País Vasco;De Africa;2014;925
16 País Vasco;De Africa;2013;1.087
16 País Vasco;De América;2021;2.019
16 País Vasco;De América;2020;1.328
16 País Vasco;De América;2019;1.516
16 País Vasco;De América;2018;1.389
16 País Vasco;De América;2017;1.333
16 País Vasco;De América;2016;1.183
16 País Vasco;De América;2015;970
16 País Vasco;De América;2014;1.060
16 País Vasco;De América;2013;1.114
16 País Vasco;De Asia;2021;144
16 País Vasco;De Asia;2020;107
16 País Vasco;De Asia;2019;149
16 País Vasco;De Asia;2018;141
16 País Vasco;De Asia;2017;140
16 País Vasco;De Asia;2016;95
16 País Vasco;De Asia;2015;82
16 País Vasco;De Asia;2014;61
16 País Vasco;De Asia;2013;68
16 País Vasco;De Oceanía;2021;0
16 País Vasco;De Oceanía;2020;1
16 País Vasco;De Oceanía;2019;2
16 País Vasco;De Oceanía;2018;1
16 País Vasco;De Oceanía;2017;4
16 País Vasco;De Oceanía;2016;9
16 País Vasco;De Oceanía;2015;2
16 País Vasco;De Oceanía;2014;1
16 País Vasco;De Oceanía;2013;41
17 Rioja, La;Total;2021;2.971
17 Rioja, La;Total;2020;1.911
17 Rioja, La;Total;2019;2.439
17 Rioja, La;Total;2018;2.734
17 Rioja, La;Total;2017;2.476
17 Rioja, La;Total;2016;2.561
17 Rioja, La;Total;2015;1.956
17 Rioja, La;Total;2014;1.890
17 Rioja, La;Total;2013;1.686
17 Rioja, La;Española;2021;2.201
17 Rioja, La;Española;2020;1.410
17 Rioja, La;Española;2019;1.784
17 Rioja, La;Española;2018;2.019
17 Rioja, La;Española;2017;1.818
17 Rioja, La;Española;2016;1.829
17 Rioja, La;Española;2015;1.393
17 Rioja, La;Española;2014;1.377
17 Rioja, La;Española;2013;1.150
17 Rioja, La;País de la UE28 sin España;2021;""
17 Rioja, La;País de la UE28 sin España;2020;""
17 Rioja, La;País de la UE28 sin España;2019;215
17 Rioja, La;País de la UE28 sin España;2018;275
17 Rioja, La;País de la UE28 sin España;2017;296
17 Rioja, La;País de la UE28 sin España;2016;286
17 Rioja, La;País de la UE28 sin España;2015;237
17 Rioja, La;País de la UE28 sin España;2014;193
17 Rioja, La;País de la UE28 sin España;2013;203
17 Rioja, La;País de la UE27_2020 sin España;2021;270
17 Rioja, La;País de la UE27_2020 sin España;2020;221
17 Rioja, La;País de la UE27_2020 sin España;2019;""
17 Rioja, La;País de la UE27_2020 sin España;2018;""
17 Rioja, La;País de la UE27_2020 sin España;2017;""
17 Rioja, La;País de la UE27_2020 sin España;2016;""
17 Rioja, La;País de la UE27_2020 sin España;2015;""
17 Rioja, La;País de la UE27_2020 sin España;2014;""
17 Rioja, La;País de la UE27_2020 sin España;2013;""
17 Rioja, La;País de Europa menos UE28;2021;""
17 Rioja, La;País de Europa menos UE28;2020;""
17 Rioja, La;País de Europa menos UE28;2019;38
17 Rioja, La;País de Europa menos UE28;2018;40
17 Rioja, La;País de Europa menos UE28;2017;35
17 Rioja, La;País de Europa menos UE28;2016;34
17 Rioja, La;País de Europa menos UE28;2015;16
17 Rioja, La;País de Europa menos UE28;2014;16
17 Rioja, La;País de Europa menos UE28;2013;10
17 Rioja, La;País de Europa menos UE27_2020;2021;34
17 Rioja, La;País de Europa menos UE27_2020;2020;12
17 Rioja, La;País de Europa menos UE27_2020;2019;""
17 Rioja, La;País de Europa menos UE27_2020;2018;""
17 Rioja, La;País de Europa menos UE27_2020;2017;""
17 Rioja, La;País de Europa menos UE27_2020;2016;""
17 Rioja, La;País de Europa menos UE27_2020;2015;""
17 Rioja, La;País de Europa menos UE27_2020;2014;""
17 Rioja, La;País de Europa menos UE27_2020;2013;""
17 Rioja, La;De Africa;2021;209
17 Rioja, La;De Africa;2020;133
17 Rioja, La;De Africa;2019;190
17 Rioja, La;De Africa;2018;180
17 Rioja, La;De Africa;2017;139
17 Rioja, La;De Africa;2016;155
17 Rioja, La;De Africa;2015;110
17 Rioja, La;De Africa;2014;120
17 Rioja, La;De Africa;2013;156
17 Rioja, La;De América;2021;238
17 Rioja, La;De América;2020;121
17 Rioja, La;De América;2019;184
17 Rioja, La;De América;2018;194
17 Rioja, La;De América;2017;155
17 Rioja, La;De América;2016;207
17 Rioja, La;De América;2015;173
17 Rioja, La;De América;2014;166
17 Rioja, La;De América;2013;144
17 Rioja, La;De Asia;2021;19
17 Rioja, La;De Asia;2020;14
17 Rioja, La;De Asia;2019;28
17 Rioja, La;De Asia;2018;26
17 Rioja, La;De Asia;2017;33
17 Rioja, La;De Asia;2016;50
17 Rioja, La;De Asia;2015;27
17 Rioja, La;De Asia;2014;18
17 Rioja, La;De Asia;2013;17
17 Rioja, La;De Oceanía;2021;0
17 Rioja, La;De Oceanía;2020;0
17 Rioja, La;De Oceanía;2019;0
17 Rioja, La;De Oceanía;2018;0
17 Rioja, La;De Oceanía;2017;0
17 Rioja, La;De Oceanía;2016;0
17 Rioja, La;De Oceanía;2015;0
17 Rioja, La;De Oceanía;2014;0
17 Rioja, La;De Oceanía;2013;6
18 Ceuta;Total;2021;1.192
18 Ceuta;Total;2020;1.400
18 Ceuta;Total;2019;2.180
18 Ceuta;Total;2018;2.130
18 Ceuta;Total;2017;2.037
18 Ceuta;Total;2016;1.793
18 Ceuta;Total;2015;1.805
18 Ceuta;Total;2014;1.915
18 Ceuta;Total;2013;1.988
18 Ceuta;Española;2021;835
18 Ceuta;Española;2020;864
18 Ceuta;Española;2019;1.095
18 Ceuta;Española;2018;951
18 Ceuta;Española;2017;983
18 Ceuta;Española;2016;902
18 Ceuta;Española;2015;842
18 Ceuta;Española;2014;843
18 Ceuta;Española;2013;836
18 Ceuta;País de la UE28 sin España;2021;""
18 Ceuta;País de la UE28 sin España;2020;""
18 Ceuta;País de la UE28 sin España;2019;27
18 Ceuta;País de la UE28 sin España;2018;23
18 Ceuta;País de la UE28 sin España;2017;20
18 Ceuta;País de la UE28 sin España;2016;39
18 Ceuta;País de la UE28 sin España;2015;62
18 Ceuta;País de la UE28 sin España;2014;80
18 Ceuta;País de la UE28 sin España;2013;85
18 Ceuta;País de la UE27_2020 sin España;2021;6
18 Ceuta;País de la UE27_2020 sin España;2020;18
18 Ceuta;País de la UE27_2020 sin España;2019;""
18 Ceuta;País de la UE27_2020 sin España;2018;""
18 Ceuta;País de la UE27_2020 sin España;2017;""
18 Ceuta;País de la UE27_2020 sin España;2016;""
18 Ceuta;País de la UE27_2020 sin España;2015;""
18 Ceuta;País de la UE27_2020 sin España;2014;""
18 Ceuta;País de la UE27_2020 sin España;2013;""
18 Ceuta;País de Europa menos UE28;2021;""
18 Ceuta;País de Europa menos UE28;2020;""
18 Ceuta;País de Europa menos UE28;2019;3
18 Ceuta;País de Europa menos UE28;2018;0
18 Ceuta;País de Europa menos UE28;2017;0
18 Ceuta;País de Europa menos UE28;2016;3
18 Ceuta;País de Europa menos UE28;2015;4
18 Ceuta;País de Europa menos UE28;2014;1
18 Ceuta;País de Europa menos UE28;2013;4
18 Ceuta;País de Europa menos UE27_2020;2021;4
18 Ceuta;País de Europa menos UE27_2020;2020;2
18 Ceuta;País de Europa menos UE27_2020;2019;""
18 Ceuta;País de Europa menos UE27_2020;2018;""
18 Ceuta;País de Europa menos UE27_2020;2017;""
18 Ceuta;País de Europa menos UE27_2020;2016;""
18 Ceuta;País de Europa menos UE27_2020;2015;""
18 Ceuta;País de Europa menos UE27_2020;2014;""
18 Ceuta;País de Europa menos UE27_2020;2013;""
18 Ceuta;De Africa;2021;345
18 Ceuta;De Africa;2020;510
18 Ceuta;De Africa;2019;1.044
18 Ceuta;De Africa;2018;1.147
18 Ceuta;De Africa;2017;1.015
18 Ceuta;De Africa;2016;841
18 Ceuta;De Africa;2015;874
18 Ceuta;De Africa;2014;969
18 Ceuta;De Africa;2013;1.041
18 Ceuta;De América;2021;2
18 Ceuta;De América;2020;2
18 Ceuta;De América;2019;3
18 Ceuta;De América;2018;4
18 Ceuta;De América;2017;2
18 Ceuta;De América;2016;5
18 Ceuta;De América;2015;8
18 Ceuta;De América;2014;7
18 Ceuta;De América;2013;11
18 Ceuta;De Asia;2021;0
18 Ceuta;De Asia;2020;4
18 Ceuta;De Asia;2019;8
18 Ceuta;De Asia;2018;5
18 Ceuta;De Asia;2017;17
18 Ceuta;De Asia;2016;3
18 Ceuta;De Asia;2015;15
18 Ceuta;De Asia;2014;15
18 Ceuta;De Asia;2013;11
18 Ceuta;De Oceanía;2021;0
18 Ceuta;De Oceanía;2020;0
18 Ceuta;De Oceanía;2019;0
18 Ceuta;De Oceanía;2018;0
18 Ceuta;De Oceanía;2017;0
18 Ceuta;De Oceanía;2016;0
18 Ceuta;De Oceanía;2015;0
18 Ceuta;De Oceanía;2014;0
18 Ceuta;De Oceanía;2013;0
19 Melilla;Total;2021;1.127
19 Melilla;Total;2020;1.184
19 Melilla;Total;2019;1.855
19 Melilla;Total;2018;1.870
19 Melilla;Total;2017;1.767
19 Melilla;Total;2016;1.400
19 Melilla;Total;2015;1.489
19 Melilla;Total;2014;1.385
19 Melilla;Total;2013;1.357
19 Melilla;Española;2021;619
19 Melilla;Española;2020;545
19 Melilla;Española;2019;700
19 Melilla;Española;2018;657
19 Melilla;Española;2017;602
19 Melilla;Española;2016;506
19 Melilla;Española;2015;524
19 Melilla;Española;2014;507
19 Melilla;Española;2013;444
19 Melilla;País de la UE28 sin España;2021;""
19 Melilla;País de la UE28 sin España;2020;""
19 Melilla;País de la UE28 sin España;2019;16
19 Melilla;País de la UE28 sin España;2018;20
19 Melilla;País de la UE28 sin España;2017;14
19 Melilla;País de la UE28 sin España;2016;13
19 Melilla;País de la UE28 sin España;2015;11
19 Melilla;País de la UE28 sin España;2014;14
19 Melilla;País de la UE28 sin España;2013;10
19 Melilla;País de la UE27_2020 sin España;2021;2
19 Melilla;País de la UE27_2020 sin España;2020;18
19 Melilla;País de la UE27_2020 sin España;2019;""
19 Melilla;País de la UE27_2020 sin España;2018;""
19 Melilla;País de la UE27_2020 sin España;2017;""
19 Melilla;País de la UE27_2020 sin España;2016;""
19 Melilla;País de la UE27_2020 sin España;2015;""
19 Melilla;País de la UE27_2020 sin España;2014;""
19 Melilla;País de la UE27_2020 sin España;2013;""
19 Melilla;País de Europa menos UE28;2021;""
19 Melilla;País de Europa menos UE28;2020;""
19 Melilla;País de Europa menos UE28;2019;1
19 Melilla;País de Europa menos UE28;2018;0
19 Melilla;País de Europa menos UE28;2017;0
19 Melilla;País de Europa menos UE28;2016;0
19 Melilla;País de Europa menos UE28;2015;1
19 Melilla;País de Europa menos UE28;2014;0
19 Melilla;País de Europa menos UE28;2013;0
19 Melilla;País de Europa menos UE27_2020;2021;0
19 Melilla;País de Europa menos UE27_2020;2020;5
19 Melilla;País de Europa menos UE27_2020;2019;""
19 Melilla;País de Europa menos UE27_2020;2018;""
19 Melilla;País de Europa menos UE27_2020;2017;""
19 Melilla;País de Europa menos UE27_2020;2016;""
19 Melilla;País de Europa menos UE27_2020;2015;""
19 Melilla;País de Europa menos UE27_2020;2014;""
19 Melilla;País de Europa menos UE27_2020;2013;""
19 Melilla;De Africa;2021;504
19 Melilla;De Africa;2020;606
19 Melilla;De Africa;2019;1.129
19 Melilla;De Africa;2018;1.171
19 Melilla;De Africa;2017;1.139
19 Melilla;De Africa;2016;877
19 Melilla;De Africa;2015;931
19 Melilla;De Africa;2014;829
19 Melilla;De Africa;2013;892
19 Melilla;De América;2021;1
19 Melilla;De América;2020;3
19 Melilla;De América;2019;0
19 Melilla;De América;2018;9
19 Melilla;De América;2017;1
19 Melilla;De América;2016;1
19 Melilla;De América;2015;3
19 Melilla;De América;2014;4
19 Melilla;De América;2013;1
19 Melilla;De Asia;2021;1
19 Melilla;De Asia;2020;7
19 Melilla;De Asia;2019;9
19 Melilla;De Asia;2018;13
19 Melilla;De Asia;2017;11
19 Melilla;De Asia;2016;3
19 Melilla;De Asia;2015;19
19 Melilla;De Asia;2014;31
19 Melilla;De Asia;2013;10
19 Melilla;De Oceanía;2021;0
19 Melilla;De Oceanía;2020;0
19 Melilla;De Oceanía;2019;0
19 Melilla;De Oceanía;2018;0
19 Melilla;De Oceanía;2017;0
19 Melilla;De Oceanía;2016;0
19 Melilla;De Oceanía;2015;0
19 Melilla;De Oceanía;2014;0
19 Melilla;De Oceanía;2013;0
