Comunidades y ciudades autónomas;País de nacimiento;Periodo;Total
Total Nacional;Total;2021;528.856
Total Nacional;Total;2020;467.918
Total Nacional;Total;2019;750.480
Total Nacional;Total;2018;643.684
Total Nacional;Total;2017;532.132
Total Nacional;Total;2016;414.746
Total Nacional;Total;2015;342.114
Total Nacional;Total;2014;305.454
Total Nacional;Total;2013;280.772
Total Nacional;España;2021;32.382
Total Nacional;España;2020;26.426
Total Nacional;España;2019;36.227
Total Nacional;España;2018;35.031
Total Nacional;España;2017;38.408
Total Nacional;España;2016;33.820
Total Nacional;España;2015;30.329
Total Nacional;España;2014;25.700
Total Nacional;España;2013;21.595
Total Nacional;UE27_2020 sin España;2021;86.981
Total Nacional;UE27_2020 sin España;2020;69.218
Total Nacional;UE27_2020 sin España;2019;""
Total Nacional;UE27_2020 sin España;2018;""
Total Nacional;UE27_2020 sin España;2017;""
Total Nacional;UE27_2020 sin España;2016;""
Total Nacional;UE27_2020 sin España;2015;""
Total Nacional;UE27_2020 sin España;2014;""
Total Nacional;UE27_2020 sin España;2013;""
Total Nacional;UE28 sin España;2021;""
Total Nacional;UE28 sin España;2020;""
Total Nacional;UE28 sin España;2019;127.261
Total Nacional;UE28 sin España;2018;124.815
Total Nacional;UE28 sin España;2017;122.513
Total Nacional;UE28 sin España;2016;105.135
Total Nacional;UE28 sin España;2015;97.793
Total Nacional;UE28 sin España;2014;93.528
Total Nacional;UE28 sin España;2013;85.038
Total Nacional;Europa menos UE27_2020;2021;50.439
Total Nacional;Europa menos UE27_2020;2020;46.305
Total Nacional;Europa menos UE27_2020;2019;""
Total Nacional;Europa menos UE27_2020;2018;""
Total Nacional;Europa menos UE27_2020;2017;""
Total Nacional;Europa menos UE27_2020;2016;""
Total Nacional;Europa menos UE27_2020;2015;""
Total Nacional;Europa menos UE27_2020;2014;""
Total Nacional;Europa menos UE27_2020;2013;""
Total Nacional;Europa menos UE28;2021;""
Total Nacional;Europa menos UE28;2020;""
Total Nacional;Europa menos UE28;2019;30.154
Total Nacional;Europa menos UE28;2018;28.412
Total Nacional;Europa menos UE28;2017;25.224
Total Nacional;Europa menos UE28;2016;21.625
Total Nacional;Europa menos UE28;2015;23.225
Total Nacional;Europa menos UE28;2014;20.829
Total Nacional;Europa menos UE28;2013;17.728
Total Nacional;África;2021;93.400
Total Nacional;África;2020;68.658
Total Nacional;África;2019;110.455
Total Nacional;África;2018;93.098
Total Nacional;África;2017;63.842
Total Nacional;África;2016;51.291
Total Nacional;África;2015;43.603
Total Nacional;África;2014;38.736
Total Nacional;África;2013;39.207
Total Nacional;América del Norte;2021;18.258
Total Nacional;América del Norte;2020;11.817
Total Nacional;América del Norte;2019;18.519
Total Nacional;América del Norte;2018;16.338
Total Nacional;América del Norte;2017;15.087
Total Nacional;América del Norte;2016;11.834
Total Nacional;América del Norte;2015;11.500
Total Nacional;América del Norte;2014;10.377
Total Nacional;América del Norte;2013;10.265
Total Nacional;Centro América y Caribe;2021;43.563
Total Nacional;Centro América y Caribe;2020;50.111
Total Nacional;Centro América y Caribe;2019;87.821
Total Nacional;Centro América y Caribe;2018;69.490
Total Nacional;Centro América y Caribe;2017;53.530
Total Nacional;Centro América y Caribe;2016;38.186
Total Nacional;Centro América y Caribe;2015;30.178
Total Nacional;Centro América y Caribe;2014;27.940
Total Nacional;Centro América y Caribe;2013;26.189
Total Nacional;Sudamérica;2021;167.127
Total Nacional;Sudamérica;2020;167.568
Total Nacional;Sudamérica;2019;287.773
Total Nacional;Sudamérica;2018;229.311
Total Nacional;Sudamérica;2017;173.054
Total Nacional;Sudamérica;2016;118.251
Total Nacional;Sudamérica;2015;75.688
Total Nacional;Sudamérica;2014;59.853
Total Nacional;Sudamérica;2013;51.178
Total Nacional;Asia;2021;35.919
Total Nacional;Asia;2020;27.119
Total Nacional;Asia;2019;51.156
Total Nacional;Asia;2018;46.180
Total Nacional;Asia;2017;39.554
Total Nacional;Asia;2016;33.830
Total Nacional;Asia;2015;29.113
Total Nacional;Asia;2014;27.876
Total Nacional;Asia;2013;28.961
Total Nacional;Oceanía ;2021;787
Total Nacional;Oceanía ;2020;696
Total Nacional;Oceanía ;2019;1.114
Total Nacional;Oceanía ;2018;1.009
Total Nacional;Oceanía ;2017;920
Total Nacional;Oceanía ;2016;775
Total Nacional;Oceanía ;2015;684
Total Nacional;Oceanía ;2014;614
Total Nacional;Oceanía ;2013;611
01 Andalucía;Total;2021;78.116
01 Andalucía;Total;2020;66.443
01 Andalucía;Total;2019;91.309
01 Andalucía;Total;2018;74.070
01 Andalucía;Total;2017;62.618
01 Andalucía;Total;2016;49.990
01 Andalucía;Total;2015;43.016
01 Andalucía;Total;2014;40.124
01 Andalucía;Total;2013;37.137
01 Andalucía;España;2021;4.169
01 Andalucía;España;2020;3.579
01 Andalucía;España;2019;4.786
01 Andalucía;España;2018;4.205
01 Andalucía;España;2017;4.578
01 Andalucía;España;2016;4.090
01 Andalucía;España;2015;3.721
01 Andalucía;España;2014;3.164
01 Andalucía;España;2013;2.699
01 Andalucía;UE27_2020 sin España;2021;15.266
01 Andalucía;UE27_2020 sin España;2020;10.966
01 Andalucía;UE27_2020 sin España;2019;""
01 Andalucía;UE27_2020 sin España;2018;""
01 Andalucía;UE27_2020 sin España;2017;""
01 Andalucía;UE27_2020 sin España;2016;""
01 Andalucía;UE27_2020 sin España;2015;""
01 Andalucía;UE27_2020 sin España;2014;""
01 Andalucía;UE27_2020 sin España;2013;""
01 Andalucía;UE28 sin España;2021;""
01 Andalucía;UE28 sin España;2020;""
01 Andalucía;UE28 sin España;2019;23.218
01 Andalucía;UE28 sin España;2018;20.709
01 Andalucía;UE28 sin España;2017;20.367
01 Andalucía;UE28 sin España;2016;17.211
01 Andalucía;UE28 sin España;2015;15.942
01 Andalucía;UE28 sin España;2014;16.191
01 Andalucía;UE28 sin España;2013;14.829
01 Andalucía;Europa menos UE27_2020;2021;11.661
01 Andalucía;Europa menos UE27_2020;2020;11.476
01 Andalucía;Europa menos UE27_2020;2019;""
01 Andalucía;Europa menos UE27_2020;2018;""
01 Andalucía;Europa menos UE27_2020;2017;""
01 Andalucía;Europa menos UE27_2020;2016;""
01 Andalucía;Europa menos UE27_2020;2015;""
01 Andalucía;Europa menos UE27_2020;2014;""
01 Andalucía;Europa menos UE27_2020;2013;""
01 Andalucía;Europa menos UE28;2021;""
01 Andalucía;Europa menos UE28;2020;""
01 Andalucía;Europa menos UE28;2019;3.842
01 Andalucía;Europa menos UE28;2018;3.426
01 Andalucía;Europa menos UE28;2017;3.248
01 Andalucía;Europa menos UE28;2016;3.064
01 Andalucía;Europa menos UE28;2015;3.489
01 Andalucía;Europa menos UE28;2014;2.898
01 Andalucía;Europa menos UE28;2013;2.341
01 Andalucía;África;2021;21.430
01 Andalucía;África;2020;14.850
01 Andalucía;África;2019;21.848
01 Andalucía;África;2018;18.298
01 Andalucía;África;2017;13.032
01 Andalucía;África;2016;9.750
01 Andalucía;África;2015;8.448
01 Andalucía;África;2014;7.631
01 Andalucía;África;2013;7.464
01 Andalucía;América del Norte;2021;2.291
01 Andalucía;América del Norte;2020;1.648
01 Andalucía;América del Norte;2019;2.152
01 Andalucía;América del Norte;2018;1.831
01 Andalucía;América del Norte;2017;1.740
01 Andalucía;América del Norte;2016;1.433
01 Andalucía;América del Norte;2015;1.319
01 Andalucía;América del Norte;2014;1.098
01 Andalucía;América del Norte;2013;1.146
01 Andalucía;Centro América y Caribe;2021;4.225
01 Andalucía;Centro América y Caribe;2020;5.693
01 Andalucía;Centro América y Caribe;2019;8.082
01 Andalucía;Centro América y Caribe;2018;4.951
01 Andalucía;Centro América y Caribe;2017;3.404
01 Andalucía;Centro América y Caribe;2016;2.330
01 Andalucía;Centro América y Caribe;2015;1.955
01 Andalucía;Centro América y Caribe;2014;1.879
01 Andalucía;Centro América y Caribe;2013;1.871
01 Andalucía;Sudamérica;2021;15.725
01 Andalucía;Sudamérica;2020;15.901
01 Andalucía;Sudamérica;2019;23.486
01 Andalucía;Sudamérica;2018;17.053
01 Andalucía;Sudamérica;2017;12.899
01 Andalucía;Sudamérica;2016;9.121
01 Andalucía;Sudamérica;2015;5.747
01 Andalucía;Sudamérica;2014;4.924
01 Andalucía;Sudamérica;2013;4.584
01 Andalucía;Asia;2021;3.199
01 Andalucía;Asia;2020;2.220
01 Andalucía;Asia;2019;3.746
01 Andalucía;Asia;2018;3.443
01 Andalucía;Asia;2017;3.212
01 Andalucía;Asia;2016;2.904
01 Andalucía;Asia;2015;2.281
01 Andalucía;Asia;2014;2.236
01 Andalucía;Asia;2013;2.137
01 Andalucía;Oceanía ;2021;150
01 Andalucía;Oceanía ;2020;110
01 Andalucía;Oceanía ;2019;149
01 Andalucía;Oceanía ;2018;154
01 Andalucía;Oceanía ;2017;138
01 Andalucía;Oceanía ;2016;85
01 Andalucía;Oceanía ;2015;113
01 Andalucía;Oceanía ;2014;103
01 Andalucía;Oceanía ;2013;66
02 Aragón;Total;2021;11.608
02 Aragón;Total;2020;10.919
02 Aragón;Total;2019;18.909
02 Aragón;Total;2018;16.564
02 Aragón;Total;2017;11.759
02 Aragón;Total;2016;9.127
02 Aragón;Total;2015;6.800
02 Aragón;Total;2014;6.098
02 Aragón;Total;2013;5.777
02 Aragón;España;2021;639
02 Aragón;España;2020;559
02 Aragón;España;2019;761
02 Aragón;España;2018;708
02 Aragón;España;2017;745
02 Aragón;España;2016;668
02 Aragón;España;2015;565
02 Aragón;España;2014;511
02 Aragón;España;2013;429
02 Aragón;UE27_2020 sin España;2021;1.948
02 Aragón;UE27_2020 sin España;2020;1.882
02 Aragón;UE27_2020 sin España;2019;""
02 Aragón;UE27_2020 sin España;2018;""
02 Aragón;UE27_2020 sin España;2017;""
02 Aragón;UE27_2020 sin España;2016;""
02 Aragón;UE27_2020 sin España;2015;""
02 Aragón;UE27_2020 sin España;2014;""
02 Aragón;UE27_2020 sin España;2013;""
02 Aragón;UE28 sin España;2021;""
02 Aragón;UE28 sin España;2020;""
02 Aragón;UE28 sin España;2019;3.107
02 Aragón;UE28 sin España;2018;3.366
02 Aragón;UE28 sin España;2017;3.036
02 Aragón;UE28 sin España;2016;2.673
02 Aragón;UE28 sin España;2015;2.179
02 Aragón;UE28 sin España;2014;2.136
02 Aragón;UE28 sin España;2013;1.879
02 Aragón;Europa menos UE27_2020;2021;327
02 Aragón;Europa menos UE27_2020;2020;330
02 Aragón;Europa menos UE27_2020;2019;""
02 Aragón;Europa menos UE27_2020;2018;""
02 Aragón;Europa menos UE27_2020;2017;""
02 Aragón;Europa menos UE27_2020;2016;""
02 Aragón;Europa menos UE27_2020;2015;""
02 Aragón;Europa menos UE27_2020;2014;""
02 Aragón;Europa menos UE27_2020;2013;""
02 Aragón;Europa menos UE28;2021;""
02 Aragón;Europa menos UE28;2020;""
02 Aragón;Europa menos UE28;2019;430
02 Aragón;Europa menos UE28;2018;386
02 Aragón;Europa menos UE28;2017;256
02 Aragón;Europa menos UE28;2016;194
02 Aragón;Europa menos UE28;2015;197
02 Aragón;Europa menos UE28;2014;197
02 Aragón;Europa menos UE28;2013;127
02 Aragón;África;2021;3.412
02 Aragón;África;2020;2.549
02 Aragón;África;2019;3.740
02 Aragón;África;2018;3.021
02 Aragón;África;2017;2.095
02 Aragón;África;2016;1.641
02 Aragón;África;2015;1.287
02 Aragón;África;2014;1.200
02 Aragón;África;2013;1.201
02 Aragón;América del Norte;2021;175
02 Aragón;América del Norte;2020;132
02 Aragón;América del Norte;2019;273
02 Aragón;América del Norte;2018;215
02 Aragón;América del Norte;2017;186
02 Aragón;América del Norte;2016;169
02 Aragón;América del Norte;2015;118
02 Aragón;América del Norte;2014;107
02 Aragón;América del Norte;2013;102
02 Aragón;Centro América y Caribe;2021;1.370
02 Aragón;Centro América y Caribe;2020;2.021
02 Aragón;Centro América y Caribe;2019;4.360
02 Aragón;Centro América y Caribe;2018;3.858
02 Aragón;Centro América y Caribe;2017;2.150
02 Aragón;Centro América y Caribe;2016;1.442
02 Aragón;Centro América y Caribe;2015;1.045
02 Aragón;Centro América y Caribe;2014;846
02 Aragón;Centro América y Caribe;2013;781
02 Aragón;Sudamérica;2021;2.897
02 Aragón;Sudamérica;2020;2.993
02 Aragón;Sudamérica;2019;5.310
02 Aragón;Sudamérica;2018;4.101
02 Aragón;Sudamérica;2017;2.554
02 Aragón;Sudamérica;2016;1.769
02 Aragón;Sudamérica;2015;975
02 Aragón;Sudamérica;2014;716
02 Aragón;Sudamérica;2013;742
02 Aragón;Asia;2021;832
02 Aragón;Asia;2020;446
02 Aragón;Asia;2019;917
02 Aragón;Asia;2018;894
02 Aragón;Asia;2017;724
02 Aragón;Asia;2016;562
02 Aragón;Asia;2015;424
02 Aragón;Asia;2014;376
02 Aragón;Asia;2013;511
02 Aragón;Oceanía ;2021;8
02 Aragón;Oceanía ;2020;7
02 Aragón;Oceanía ;2019;11
02 Aragón;Oceanía ;2018;15
02 Aragón;Oceanía ;2017;13
02 Aragón;Oceanía ;2016;10
02 Aragón;Oceanía ;2015;9
02 Aragón;Oceanía ;2014;9
02 Aragón;Oceanía ;2013;4
03 Asturias, Principado de;Total;2021;4.877
03 Asturias, Principado de;Total;2020;4.568
03 Asturias, Principado de;Total;2019;7.783
03 Asturias, Principado de;Total;2018;6.342
03 Asturias, Principado de;Total;2017;5.292
03 Asturias, Principado de;Total;2016;4.738
03 Asturias, Principado de;Total;2015;3.795
03 Asturias, Principado de;Total;2014;3.373
03 Asturias, Principado de;Total;2013;3.225
03 Asturias, Principado de;España;2021;616
03 Asturias, Principado de;España;2020;549
03 Asturias, Principado de;España;2019;730
03 Asturias, Principado de;España;2018;717
03 Asturias, Principado de;España;2017;713
03 Asturias, Principado de;España;2016;679
03 Asturias, Principado de;España;2015;557
03 Asturias, Principado de;España;2014;468
03 Asturias, Principado de;España;2013;422
03 Asturias, Principado de;UE27_2020 sin España;2021;453
03 Asturias, Principado de;UE27_2020 sin España;2020;421
03 Asturias, Principado de;UE27_2020 sin España;2019;""
03 Asturias, Principado de;UE27_2020 sin España;2018;""
03 Asturias, Principado de;UE27_2020 sin España;2017;""
03 Asturias, Principado de;UE27_2020 sin España;2016;""
03 Asturias, Principado de;UE27_2020 sin España;2015;""
03 Asturias, Principado de;UE27_2020 sin España;2014;""
03 Asturias, Principado de;UE27_2020 sin España;2013;""
03 Asturias, Principado de;UE28 sin España;2021;""
03 Asturias, Principado de;UE28 sin España;2020;""
03 Asturias, Principado de;UE28 sin España;2019;770
03 Asturias, Principado de;UE28 sin España;2018;712
03 Asturias, Principado de;UE28 sin España;2017;787
03 Asturias, Principado de;UE28 sin España;2016;824
03 Asturias, Principado de;UE28 sin España;2015;888
03 Asturias, Principado de;UE28 sin España;2014;836
03 Asturias, Principado de;UE28 sin España;2013;737
03 Asturias, Principado de;Europa menos UE27_2020;2021;205
03 Asturias, Principado de;Europa menos UE27_2020;2020;241
03 Asturias, Principado de;Europa menos UE27_2020;2019;""
03 Asturias, Principado de;Europa menos UE27_2020;2018;""
03 Asturias, Principado de;Europa menos UE27_2020;2017;""
03 Asturias, Principado de;Europa menos UE27_2020;2016;""
03 Asturias, Principado de;Europa menos UE27_2020;2015;""
03 Asturias, Principado de;Europa menos UE27_2020;2014;""
03 Asturias, Principado de;Europa menos UE27_2020;2013;""
03 Asturias, Principado de;Europa menos UE28;2021;""
03 Asturias, Principado de;Europa menos UE28;2020;""
03 Asturias, Principado de;Europa menos UE28;2019;211
03 Asturias, Principado de;Europa menos UE28;2018;174
03 Asturias, Principado de;Europa menos UE28;2017;172
03 Asturias, Principado de;Europa menos UE28;2016;121
03 Asturias, Principado de;Europa menos UE28;2015;133
03 Asturias, Principado de;Europa menos UE28;2014;114
03 Asturias, Principado de;Europa menos UE28;2013;116
03 Asturias, Principado de;África;2021;390
03 Asturias, Principado de;África;2020;341
03 Asturias, Principado de;África;2019;657
03 Asturias, Principado de;África;2018;601
03 Asturias, Principado de;África;2017;458
03 Asturias, Principado de;África;2016;381
03 Asturias, Principado de;África;2015;361
03 Asturias, Principado de;África;2014;324
03 Asturias, Principado de;África;2013;316
03 Asturias, Principado de;América del Norte;2021;307
03 Asturias, Principado de;América del Norte;2020;196
03 Asturias, Principado de;América del Norte;2019;301
03 Asturias, Principado de;América del Norte;2018;252
03 Asturias, Principado de;América del Norte;2017;248
03 Asturias, Principado de;América del Norte;2016;197
03 Asturias, Principado de;América del Norte;2015;150
03 Asturias, Principado de;América del Norte;2014;162
03 Asturias, Principado de;América del Norte;2013;164
03 Asturias, Principado de;Centro América y Caribe;2021;741
03 Asturias, Principado de;Centro América y Caribe;2020;607
03 Asturias, Principado de;Centro América y Caribe;2019;1.103
03 Asturias, Principado de;Centro América y Caribe;2018;891
03 Asturias, Principado de;Centro América y Caribe;2017;687
03 Asturias, Principado de;Centro América y Caribe;2016;589
03 Asturias, Principado de;Centro América y Caribe;2015;502
03 Asturias, Principado de;Centro América y Caribe;2014;482
03 Asturias, Principado de;Centro América y Caribe;2013;504
03 Asturias, Principado de;Sudamérica;2021;1.921
03 Asturias, Principado de;Sudamérica;2020;2.062
03 Asturias, Principado de;Sudamérica;2019;3.724
03 Asturias, Principado de;Sudamérica;2018;2.726
03 Asturias, Principado de;Sudamérica;2017;1.972
03 Asturias, Principado de;Sudamérica;2016;1.678
03 Asturias, Principado de;Sudamérica;2015;988
03 Asturias, Principado de;Sudamérica;2014;798
03 Asturias, Principado de;Sudamérica;2013;723
03 Asturias, Principado de;Asia;2021;230
03 Asturias, Principado de;Asia;2020;149
03 Asturias, Principado de;Asia;2019;272
03 Asturias, Principado de;Asia;2018;253
03 Asturias, Principado de;Asia;2017;236
03 Asturias, Principado de;Asia;2016;260
03 Asturias, Principado de;Asia;2015;195
03 Asturias, Principado de;Asia;2014;183
03 Asturias, Principado de;Asia;2013;228
03 Asturias, Principado de;Oceanía ;2021;14
03 Asturias, Principado de;Oceanía ;2020;2
03 Asturias, Principado de;Oceanía ;2019;15
03 Asturias, Principado de;Oceanía ;2018;16
03 Asturias, Principado de;Oceanía ;2017;19
03 Asturias, Principado de;Oceanía ;2016;9
03 Asturias, Principado de;Oceanía ;2015;22
03 Asturias, Principado de;Oceanía ;2014;5
03 Asturias, Principado de;Oceanía ;2013;14
04 Balears, Illes;Total;2021;17.576
04 Balears, Illes;Total;2020;17.001
04 Balears, Illes;Total;2019;26.096
04 Balears, Illes;Total;2018;23.323
04 Balears, Illes;Total;2017;20.196
04 Balears, Illes;Total;2016;15.130
04 Balears, Illes;Total;2015;12.535
04 Balears, Illes;Total;2014;11.612
04 Balears, Illes;Total;2013;11.659
04 Balears, Illes;España;2021;645
04 Balears, Illes;España;2020;567
04 Balears, Illes;España;2019;685
04 Balears, Illes;España;2018;782
04 Balears, Illes;España;2017;877
04 Balears, Illes;España;2016;780
04 Balears, Illes;España;2015;644
04 Balears, Illes;España;2014;538
04 Balears, Illes;España;2013;568
04 Balears, Illes;UE27_2020 sin España;2021;5.104
04 Balears, Illes;UE27_2020 sin España;2020;4.076
04 Balears, Illes;UE27_2020 sin España;2019;""
04 Balears, Illes;UE27_2020 sin España;2018;""
04 Balears, Illes;UE27_2020 sin España;2017;""
04 Balears, Illes;UE27_2020 sin España;2016;""
04 Balears, Illes;UE27_2020 sin España;2015;""
04 Balears, Illes;UE27_2020 sin España;2014;""
04 Balears, Illes;UE27_2020 sin España;2013;""
04 Balears, Illes;UE28 sin España;2021;""
04 Balears, Illes;UE28 sin España;2020;""
04 Balears, Illes;UE28 sin España;2019;7.154
04 Balears, Illes;UE28 sin España;2018;7.514
04 Balears, Illes;UE28 sin España;2017;7.627
04 Balears, Illes;UE28 sin España;2016;5.640
04 Balears, Illes;UE28 sin España;2015;5.372
04 Balears, Illes;UE28 sin España;2014;5.420
04 Balears, Illes;UE28 sin España;2013;5.820
04 Balears, Illes;Europa menos UE27_2020;2021;2.495
04 Balears, Illes;Europa menos UE27_2020;2020;2.191
04 Balears, Illes;Europa menos UE27_2020;2019;""
04 Balears, Illes;Europa menos UE27_2020;2018;""
04 Balears, Illes;Europa menos UE27_2020;2017;""
04 Balears, Illes;Europa menos UE27_2020;2016;""
04 Balears, Illes;Europa menos UE27_2020;2015;""
04 Balears, Illes;Europa menos UE27_2020;2014;""
04 Balears, Illes;Europa menos UE27_2020;2013;""
04 Balears, Illes;Europa menos UE28;2021;""
04 Balears, Illes;Europa menos UE28;2020;""
04 Balears, Illes;Europa menos UE28;2019;762
04 Balears, Illes;Europa menos UE28;2018;752
04 Balears, Illes;Europa menos UE28;2017;758
04 Balears, Illes;Europa menos UE28;2016;587
04 Balears, Illes;Europa menos UE28;2015;645
04 Balears, Illes;Europa menos UE28;2014;613
04 Balears, Illes;Europa menos UE28;2013;459
04 Balears, Illes;África;2021;2.047
04 Balears, Illes;África;2020;1.793
04 Balears, Illes;África;2019;2.755
04 Balears, Illes;África;2018;2.607
04 Balears, Illes;África;2017;1.908
04 Balears, Illes;África;2016;1.801
04 Balears, Illes;África;2015;1.382
04 Balears, Illes;África;2014;1.090
04 Balears, Illes;África;2013;1.162
04 Balears, Illes;América del Norte;2021;444
04 Balears, Illes;América del Norte;2020;339
04 Balears, Illes;América del Norte;2019;434
04 Balears, Illes;América del Norte;2018;389
04 Balears, Illes;América del Norte;2017;362
04 Balears, Illes;América del Norte;2016;319
04 Balears, Illes;América del Norte;2015;308
04 Balears, Illes;América del Norte;2014;299
04 Balears, Illes;América del Norte;2013;275
04 Balears, Illes;Centro América y Caribe;2021;745
04 Balears, Illes;Centro América y Caribe;2020;882
04 Balears, Illes;Centro América y Caribe;2019;1.708
04 Balears, Illes;Centro América y Caribe;2018;1.379
04 Balears, Illes;Centro América y Caribe;2017;937
04 Balears, Illes;Centro América y Caribe;2016;718
04 Balears, Illes;Centro América y Caribe;2015;696
04 Balears, Illes;Centro América y Caribe;2014;649
04 Balears, Illes;Centro América y Caribe;2013;643
04 Balears, Illes;Sudamérica;2021;5.255
04 Balears, Illes;Sudamérica;2020;6.348
04 Balears, Illes;Sudamérica;2019;11.254
04 Balears, Illes;Sudamérica;2018;8.592
04 Balears, Illes;Sudamérica;2017;6.556
04 Balears, Illes;Sudamérica;2016;4.361
04 Balears, Illes;Sudamérica;2015;2.710
04 Balears, Illes;Sudamérica;2014;2.180
04 Balears, Illes;Sudamérica;2013;1.897
04 Balears, Illes;Asia;2021;758
04 Balears, Illes;Asia;2020;746
04 Balears, Illes;Asia;2019;1.278
04 Balears, Illes;Asia;2018;1.240
04 Balears, Illes;Asia;2017;1.088
04 Balears, Illes;Asia;2016;863
04 Balears, Illes;Asia;2015;733
04 Balears, Illes;Asia;2014;780
04 Balears, Illes;Asia;2013;791
04 Balears, Illes;Oceanía ;2021;83
04 Balears, Illes;Oceanía ;2020;59
04 Balears, Illes;Oceanía ;2019;66
04 Balears, Illes;Oceanía ;2018;68
04 Balears, Illes;Oceanía ;2017;83
04 Balears, Illes;Oceanía ;2016;62
04 Balears, Illes;Oceanía ;2015;44
04 Balears, Illes;Oceanía ;2014;42
04 Balears, Illes;Oceanía ;2013;44
05 Canarias;Total;2021;27.480
05 Canarias;Total;2020;26.145
05 Canarias;Total;2019;43.812
05 Canarias;Total;2018;43.816
05 Canarias;Total;2017;38.597
05 Canarias;Total;2016;31.406
05 Canarias;Total;2015;25.161
05 Canarias;Total;2014;22.270
05 Canarias;Total;2013;21.156
05 Canarias;España;2021;1.220
05 Canarias;España;2020;1.026
05 Canarias;España;2019;1.713
05 Canarias;España;2018;2.058
05 Canarias;España;2017;1.910
05 Canarias;España;2016;1.629
05 Canarias;España;2015;1.392
05 Canarias;España;2014;1.159
05 Canarias;España;2013;1.221
05 Canarias;UE27_2020 sin España;2021;9.733
05 Canarias;UE27_2020 sin España;2020;7.741
05 Canarias;UE27_2020 sin España;2019;""
05 Canarias;UE27_2020 sin España;2018;""
05 Canarias;UE27_2020 sin España;2017;""
05 Canarias;UE27_2020 sin España;2016;""
05 Canarias;UE27_2020 sin España;2015;""
05 Canarias;UE27_2020 sin España;2014;""
05 Canarias;UE27_2020 sin España;2013;""
05 Canarias;UE28 sin España;2021;""
05 Canarias;UE28 sin España;2020;""
05 Canarias;UE28 sin España;2019;15.038
05 Canarias;UE28 sin España;2018;16.180
05 Canarias;UE28 sin España;2017;16.630
05 Canarias;UE28 sin España;2016;14.692
05 Canarias;UE28 sin España;2015;12.937
05 Canarias;UE28 sin España;2014;11.923
05 Canarias;UE28 sin España;2013;10.995
05 Canarias;Europa menos UE27_2020;2021;3.672
05 Canarias;Europa menos UE27_2020;2020;3.816
05 Canarias;Europa menos UE27_2020;2019;""
05 Canarias;Europa menos UE27_2020;2018;""
05 Canarias;Europa menos UE27_2020;2017;""
05 Canarias;Europa menos UE27_2020;2016;""
05 Canarias;Europa menos UE27_2020;2015;""
05 Canarias;Europa menos UE27_2020;2014;""
05 Canarias;Europa menos UE27_2020;2013;""
05 Canarias;Europa menos UE28;2021;""
05 Canarias;Europa menos UE28;2020;""
05 Canarias;Europa menos UE28;2019;1.536
05 Canarias;Europa menos UE28;2018;1.388
05 Canarias;Europa menos UE28;2017;1.328
05 Canarias;Europa menos UE28;2016;1.055
05 Canarias;Europa menos UE28;2015;1.195
05 Canarias;Europa menos UE28;2014;1.200
05 Canarias;Europa menos UE28;2013;1.181
05 Canarias;África;2021;2.880
05 Canarias;África;2020;1.861
05 Canarias;África;2019;2.768
05 Canarias;África;2018;2.201
05 Canarias;África;2017;1.739
05 Canarias;África;2016;1.686
05 Canarias;África;2015;1.467
05 Canarias;África;2014;1.230
05 Canarias;África;2013;1.351
05 Canarias;América del Norte;2021;381
05 Canarias;América del Norte;2020;323
05 Canarias;América del Norte;2019;472
05 Canarias;América del Norte;2018;455
05 Canarias;América del Norte;2017;410
05 Canarias;América del Norte;2016;326
05 Canarias;América del Norte;2015;268
05 Canarias;América del Norte;2014;244
05 Canarias;América del Norte;2013;220
05 Canarias;Centro América y Caribe;2021;3.618
05 Canarias;Centro América y Caribe;2020;2.705
05 Canarias;Centro América y Caribe;2019;5.621
05 Canarias;Centro América y Caribe;2018;5.186
05 Canarias;Centro América y Caribe;2017;3.971
05 Canarias;Centro América y Caribe;2016;2.951
05 Canarias;Centro América y Caribe;2015;2.614
05 Canarias;Centro América y Caribe;2014;2.594
05 Canarias;Centro América y Caribe;2013;2.560
05 Canarias;Sudamérica;2021;5.412
05 Canarias;Sudamérica;2020;8.059
05 Canarias;Sudamérica;2019;15.415
05 Canarias;Sudamérica;2018;15.170
05 Canarias;Sudamérica;2017;11.521
05 Canarias;Sudamérica;2016;7.998
05 Canarias;Sudamérica;2015;4.372
05 Canarias;Sudamérica;2014;3.027
05 Canarias;Sudamérica;2013;2.617
05 Canarias;Asia;2021;535
05 Canarias;Asia;2020;590
05 Canarias;Asia;2019;1.201
05 Canarias;Asia;2018;1.146
05 Canarias;Asia;2017;1.045
05 Canarias;Asia;2016;1.028
05 Canarias;Asia;2015;882
05 Canarias;Asia;2014;872
05 Canarias;Asia;2013;981
05 Canarias;Oceanía ;2021;29
05 Canarias;Oceanía ;2020;24
05 Canarias;Oceanía ;2019;48
05 Canarias;Oceanía ;2018;32
05 Canarias;Oceanía ;2017;43
05 Canarias;Oceanía ;2016;42
05 Canarias;Oceanía ;2015;34
05 Canarias;Oceanía ;2014;22
05 Canarias;Oceanía ;2013;29
06 Cantabria;Total;2021;3.882
06 Cantabria;Total;2020;3.382
06 Cantabria;Total;2019;5.461
06 Cantabria;Total;2018;4.614
06 Cantabria;Total;2017;3.596
06 Cantabria;Total;2016;2.875
06 Cantabria;Total;2015;2.165
06 Cantabria;Total;2014;1.952
06 Cantabria;Total;2013;1.898
06 Cantabria;España;2021;367
06 Cantabria;España;2020;318
06 Cantabria;España;2019;338
06 Cantabria;España;2018;366
06 Cantabria;España;2017;359
06 Cantabria;España;2016;348
06 Cantabria;España;2015;294
06 Cantabria;España;2014;256
06 Cantabria;España;2013;224
06 Cantabria;UE27_2020 sin España;2021;408
06 Cantabria;UE27_2020 sin España;2020;352
06 Cantabria;UE27_2020 sin España;2019;""
06 Cantabria;UE27_2020 sin España;2018;""
06 Cantabria;UE27_2020 sin España;2017;""
06 Cantabria;UE27_2020 sin España;2016;""
06 Cantabria;UE27_2020 sin España;2015;""
06 Cantabria;UE27_2020 sin España;2014;""
06 Cantabria;UE27_2020 sin España;2013;""
06 Cantabria;UE28 sin España;2021;""
06 Cantabria;UE28 sin España;2020;""
06 Cantabria;UE28 sin España;2019;510
06 Cantabria;UE28 sin España;2018;523
06 Cantabria;UE28 sin España;2017;458
06 Cantabria;UE28 sin España;2016;440
06 Cantabria;UE28 sin España;2015;423
06 Cantabria;UE28 sin España;2014;382
06 Cantabria;UE28 sin España;2013;353
06 Cantabria;Europa menos UE27_2020;2021;347
06 Cantabria;Europa menos UE27_2020;2020;331
06 Cantabria;Europa menos UE27_2020;2019;""
06 Cantabria;Europa menos UE27_2020;2018;""
06 Cantabria;Europa menos UE27_2020;2017;""
06 Cantabria;Europa menos UE27_2020;2016;""
06 Cantabria;Europa menos UE27_2020;2015;""
06 Cantabria;Europa menos UE27_2020;2014;""
06 Cantabria;Europa menos UE27_2020;2013;""
06 Cantabria;Europa menos UE28;2021;""
06 Cantabria;Europa menos UE28;2020;""
06 Cantabria;Europa menos UE28;2019;407
06 Cantabria;Europa menos UE28;2018;371
06 Cantabria;Europa menos UE28;2017;324
06 Cantabria;Europa menos UE28;2016;217
06 Cantabria;Europa menos UE28;2015;212
06 Cantabria;Europa menos UE28;2014;158
06 Cantabria;Europa menos UE28;2013;139
06 Cantabria;África;2021;373
06 Cantabria;África;2020;217
06 Cantabria;África;2019;479
06 Cantabria;África;2018;424
06 Cantabria;África;2017;272
06 Cantabria;África;2016;240
06 Cantabria;África;2015;185
06 Cantabria;África;2014;194
06 Cantabria;África;2013;238
06 Cantabria;América del Norte;2021;221
06 Cantabria;América del Norte;2020;136
06 Cantabria;América del Norte;2019;207
06 Cantabria;América del Norte;2018;166
06 Cantabria;América del Norte;2017;154
06 Cantabria;América del Norte;2016;135
06 Cantabria;América del Norte;2015;122
06 Cantabria;América del Norte;2014;101
06 Cantabria;América del Norte;2013;76
06 Cantabria;Centro América y Caribe;2021;415
06 Cantabria;Centro América y Caribe;2020;300
06 Cantabria;Centro América y Caribe;2019;588
06 Cantabria;Centro América y Caribe;2018;507
06 Cantabria;Centro América y Caribe;2017;419
06 Cantabria;Centro América y Caribe;2016;353
06 Cantabria;Centro América y Caribe;2015;229
06 Cantabria;Centro América y Caribe;2014;207
06 Cantabria;Centro América y Caribe;2013;261
06 Cantabria;Sudamérica;2021;1.541
06 Cantabria;Sudamérica;2020;1.630
06 Cantabria;Sudamérica;2019;2.692
06 Cantabria;Sudamérica;2018;2.086
06 Cantabria;Sudamérica;2017;1.456
06 Cantabria;Sudamérica;2016;1.029
06 Cantabria;Sudamérica;2015;565
06 Cantabria;Sudamérica;2014;507
06 Cantabria;Sudamérica;2013;491
06 Cantabria;Asia;2021;206
06 Cantabria;Asia;2020;92
06 Cantabria;Asia;2019;234
06 Cantabria;Asia;2018;163
06 Cantabria;Asia;2017;149
06 Cantabria;Asia;2016;107
06 Cantabria;Asia;2015;129
06 Cantabria;Asia;2014;139
06 Cantabria;Asia;2013;106
06 Cantabria;Oceanía ;2021;4
06 Cantabria;Oceanía ;2020;6
06 Cantabria;Oceanía ;2019;6
06 Cantabria;Oceanía ;2018;8
06 Cantabria;Oceanía ;2017;5
06 Cantabria;Oceanía ;2016;5
06 Cantabria;Oceanía ;2015;7
06 Cantabria;Oceanía ;2014;9
06 Cantabria;Oceanía ;2013;10
07 Castilla y León;Total;2021;14.592
07 Castilla y León;Total;2020;12.633
07 Castilla y León;Total;2019;19.843
07 Castilla y León;Total;2018;15.832
07 Castilla y León;Total;2017;12.850
07 Castilla y León;Total;2016;10.012
07 Castilla y León;Total;2015;8.145
07 Castilla y León;Total;2014;7.884
07 Castilla y León;Total;2013;7.588
07 Castilla y León;España;2021;1.170
07 Castilla y León;España;2020;1.075
07 Castilla y León;España;2019;1.358
07 Castilla y León;España;2018;1.213
07 Castilla y León;España;2017;1.413
07 Castilla y León;España;2016;1.267
07 Castilla y León;España;2015;1.141
07 Castilla y León;España;2014;1.068
07 Castilla y León;España;2013;856
07 Castilla y León;UE27_2020 sin España;2021;1.972
07 Castilla y León;UE27_2020 sin España;2020;1.843
07 Castilla y León;UE27_2020 sin España;2019;""
07 Castilla y León;UE27_2020 sin España;2018;""
07 Castilla y León;UE27_2020 sin España;2017;""
07 Castilla y León;UE27_2020 sin España;2016;""
07 Castilla y León;UE27_2020 sin España;2015;""
07 Castilla y León;UE27_2020 sin España;2014;""
07 Castilla y León;UE27_2020 sin España;2013;""
07 Castilla y León;UE28 sin España;2021;""
07 Castilla y León;UE28 sin España;2020;""
07 Castilla y León;UE28 sin España;2019;2.933
07 Castilla y León;UE28 sin España;2018;2.613
07 Castilla y León;UE28 sin España;2017;2.703
07 Castilla y León;UE28 sin España;2016;2.303
07 Castilla y León;UE28 sin España;2015;2.133
07 Castilla y León;UE28 sin España;2014;2.258
07 Castilla y León;UE28 sin España;2013;2.059
07 Castilla y León;Europa menos UE27_2020;2021;444
07 Castilla y León;Europa menos UE27_2020;2020;455
07 Castilla y León;Europa menos UE27_2020;2019;""
07 Castilla y León;Europa menos UE27_2020;2018;""
07 Castilla y León;Europa menos UE27_2020;2017;""
07 Castilla y León;Europa menos UE27_2020;2016;""
07 Castilla y León;Europa menos UE27_2020;2015;""
07 Castilla y León;Europa menos UE27_2020;2014;""
07 Castilla y León;Europa menos UE27_2020;2013;""
07 Castilla y León;Europa menos UE28;2021;""
07 Castilla y León;Europa menos UE28;2020;""
07 Castilla y León;Europa menos UE28;2019;436
07 Castilla y León;Europa menos UE28;2018;391
07 Castilla y León;Europa menos UE28;2017;396
07 Castilla y León;Europa menos UE28;2016;289
07 Castilla y León;Europa menos UE28;2015;267
07 Castilla y León;Europa menos UE28;2014;228
07 Castilla y León;Europa menos UE28;2013;186
07 Castilla y León;África;2021;3.020
07 Castilla y León;África;2020;1.781
07 Castilla y León;África;2019;2.507
07 Castilla y León;África;2018;2.134
07 Castilla y León;África;2017;1.395
07 Castilla y León;África;2016;1.107
07 Castilla y León;África;2015;996
07 Castilla y León;África;2014;909
07 Castilla y León;África;2013;1.001
07 Castilla y León;América del Norte;2021;460
07 Castilla y León;América del Norte;2020;309
07 Castilla y León;América del Norte;2019;427
07 Castilla y León;América del Norte;2018;396
07 Castilla y León;América del Norte;2017;386
07 Castilla y León;América del Norte;2016;306
07 Castilla y León;América del Norte;2015;308
07 Castilla y León;América del Norte;2014;270
07 Castilla y León;América del Norte;2013;271
07 Castilla y León;Centro América y Caribe;2021;1.563
07 Castilla y León;Centro América y Caribe;2020;1.500
07 Castilla y León;Centro América y Caribe;2019;2.626
07 Castilla y León;Centro América y Caribe;2018;2.182
07 Castilla y León;Centro América y Caribe;2017;1.645
07 Castilla y León;Centro América y Caribe;2016;1.246
07 Castilla y León;Centro América y Caribe;2015;992
07 Castilla y León;Centro América y Caribe;2014;1.031
07 Castilla y León;Centro América y Caribe;2013;1.110
07 Castilla y León;Sudamérica;2021;4.976
07 Castilla y León;Sudamérica;2020;5.082
07 Castilla y León;Sudamérica;2019;8.402
07 Castilla y León;Sudamérica;2018;5.846
07 Castilla y León;Sudamérica;2017;3.993
07 Castilla y León;Sudamérica;2016;2.678
07 Castilla y León;Sudamérica;2015;1.712
07 Castilla y León;Sudamérica;2014;1.529
07 Castilla y León;Sudamérica;2013;1.501
07 Castilla y León;Asia;2021;974
07 Castilla y León;Asia;2020;573
07 Castilla y León;Asia;2019;1.129
07 Castilla y León;Asia;2018;1.030
07 Castilla y León;Asia;2017;909
07 Castilla y León;Asia;2016;802
07 Castilla y León;Asia;2015;580
07 Castilla y León;Asia;2014;576
07 Castilla y León;Asia;2013;589
07 Castilla y León;Oceanía ;2021;13
07 Castilla y León;Oceanía ;2020;15
07 Castilla y León;Oceanía ;2019;25
07 Castilla y León;Oceanía ;2018;27
07 Castilla y León;Oceanía ;2017;10
07 Castilla y León;Oceanía ;2016;14
07 Castilla y León;Oceanía ;2015;15
07 Castilla y León;Oceanía ;2014;15
07 Castilla y León;Oceanía ;2013;14
08 Castilla - La Mancha;Total;2021;15.006
08 Castilla - La Mancha;Total;2020;14.104
08 Castilla - La Mancha;Total;2019;22.330
08 Castilla - La Mancha;Total;2018;17.806
08 Castilla - La Mancha;Total;2017;13.173
08 Castilla - La Mancha;Total;2016;10.074
08 Castilla - La Mancha;Total;2015;8.258
08 Castilla - La Mancha;Total;2014;7.579
08 Castilla - La Mancha;Total;2013;6.646
08 Castilla - La Mancha;España;2021;833
08 Castilla - La Mancha;España;2020;666
08 Castilla - La Mancha;España;2019;895
08 Castilla - La Mancha;España;2018;805
08 Castilla - La Mancha;España;2017;937
08 Castilla - La Mancha;España;2016;812
08 Castilla - La Mancha;España;2015;734
08 Castilla - La Mancha;España;2014;663
08 Castilla - La Mancha;España;2013;516
08 Castilla - La Mancha;UE27_2020 sin España;2021;2.245
08 Castilla - La Mancha;UE27_2020 sin España;2020;2.137
08 Castilla - La Mancha;UE27_2020 sin España;2019;""
08 Castilla - La Mancha;UE27_2020 sin España;2018;""
08 Castilla - La Mancha;UE27_2020 sin España;2017;""
08 Castilla - La Mancha;UE27_2020 sin España;2016;""
08 Castilla - La Mancha;UE27_2020 sin España;2015;""
08 Castilla - La Mancha;UE27_2020 sin España;2014;""
08 Castilla - La Mancha;UE27_2020 sin España;2013;""
08 Castilla - La Mancha;UE28 sin España;2021;""
08 Castilla - La Mancha;UE28 sin España;2020;""
08 Castilla - La Mancha;UE28 sin España;2019;3.351
08 Castilla - La Mancha;UE28 sin España;2018;3.249
08 Castilla - La Mancha;UE28 sin España;2017;3.138
08 Castilla - La Mancha;UE28 sin España;2016;2.952
08 Castilla - La Mancha;UE28 sin España;2015;2.824
08 Castilla - La Mancha;UE28 sin España;2014;2.827
08 Castilla - La Mancha;UE28 sin España;2013;2.103
08 Castilla - La Mancha;Europa menos UE27_2020;2021;348
08 Castilla - La Mancha;Europa menos UE27_2020;2020;368
08 Castilla - La Mancha;Europa menos UE27_2020;2019;""
08 Castilla - La Mancha;Europa menos UE27_2020;2018;""
08 Castilla - La Mancha;Europa menos UE27_2020;2017;""
08 Castilla - La Mancha;Europa menos UE27_2020;2016;""
08 Castilla - La Mancha;Europa menos UE27_2020;2015;""
08 Castilla - La Mancha;Europa menos UE27_2020;2014;""
08 Castilla - La Mancha;Europa menos UE27_2020;2013;""
08 Castilla - La Mancha;Europa menos UE28;2021;""
08 Castilla - La Mancha;Europa menos UE28;2020;""
08 Castilla - La Mancha;Europa menos UE28;2019;400
08 Castilla - La Mancha;Europa menos UE28;2018;441
08 Castilla - La Mancha;Europa menos UE28;2017;362
08 Castilla - La Mancha;Europa menos UE28;2016;348
08 Castilla - La Mancha;Europa menos UE28;2015;350
08 Castilla - La Mancha;Europa menos UE28;2014;290
08 Castilla - La Mancha;Europa menos UE28;2013;215
08 Castilla - La Mancha;África;2021;4.683
08 Castilla - La Mancha;África;2020;3.159
08 Castilla - La Mancha;África;2019;4.876
08 Castilla - La Mancha;África;2018;3.796
08 Castilla - La Mancha;África;2017;2.418
08 Castilla - La Mancha;África;2016;1.727
08 Castilla - La Mancha;África;2015;1.481
08 Castilla - La Mancha;África;2014;1.244
08 Castilla - La Mancha;África;2013;1.224
08 Castilla - La Mancha;América del Norte;2021;292
08 Castilla - La Mancha;América del Norte;2020;157
08 Castilla - La Mancha;América del Norte;2019;316
08 Castilla - La Mancha;América del Norte;2018;271
08 Castilla - La Mancha;América del Norte;2017;232
08 Castilla - La Mancha;América del Norte;2016;216
08 Castilla - La Mancha;América del Norte;2015;154
08 Castilla - La Mancha;América del Norte;2014;153
08 Castilla - La Mancha;América del Norte;2013;132
08 Castilla - La Mancha;Centro América y Caribe;2021;1.252
08 Castilla - La Mancha;Centro América y Caribe;2020;1.419
08 Castilla - La Mancha;Centro América y Caribe;2019;2.474
08 Castilla - La Mancha;Centro América y Caribe;2018;1.673
08 Castilla - La Mancha;Centro América y Caribe;2017;1.081
08 Castilla - La Mancha;Centro América y Caribe;2016;727
08 Castilla - La Mancha;Centro América y Caribe;2015;574
08 Castilla - La Mancha;Centro América y Caribe;2014;586
08 Castilla - La Mancha;Centro América y Caribe;2013;672
08 Castilla - La Mancha;Sudamérica;2021;4.782
08 Castilla - La Mancha;Sudamérica;2020;5.764
08 Castilla - La Mancha;Sudamérica;2019;9.187
08 Castilla - La Mancha;Sudamérica;2018;6.774
08 Castilla - La Mancha;Sudamérica;2017;4.284
08 Castilla - La Mancha;Sudamérica;2016;2.734
08 Castilla - La Mancha;Sudamérica;2015;1.577
08 Castilla - La Mancha;Sudamérica;2014;1.333
08 Castilla - La Mancha;Sudamérica;2013;1.313
08 Castilla - La Mancha;Asia;2021;566
08 Castilla - La Mancha;Asia;2020;429
08 Castilla - La Mancha;Asia;2019;821
08 Castilla - La Mancha;Asia;2018;789
08 Castilla - La Mancha;Asia;2017;712
08 Castilla - La Mancha;Asia;2016;546
08 Castilla - La Mancha;Asia;2015;558
08 Castilla - La Mancha;Asia;2014;470
08 Castilla - La Mancha;Asia;2013;460
08 Castilla - La Mancha;Oceanía ;2021;5
08 Castilla - La Mancha;Oceanía ;2020;5
08 Castilla - La Mancha;Oceanía ;2019;10
08 Castilla - La Mancha;Oceanía ;2018;8
08 Castilla - La Mancha;Oceanía ;2017;9
08 Castilla - La Mancha;Oceanía ;2016;11
08 Castilla - La Mancha;Oceanía ;2015;6
08 Castilla - La Mancha;Oceanía ;2014;11
08 Castilla - La Mancha;Oceanía ;2013;10
09 Cataluña;Total;2021;113.022
09 Cataluña;Total;2020;100.796
09 Cataluña;Total;2019;169.334
09 Cataluña;Total;2018;144.461
09 Cataluña;Total;2017;123.308
09 Cataluña;Total;2016;93.921
09 Cataluña;Total;2015;79.328
09 Cataluña;Total;2014;69.476
09 Cataluña;Total;2013;65.001
09 Cataluña;España;2021;5.353
09 Cataluña;España;2020;4.264
09 Cataluña;España;2019;5.827
09 Cataluña;España;2018;5.621
09 Cataluña;España;2017;6.749
09 Cataluña;España;2016;5.615
09 Cataluña;España;2015;5.302
09 Cataluña;España;2014;4.407
09 Cataluña;España;2013;3.646
09 Cataluña;UE27_2020 sin España;2021;16.455
09 Cataluña;UE27_2020 sin España;2020;13.764
09 Cataluña;UE27_2020 sin España;2019;""
09 Cataluña;UE27_2020 sin España;2018;""
09 Cataluña;UE27_2020 sin España;2017;""
09 Cataluña;UE27_2020 sin España;2016;""
09 Cataluña;UE27_2020 sin España;2015;""
09 Cataluña;UE27_2020 sin España;2014;""
09 Cataluña;UE27_2020 sin España;2013;""
09 Cataluña;UE28 sin España;2021;""
09 Cataluña;UE28 sin España;2020;""
09 Cataluña;UE28 sin España;2019;22.369
09 Cataluña;UE28 sin España;2018;21.984
09 Cataluña;UE28 sin España;2017;22.601
09 Cataluña;UE28 sin España;2016;18.293
09 Cataluña;UE28 sin España;2015;17.672
09 Cataluña;UE28 sin España;2014;16.110
09 Cataluña;UE28 sin España;2013;14.093
09 Cataluña;Europa menos UE27_2020;2021;9.650
09 Cataluña;Europa menos UE27_2020;2020;7.553
09 Cataluña;Europa menos UE27_2020;2019;""
09 Cataluña;Europa menos UE27_2020;2018;""
09 Cataluña;Europa menos UE27_2020;2017;""
09 Cataluña;Europa menos UE27_2020;2016;""
09 Cataluña;Europa menos UE27_2020;2015;""
09 Cataluña;Europa menos UE27_2020;2014;""
09 Cataluña;Europa menos UE27_2020;2013;""
09 Cataluña;Europa menos UE28;2021;""
09 Cataluña;Europa menos UE28;2020;""
09 Cataluña;Europa menos UE28;2019;8.763
09 Cataluña;Europa menos UE28;2018;8.210
09 Cataluña;Europa menos UE28;2017;7.479
09 Cataluña;Europa menos UE28;2016;6.338
09 Cataluña;Europa menos UE28;2015;6.328
09 Cataluña;Europa menos UE28;2014;5.888
09 Cataluña;Europa menos UE28;2013;5.200
09 Cataluña;África;2021;18.843
09 Cataluña;África;2020;16.686
09 Cataluña;África;2019;28.477
09 Cataluña;África;2018;23.879
09 Cataluña;África;2017;14.842
09 Cataluña;África;2016;11.936
09 Cataluña;África;2015;10.084
09 Cataluña;África;2014;8.890
09 Cataluña;África;2013;9.661
09 Cataluña;América del Norte;2021;3.901
09 Cataluña;América del Norte;2020;2.573
09 Cataluña;América del Norte;2019;4.431
09 Cataluña;América del Norte;2018;4.038
09 Cataluña;América del Norte;2017;4.152
09 Cataluña;América del Norte;2016;3.121
09 Cataluña;América del Norte;2015;3.043
09 Cataluña;América del Norte;2014;2.708
09 Cataluña;América del Norte;2013;2.530
09 Cataluña;Centro América y Caribe;2021;8.672
09 Cataluña;Centro América y Caribe;2020;11.079
09 Cataluña;Centro América y Caribe;2019;18.666
09 Cataluña;Centro América y Caribe;2018;15.295
09 Cataluña;Centro América y Caribe;2017;13.123
09 Cataluña;Centro América y Caribe;2016;9.224
09 Cataluña;Centro América y Caribe;2015;7.127
09 Cataluña;Centro América y Caribe;2014;6.376
09 Cataluña;Centro América y Caribe;2013;5.773
09 Cataluña;Sudamérica;2021;36.514
09 Cataluña;Sudamérica;2020;33.667
09 Cataluña;Sudamérica;2019;59.850
09 Cataluña;Sudamérica;2018;46.788
09 Cataluña;Sudamérica;2017;39.113
09 Cataluña;Sudamérica;2016;26.838
09 Cataluña;Sudamérica;2015;18.573
09 Cataluña;Sudamérica;2014;14.609
09 Cataluña;Sudamérica;2013;12.733
09 Cataluña;Asia;2021;13.430
09 Cataluña;Asia;2020;11.007
09 Cataluña;Asia;2019;20.620
09 Cataluña;Asia;2018;18.381
09 Cataluña;Asia;2017;15.000
09 Cataluña;Asia;2016;12.340
09 Cataluña;Asia;2015;11.031
09 Cataluña;Asia;2014;10.316
09 Cataluña;Asia;2013;11.215
09 Cataluña;Oceanía ;2021;204
09 Cataluña;Oceanía ;2020;203
09 Cataluña;Oceanía ;2019;331
09 Cataluña;Oceanía ;2018;265
09 Cataluña;Oceanía ;2017;249
09 Cataluña;Oceanía ;2016;217
09 Cataluña;Oceanía ;2015;168
09 Cataluña;Oceanía ;2014;173
09 Cataluña;Oceanía ;2013;152
10 Comunitat Valenciana;Total;2021;79.301
10 Comunitat Valenciana;Total;2020;63.246
10 Comunitat Valenciana;Total;2019;97.307
10 Comunitat Valenciana;Total;2018;83.770
10 Comunitat Valenciana;Total;2017;66.342
10 Comunitat Valenciana;Total;2016;52.814
10 Comunitat Valenciana;Total;2015;44.039
10 Comunitat Valenciana;Total;2014;40.661
10 Comunitat Valenciana;Total;2013;36.474
10 Comunitat Valenciana;España;2021;3.469
10 Comunitat Valenciana;España;2020;2.605
10 Comunitat Valenciana;España;2019;3.484
10 Comunitat Valenciana;España;2018;3.498
10 Comunitat Valenciana;España;2017;3.760
10 Comunitat Valenciana;España;2016;3.458
10 Comunitat Valenciana;España;2015;2.953
10 Comunitat Valenciana;España;2014;2.621
10 Comunitat Valenciana;España;2013;2.027
10 Comunitat Valenciana;UE27_2020 sin España;2021;17.852
10 Comunitat Valenciana;UE27_2020 sin España;2020;12.073
10 Comunitat Valenciana;UE27_2020 sin España;2019;""
10 Comunitat Valenciana;UE27_2020 sin España;2018;""
10 Comunitat Valenciana;UE27_2020 sin España;2017;""
10 Comunitat Valenciana;UE27_2020 sin España;2016;""
10 Comunitat Valenciana;UE27_2020 sin España;2015;""
10 Comunitat Valenciana;UE27_2020 sin España;2014;""
10 Comunitat Valenciana;UE27_2020 sin España;2013;""
10 Comunitat Valenciana;UE28 sin España;2021;""
10 Comunitat Valenciana;UE28 sin España;2020;""
10 Comunitat Valenciana;UE28 sin España;2019;24.901
10 Comunitat Valenciana;UE28 sin España;2018;24.677
10 Comunitat Valenciana;UE28 sin España;2017;22.068
10 Comunitat Valenciana;UE28 sin España;2016;18.774
10 Comunitat Valenciana;UE28 sin España;2015;16.867
10 Comunitat Valenciana;UE28 sin España;2014;16.282
10 Comunitat Valenciana;UE28 sin España;2013;14.275
10 Comunitat Valenciana;Europa menos UE27_2020;2021;14.044
10 Comunitat Valenciana;Europa menos UE27_2020;2020;12.373
10 Comunitat Valenciana;Europa menos UE27_2020;2019;""
10 Comunitat Valenciana;Europa menos UE27_2020;2018;""
10 Comunitat Valenciana;Europa menos UE27_2020;2017;""
10 Comunitat Valenciana;Europa menos UE27_2020;2016;""
10 Comunitat Valenciana;Europa menos UE27_2020;2015;""
10 Comunitat Valenciana;Europa menos UE27_2020;2014;""
10 Comunitat Valenciana;Europa menos UE27_2020;2013;""
10 Comunitat Valenciana;Europa menos UE28;2021;""
10 Comunitat Valenciana;Europa menos UE28;2020;""
10 Comunitat Valenciana;Europa menos UE28;2019;7.766
10 Comunitat Valenciana;Europa menos UE28;2018;7.220
10 Comunitat Valenciana;Europa menos UE28;2017;5.774
10 Comunitat Valenciana;Europa menos UE28;2016;4.964
10 Comunitat Valenciana;Europa menos UE28;2015;5.653
10 Comunitat Valenciana;Europa menos UE28;2014;5.470
10 Comunitat Valenciana;Europa menos UE28;2013;5.115
10 Comunitat Valenciana;África;2021;11.587
10 Comunitat Valenciana;África;2020;7.953
10 Comunitat Valenciana;África;2019;13.805
10 Comunitat Valenciana;África;2018;11.460
10 Comunitat Valenciana;África;2017;8.268
10 Comunitat Valenciana;África;2016;6.832
10 Comunitat Valenciana;África;2015;5.855
10 Comunitat Valenciana;África;2014;5.664
10 Comunitat Valenciana;África;2013;5.738
10 Comunitat Valenciana;América del Norte;2021;1.899
10 Comunitat Valenciana;América del Norte;2020;1.100
10 Comunitat Valenciana;América del Norte;2019;1.784
10 Comunitat Valenciana;América del Norte;2018;1.446
10 Comunitat Valenciana;América del Norte;2017;1.222
10 Comunitat Valenciana;América del Norte;2016;953
10 Comunitat Valenciana;América del Norte;2015;802
10 Comunitat Valenciana;América del Norte;2014;720
10 Comunitat Valenciana;América del Norte;2013;566
10 Comunitat Valenciana;Centro América y Caribe;2021;3.764
10 Comunitat Valenciana;Centro América y Caribe;2020;3.773
10 Comunitat Valenciana;Centro América y Caribe;2019;6.423
10 Comunitat Valenciana;Centro América y Caribe;2018;4.595
10 Comunitat Valenciana;Centro América y Caribe;2017;3.546
10 Comunitat Valenciana;Centro América y Caribe;2016;2.363
10 Comunitat Valenciana;Centro América y Caribe;2015;1.706
10 Comunitat Valenciana;Centro América y Caribe;2014;1.409
10 Comunitat Valenciana;Centro América y Caribe;2013;1.365
10 Comunitat Valenciana;Sudamérica;2021;21.978
10 Comunitat Valenciana;Sudamérica;2020;19.858
10 Comunitat Valenciana;Sudamérica;2019;32.462
10 Comunitat Valenciana;Sudamérica;2018;24.992
10 Comunitat Valenciana;Sudamérica;2017;16.757
10 Comunitat Valenciana;Sudamérica;2016;11.297
10 Comunitat Valenciana;Sudamérica;2015;6.797
10 Comunitat Valenciana;Sudamérica;2014;5.042
10 Comunitat Valenciana;Sudamérica;2013;4.000
10 Comunitat Valenciana;Asia;2021;4.614
10 Comunitat Valenciana;Asia;2020;3.413
10 Comunitat Valenciana;Asia;2019;6.553
10 Comunitat Valenciana;Asia;2018;5.771
10 Comunitat Valenciana;Asia;2017;4.848
10 Comunitat Valenciana;Asia;2016;4.069
10 Comunitat Valenciana;Asia;2015;3.329
10 Comunitat Valenciana;Asia;2014;3.404
10 Comunitat Valenciana;Asia;2013;3.327
10 Comunitat Valenciana;Oceanía ;2021;94
10 Comunitat Valenciana;Oceanía ;2020;98
10 Comunitat Valenciana;Oceanía ;2019;129
10 Comunitat Valenciana;Oceanía ;2018;111
10 Comunitat Valenciana;Oceanía ;2017;99
10 Comunitat Valenciana;Oceanía ;2016;104
10 Comunitat Valenciana;Oceanía ;2015;77
10 Comunitat Valenciana;Oceanía ;2014;50
10 Comunitat Valenciana;Oceanía ;2013;60
11 Extremadura;Total;2021;3.333
11 Extremadura;Total;2020;3.241
11 Extremadura;Total;2019;4.725
11 Extremadura;Total;2018;3.886
11 Extremadura;Total;2017;3.114
11 Extremadura;Total;2016;2.637
11 Extremadura;Total;2015;2.250
11 Extremadura;Total;2014;2.094
11 Extremadura;Total;2013;2.095
11 Extremadura;España;2021;348
11 Extremadura;España;2020;312
11 Extremadura;España;2019;372
11 Extremadura;España;2018;356
11 Extremadura;España;2017;413
11 Extremadura;España;2016;361
11 Extremadura;España;2015;303
11 Extremadura;España;2014;275
11 Extremadura;España;2013;231
11 Extremadura;UE27_2020 sin España;2021;724
11 Extremadura;UE27_2020 sin España;2020;779
11 Extremadura;UE27_2020 sin España;2019;""
11 Extremadura;UE27_2020 sin España;2018;""
11 Extremadura;UE27_2020 sin España;2017;""
11 Extremadura;UE27_2020 sin España;2016;""
11 Extremadura;UE27_2020 sin España;2015;""
11 Extremadura;UE27_2020 sin España;2014;""
11 Extremadura;UE27_2020 sin España;2013;""
11 Extremadura;UE28 sin España;2021;""
11 Extremadura;UE28 sin España;2020;""
11 Extremadura;UE28 sin España;2019;925
11 Extremadura;UE28 sin España;2018;894
11 Extremadura;UE28 sin España;2017;769
11 Extremadura;UE28 sin España;2016;811
11 Extremadura;UE28 sin España;2015;845
11 Extremadura;UE28 sin España;2014;831
11 Extremadura;UE28 sin España;2013;907
11 Extremadura;Europa menos UE27_2020;2021;107
11 Extremadura;Europa menos UE27_2020;2020;120
11 Extremadura;Europa menos UE27_2020;2019;""
11 Extremadura;Europa menos UE27_2020;2018;""
11 Extremadura;Europa menos UE27_2020;2017;""
11 Extremadura;Europa menos UE27_2020;2016;""
11 Extremadura;Europa menos UE27_2020;2015;""
11 Extremadura;Europa menos UE27_2020;2014;""
11 Extremadura;Europa menos UE27_2020;2013;""
11 Extremadura;Europa menos UE28;2021;""
11 Extremadura;Europa menos UE28;2020;""
11 Extremadura;Europa menos UE28;2019;94
11 Extremadura;Europa menos UE28;2018;97
11 Extremadura;Europa menos UE28;2017;57
11 Extremadura;Europa menos UE28;2016;40
11 Extremadura;Europa menos UE28;2015;42
11 Extremadura;Europa menos UE28;2014;37
11 Extremadura;Europa menos UE28;2013;44
11 Extremadura;África;2021;614
11 Extremadura;África;2020;342
11 Extremadura;África;2019;688
11 Extremadura;África;2018;606
11 Extremadura;África;2017;423
11 Extremadura;África;2016;313
11 Extremadura;África;2015;244
11 Extremadura;África;2014;193
11 Extremadura;África;2013;220
11 Extremadura;América del Norte;2021;112
11 Extremadura;América del Norte;2020;86
11 Extremadura;América del Norte;2019;124
11 Extremadura;América del Norte;2018;152
11 Extremadura;América del Norte;2017;141
11 Extremadura;América del Norte;2016;108
11 Extremadura;América del Norte;2015;97
11 Extremadura;América del Norte;2014;78
11 Extremadura;América del Norte;2013;69
11 Extremadura;Centro América y Caribe;2021;426
11 Extremadura;Centro América y Caribe;2020;531
11 Extremadura;Centro América y Caribe;2019;939
11 Extremadura;Centro América y Caribe;2018;644
11 Extremadura;Centro América y Caribe;2017;436
11 Extremadura;Centro América y Caribe;2016;293
11 Extremadura;Centro América y Caribe;2015;218
11 Extremadura;Centro América y Caribe;2014;217
11 Extremadura;Centro América y Caribe;2013;203
11 Extremadura;Sudamérica;2021;892
11 Extremadura;Sudamérica;2020;949
11 Extremadura;Sudamérica;2019;1.439
11 Extremadura;Sudamérica;2018;1.000
11 Extremadura;Sudamérica;2017;735
11 Extremadura;Sudamérica;2016;576
11 Extremadura;Sudamérica;2015;405
11 Extremadura;Sudamérica;2014;364
11 Extremadura;Sudamérica;2013;320
11 Extremadura;Asia;2021;106
11 Extremadura;Asia;2020;111
11 Extremadura;Asia;2019;140
11 Extremadura;Asia;2018;130
11 Extremadura;Asia;2017;135
11 Extremadura;Asia;2016;134
11 Extremadura;Asia;2015;92
11 Extremadura;Asia;2014;96
11 Extremadura;Asia;2013;100
11 Extremadura;Oceanía ;2021;4
11 Extremadura;Oceanía ;2020;11
11 Extremadura;Oceanía ;2019;4
11 Extremadura;Oceanía ;2018;7
11 Extremadura;Oceanía ;2017;5
11 Extremadura;Oceanía ;2016;1
11 Extremadura;Oceanía ;2015;4
11 Extremadura;Oceanía ;2014;4
11 Extremadura;Oceanía ;2013;1
12 Galicia;Total;2021;16.789
12 Galicia;Total;2020;14.504
12 Galicia;Total;2019;24.784
12 Galicia;Total;2018;22.255
12 Galicia;Total;2017;17.672
12 Galicia;Total;2016;13.210
12 Galicia;Total;2015;10.181
12 Galicia;Total;2014;8.820
12 Galicia;Total;2013;8.414
12 Galicia;España;2021;2.605
12 Galicia;España;2020;2.097
12 Galicia;España;2019;3.006
12 Galicia;España;2018;3.037
12 Galicia;España;2017;3.234
12 Galicia;España;2016;2.581
12 Galicia;España;2015;2.378
12 Galicia;España;2014;1.995
12 Galicia;España;2013;1.777
12 Galicia;UE27_2020 sin España;2021;1.708
12 Galicia;UE27_2020 sin España;2020;1.780
12 Galicia;UE27_2020 sin España;2019;""
12 Galicia;UE27_2020 sin España;2018;""
12 Galicia;UE27_2020 sin España;2017;""
12 Galicia;UE27_2020 sin España;2016;""
12 Galicia;UE27_2020 sin España;2015;""
12 Galicia;UE27_2020 sin España;2014;""
12 Galicia;UE27_2020 sin España;2013;""
12 Galicia;UE28 sin España;2021;""
12 Galicia;UE28 sin España;2020;""
12 Galicia;UE28 sin España;2019;2.544
12 Galicia;UE28 sin España;2018;2.404
12 Galicia;UE28 sin España;2017;2.365
12 Galicia;UE28 sin España;2016;2.173
12 Galicia;UE28 sin España;2015;2.061
12 Galicia;UE28 sin España;2014;2.058
12 Galicia;UE28 sin España;2013;1.998
12 Galicia;Europa menos UE27_2020;2021;615
12 Galicia;Europa menos UE27_2020;2020;588
12 Galicia;Europa menos UE27_2020;2019;""
12 Galicia;Europa menos UE27_2020;2018;""
12 Galicia;Europa menos UE27_2020;2017;""
12 Galicia;Europa menos UE27_2020;2016;""
12 Galicia;Europa menos UE27_2020;2015;""
12 Galicia;Europa menos UE27_2020;2014;""
12 Galicia;Europa menos UE27_2020;2013;""
12 Galicia;Europa menos UE28;2021;""
12 Galicia;Europa menos UE28;2020;""
12 Galicia;Europa menos UE28;2019;479
12 Galicia;Europa menos UE28;2018;436
12 Galicia;Europa menos UE28;2017;325
12 Galicia;Europa menos UE28;2016;274
12 Galicia;Europa menos UE28;2015;236
12 Galicia;Europa menos UE28;2014;219
12 Galicia;Europa menos UE28;2013;165
12 Galicia;África;2021;1.446
12 Galicia;África;2020;995
12 Galicia;África;2019;1.552
12 Galicia;África;2018;1.351
12 Galicia;África;2017;847
12 Galicia;África;2016;650
12 Galicia;África;2015;588
12 Galicia;África;2014;566
12 Galicia;África;2013;657
12 Galicia;América del Norte;2021;828
12 Galicia;América del Norte;2020;445
12 Galicia;América del Norte;2019;739
12 Galicia;América del Norte;2018;669
12 Galicia;América del Norte;2017;585
12 Galicia;América del Norte;2016;485
12 Galicia;América del Norte;2015;423
12 Galicia;América del Norte;2014;382
12 Galicia;América del Norte;2013;348
12 Galicia;Centro América y Caribe;2021;1.728
12 Galicia;Centro América y Caribe;2020;1.191
12 Galicia;Centro América y Caribe;2019;2.367
12 Galicia;Centro América y Caribe;2018;1.931
12 Galicia;Centro América y Caribe;2017;1.425
12 Galicia;Centro América y Caribe;2016;1.146
12 Galicia;Centro América y Caribe;2015;956
12 Galicia;Centro América y Caribe;2014;993
12 Galicia;Centro América y Caribe;2013;1.159
12 Galicia;Sudamérica;2021;7.148
12 Galicia;Sudamérica;2020;6.917
12 Galicia;Sudamérica;2019;13.462
12 Galicia;Sudamérica;2018;11.874
12 Galicia;Sudamérica;2017;8.400
12 Galicia;Sudamérica;2016;5.506
12 Galicia;Sudamérica;2015;3.205
12 Galicia;Sudamérica;2014;2.255
12 Galicia;Sudamérica;2013;1.989
12 Galicia;Asia;2021;687
12 Galicia;Asia;2020;477
12 Galicia;Asia;2019;599
12 Galicia;Asia;2018;517
12 Galicia;Asia;2017;463
12 Galicia;Asia;2016;378
12 Galicia;Asia;2015;316
12 Galicia;Asia;2014;336
12 Galicia;Asia;2013;297
12 Galicia;Oceanía ;2021;24
12 Galicia;Oceanía ;2020;14
12 Galicia;Oceanía ;2019;36
12 Galicia;Oceanía ;2018;36
12 Galicia;Oceanía ;2017;28
12 Galicia;Oceanía ;2016;17
12 Galicia;Oceanía ;2015;18
12 Galicia;Oceanía ;2014;16
12 Galicia;Oceanía ;2013;24
13 Madrid, Comunidad de;Total;2021;98.870
13 Madrid, Comunidad de;Total;2020;88.610
13 Madrid, Comunidad de;Total;2019;152.635
13 Madrid, Comunidad de;Total;2018;132.096
13 Madrid, Comunidad de;Total;2017;110.495
13 Madrid, Comunidad de;Total;2016;85.010
13 Madrid, Comunidad de;Total;2015;69.638
13 Madrid, Comunidad de;Total;2014;59.831
13 Madrid, Comunidad de;Total;2013;51.677
13 Madrid, Comunidad de;España;2021;8.108
13 Madrid, Comunidad de;España;2020;6.436
13 Madrid, Comunidad de;España;2019;9.249
13 Madrid, Comunidad de;España;2018;8.841
13 Madrid, Comunidad de;España;2017;9.419
13 Madrid, Comunidad de;España;2016;8.509
13 Madrid, Comunidad de;España;2015;7.474
13 Madrid, Comunidad de;España;2014;6.072
13 Madrid, Comunidad de;España;2013;4.762
13 Madrid, Comunidad de;UE27_2020 sin España;2021;8.697
13 Madrid, Comunidad de;UE27_2020 sin España;2020;7.354
13 Madrid, Comunidad de;UE27_2020 sin España;2019;""
13 Madrid, Comunidad de;UE27_2020 sin España;2018;""
13 Madrid, Comunidad de;UE27_2020 sin España;2017;""
13 Madrid, Comunidad de;UE27_2020 sin España;2016;""
13 Madrid, Comunidad de;UE27_2020 sin España;2015;""
13 Madrid, Comunidad de;UE27_2020 sin España;2014;""
13 Madrid, Comunidad de;UE27_2020 sin España;2013;""
13 Madrid, Comunidad de;UE28 sin España;2021;""
13 Madrid, Comunidad de;UE28 sin España;2020;""
13 Madrid, Comunidad de;UE28 sin España;2019;12.647
13 Madrid, Comunidad de;UE28 sin España;2018;12.526
13 Madrid, Comunidad de;UE28 sin España;2017;12.780
13 Madrid, Comunidad de;UE28 sin España;2016;12.059
13 Madrid, Comunidad de;UE28 sin España;2015;11.809
13 Madrid, Comunidad de;UE28 sin España;2014;10.923
13 Madrid, Comunidad de;UE28 sin España;2013;9.972
13 Madrid, Comunidad de;Europa menos UE27_2020;2021;3.448
13 Madrid, Comunidad de;Europa menos UE27_2020;2020;2.942
13 Madrid, Comunidad de;Europa menos UE27_2020;2019;""
13 Madrid, Comunidad de;Europa menos UE27_2020;2018;""
13 Madrid, Comunidad de;Europa menos UE27_2020;2017;""
13 Madrid, Comunidad de;Europa menos UE27_2020;2016;""
13 Madrid, Comunidad de;Europa menos UE27_2020;2015;""
13 Madrid, Comunidad de;Europa menos UE27_2020;2014;""
13 Madrid, Comunidad de;Europa menos UE27_2020;2013;""
13 Madrid, Comunidad de;Europa menos UE28;2021;""
13 Madrid, Comunidad de;Europa menos UE28;2020;""
13 Madrid, Comunidad de;Europa menos UE28;2019;3.027
13 Madrid, Comunidad de;Europa menos UE28;2018;3.071
13 Madrid, Comunidad de;Europa menos UE28;2017;2.942
13 Madrid, Comunidad de;Europa menos UE28;2016;2.664
13 Madrid, Comunidad de;Europa menos UE28;2015;3.023
13 Madrid, Comunidad de;Europa menos UE28;2014;2.255
13 Madrid, Comunidad de;Europa menos UE28;2013;1.624
13 Madrid, Comunidad de;África;2021;6.952
13 Madrid, Comunidad de;África;2020;4.965
13 Madrid, Comunidad de;África;2019;9.061
13 Madrid, Comunidad de;África;2018;8.320
13 Madrid, Comunidad de;África;2017;6.388
13 Madrid, Comunidad de;África;2016;5.694
13 Madrid, Comunidad de;África;2015;5.149
13 Madrid, Comunidad de;África;2014;4.317
13 Madrid, Comunidad de;África;2013;3.702
13 Madrid, Comunidad de;América del Norte;2021;5.882
13 Madrid, Comunidad de;América del Norte;2020;3.670
13 Madrid, Comunidad de;América del Norte;2019;5.782
13 Madrid, Comunidad de;América del Norte;2018;4.965
13 Madrid, Comunidad de;América del Norte;2017;4.327
13 Madrid, Comunidad de;América del Norte;2016;3.397
13 Madrid, Comunidad de;América del Norte;2015;3.732
13 Madrid, Comunidad de;América del Norte;2014;3.539
13 Madrid, Comunidad de;América del Norte;2013;3.797
13 Madrid, Comunidad de;Centro América y Caribe;2021;11.826
13 Madrid, Comunidad de;Centro América y Caribe;2020;12.558
13 Madrid, Comunidad de;Centro América y Caribe;2019;22.671
13 Madrid, Comunidad de;Centro América y Caribe;2018;18.467
13 Madrid, Comunidad de;Centro América y Caribe;2017;15.283
13 Madrid, Comunidad de;Centro América y Caribe;2016;11.108
13 Madrid, Comunidad de;Centro América y Caribe;2015;8.730
13 Madrid, Comunidad de;Centro América y Caribe;2014;8.040
13 Madrid, Comunidad de;Centro América y Caribe;2013;6.978
13 Madrid, Comunidad de;Sudamérica;2021;46.387
13 Madrid, Comunidad de;Sudamérica;2020;45.280
13 Madrid, Comunidad de;Sudamérica;2019;79.158
13 Madrid, Comunidad de;Sudamérica;2018;65.728
13 Madrid, Comunidad de;Sudamérica;2017;50.215
13 Madrid, Comunidad de;Sudamérica;2016;33.449
13 Madrid, Comunidad de;Sudamérica;2015;22.466
13 Madrid, Comunidad de;Sudamérica;2014;17.891
13 Madrid, Comunidad de;Sudamérica;2013;14.181
13 Madrid, Comunidad de;Asia;2021;7.454
13 Madrid, Comunidad de;Asia;2020;5.308
13 Madrid, Comunidad de;Asia;2019;10.838
13 Madrid, Comunidad de;Asia;2018;9.981
13 Madrid, Comunidad de;Asia;2017;8.968
13 Madrid, Comunidad de;Asia;2016;7.982
13 Madrid, Comunidad de;Asia;2015;7.141
13 Madrid, Comunidad de;Asia;2014;6.687
13 Madrid, Comunidad de;Asia;2013;6.529
13 Madrid, Comunidad de;Oceanía ;2021;116
13 Madrid, Comunidad de;Oceanía ;2020;97
13 Madrid, Comunidad de;Oceanía ;2019;202
13 Madrid, Comunidad de;Oceanía ;2018;197
13 Madrid, Comunidad de;Oceanía ;2017;173
13 Madrid, Comunidad de;Oceanía ;2016;148
13 Madrid, Comunidad de;Oceanía ;2015;114
13 Madrid, Comunidad de;Oceanía ;2014;109
13 Madrid, Comunidad de;Oceanía ;2013;132
14 Murcia, Región de;Total;2021;19.121
14 Murcia, Región de;Total;2020;16.936
14 Murcia, Región de;Total;2019;24.233
14 Murcia, Región de;Total;2018;19.886
14 Murcia, Región de;Total;2017;14.706
14 Murcia, Región de;Total;2016;11.080
14 Murcia, Región de;Total;2015;8.784
14 Murcia, Región de;Total;2014;7.461
14 Murcia, Región de;Total;2013;7.162
14 Murcia, Región de;España;2021;729
14 Murcia, Región de;España;2020;618
14 Murcia, Región de;España;2019;908
14 Murcia, Región de;España;2018;711
14 Murcia, Región de;España;2017;817
14 Murcia, Región de;España;2016;695
14 Murcia, Región de;España;2015;699
14 Murcia, Región de;España;2014;565
14 Murcia, Región de;España;2013;546
14 Murcia, Región de;UE27_2020 sin España;2021;1.798
14 Murcia, Región de;UE27_2020 sin España;2020;1.483
14 Murcia, Región de;UE27_2020 sin España;2019;""
14 Murcia, Región de;UE27_2020 sin España;2018;""
14 Murcia, Región de;UE27_2020 sin España;2017;""
14 Murcia, Región de;UE27_2020 sin España;2016;""
14 Murcia, Región de;UE27_2020 sin España;2015;""
14 Murcia, Región de;UE27_2020 sin España;2014;""
14 Murcia, Región de;UE27_2020 sin España;2013;""
14 Murcia, Región de;UE28 sin España;2021;""
14 Murcia, Región de;UE28 sin España;2020;""
14 Murcia, Región de;UE28 sin España;2019;3.876
14 Murcia, Región de;UE28 sin España;2018;3.528
14 Murcia, Región de;UE28 sin España;2017;3.301
14 Murcia, Región de;UE28 sin España;2016;2.918
14 Murcia, Región de;UE28 sin España;2015;2.559
14 Murcia, Región de;UE28 sin España;2014;2.273
14 Murcia, Región de;UE28 sin España;2013;2.102
14 Murcia, Región de;Europa menos UE27_2020;2021;2.037
14 Murcia, Región de;Europa menos UE27_2020;2020;2.596
14 Murcia, Región de;Europa menos UE27_2020;2019;""
14 Murcia, Región de;Europa menos UE27_2020;2018;""
14 Murcia, Región de;Europa menos UE27_2020;2017;""
14 Murcia, Región de;Europa menos UE27_2020;2016;""
14 Murcia, Región de;Europa menos UE27_2020;2015;""
14 Murcia, Región de;Europa menos UE27_2020;2014;""
14 Murcia, Región de;Europa menos UE27_2020;2013;""
14 Murcia, Región de;Europa menos UE28;2021;""
14 Murcia, Región de;Europa menos UE28;2020;""
14 Murcia, Región de;Europa menos UE28;2019;688
14 Murcia, Región de;Europa menos UE28;2018;750
14 Murcia, Región de;Europa menos UE28;2017;647
14 Murcia, Región de;Europa menos UE28;2016;609
14 Murcia, Región de;Europa menos UE28;2015;666
14 Murcia, Región de;Europa menos UE28;2014;525
14 Murcia, Región de;Europa menos UE28;2013;346
14 Murcia, Región de;África;2021;9.081
14 Murcia, Región de;África;2020;5.818
14 Murcia, Región de;África;2019;8.932
14 Murcia, Región de;África;2018;7.446
14 Murcia, Región de;África;2017;4.529
14 Murcia, Región de;África;2016;3.138
14 Murcia, Región de;África;2015;2.410
14 Murcia, Región de;África;2014;1.963
14 Murcia, Región de;África;2013;1.992
14 Murcia, Región de;América del Norte;2021;253
14 Murcia, Región de;América del Norte;2020;120
14 Murcia, Región de;América del Norte;2019;215
14 Murcia, Región de;América del Norte;2018;250
14 Murcia, Región de;América del Norte;2017;271
14 Murcia, Región de;América del Norte;2016;107
14 Murcia, Región de;América del Norte;2015;128
14 Murcia, Región de;América del Norte;2014;108
14 Murcia, Región de;América del Norte;2013;115
14 Murcia, Región de;Centro América y Caribe;2021;982
14 Murcia, Región de;Centro América y Caribe;2020;1.911
14 Murcia, Región de;Centro América y Caribe;2019;2.719
14 Murcia, Región de;Centro América y Caribe;2018;1.936
14 Murcia, Región de;Centro América y Caribe;2017;1.051
14 Murcia, Región de;Centro América y Caribe;2016;631
14 Murcia, Región de;Centro América y Caribe;2015;532
14 Murcia, Región de;Centro América y Caribe;2014;510
14 Murcia, Región de;Centro América y Caribe;2013;552
14 Murcia, Región de;Sudamérica;2021;3.675
14 Murcia, Región de;Sudamérica;2020;3.966
14 Murcia, Región de;Sudamérica;2019;6.059
14 Murcia, Región de;Sudamérica;2018;4.472
14 Murcia, Región de;Sudamérica;2017;3.384
14 Murcia, Región de;Sudamérica;2016;2.425
14 Murcia, Región de;Sudamérica;2015;1.448
14 Murcia, Región de;Sudamérica;2014;1.233
14 Murcia, Región de;Sudamérica;2013;1.189
14 Murcia, Región de;Asia;2021;556
14 Murcia, Región de;Asia;2020;414
14 Murcia, Región de;Asia;2019;821
14 Murcia, Región de;Asia;2018;771
14 Murcia, Región de;Asia;2017;700
14 Murcia, Región de;Asia;2016;547
14 Murcia, Región de;Asia;2015;333
14 Murcia, Región de;Asia;2014;273
14 Murcia, Región de;Asia;2013;316
14 Murcia, Región de;Oceanía ;2021;10
14 Murcia, Región de;Oceanía ;2020;10
14 Murcia, Región de;Oceanía ;2019;15
14 Murcia, Región de;Oceanía ;2018;22
14 Murcia, Región de;Oceanía ;2017;6
14 Murcia, Región de;Oceanía ;2016;12
14 Murcia, Región de;Oceanía ;2015;8
14 Murcia, Región de;Oceanía ;2014;11
14 Murcia, Región de;Oceanía ;2013;4
15 Navarra, Comunidad Foral de;Total;2021;6.232
15 Navarra, Comunidad Foral de;Total;2020;5.862
15 Navarra, Comunidad Foral de;Total;2019;9.856
15 Navarra, Comunidad Foral de;Total;2018;8.916
15 Navarra, Comunidad Foral de;Total;2017;7.007
15 Navarra, Comunidad Foral de;Total;2016;5.192
15 Navarra, Comunidad Foral de;Total;2015;3.983
15 Navarra, Comunidad Foral de;Total;2014;3.651
15 Navarra, Comunidad Foral de;Total;2013;3.287
15 Navarra, Comunidad Foral de;España;2021;396
15 Navarra, Comunidad Foral de;España;2020;306
15 Navarra, Comunidad Foral de;España;2019;413
15 Navarra, Comunidad Foral de;España;2018;433
15 Navarra, Comunidad Foral de;España;2017;481
15 Navarra, Comunidad Foral de;España;2016;445
15 Navarra, Comunidad Foral de;España;2015;404
15 Navarra, Comunidad Foral de;España;2014;371
15 Navarra, Comunidad Foral de;España;2013;284
15 Navarra, Comunidad Foral de;UE27_2020 sin España;2021;735
15 Navarra, Comunidad Foral de;UE27_2020 sin España;2020;725
15 Navarra, Comunidad Foral de;UE27_2020 sin España;2019;""
15 Navarra, Comunidad Foral de;UE27_2020 sin España;2018;""
15 Navarra, Comunidad Foral de;UE27_2020 sin España;2017;""
15 Navarra, Comunidad Foral de;UE27_2020 sin España;2016;""
15 Navarra, Comunidad Foral de;UE27_2020 sin España;2015;""
15 Navarra, Comunidad Foral de;UE27_2020 sin España;2014;""
15 Navarra, Comunidad Foral de;UE27_2020 sin España;2013;""
15 Navarra, Comunidad Foral de;UE28 sin España;2021;""
15 Navarra, Comunidad Foral de;UE28 sin España;2020;""
15 Navarra, Comunidad Foral de;UE28 sin España;2019;1.079
15 Navarra, Comunidad Foral de;UE28 sin España;2018;1.151
15 Navarra, Comunidad Foral de;UE28 sin España;2017;1.052
15 Navarra, Comunidad Foral de;UE28 sin España;2016;888
15 Navarra, Comunidad Foral de;UE28 sin España;2015;848
15 Navarra, Comunidad Foral de;UE28 sin España;2014;743
15 Navarra, Comunidad Foral de;UE28 sin España;2013;728
15 Navarra, Comunidad Foral de;Europa menos UE27_2020;2021;295
15 Navarra, Comunidad Foral de;Europa menos UE27_2020;2020;221
15 Navarra, Comunidad Foral de;Europa menos UE27_2020;2019;""
15 Navarra, Comunidad Foral de;Europa menos UE27_2020;2018;""
15 Navarra, Comunidad Foral de;Europa menos UE27_2020;2017;""
15 Navarra, Comunidad Foral de;Europa menos UE27_2020;2016;""
15 Navarra, Comunidad Foral de;Europa menos UE27_2020;2015;""
15 Navarra, Comunidad Foral de;Europa menos UE27_2020;2014;""
15 Navarra, Comunidad Foral de;Europa menos UE27_2020;2013;""
15 Navarra, Comunidad Foral de;Europa menos UE28;2021;""
15 Navarra, Comunidad Foral de;Europa menos UE28;2020;""
15 Navarra, Comunidad Foral de;Europa menos UE28;2019;323
15 Navarra, Comunidad Foral de;Europa menos UE28;2018;336
15 Navarra, Comunidad Foral de;Europa menos UE28;2017;315
15 Navarra, Comunidad Foral de;Europa menos UE28;2016;204
15 Navarra, Comunidad Foral de;Europa menos UE28;2015;190
15 Navarra, Comunidad Foral de;Europa menos UE28;2014;185
15 Navarra, Comunidad Foral de;Europa menos UE28;2013;108
15 Navarra, Comunidad Foral de;África;2021;1.232
15 Navarra, Comunidad Foral de;África;2020;1.222
15 Navarra, Comunidad Foral de;África;2019;1.925
15 Navarra, Comunidad Foral de;África;2018;1.660
15 Navarra, Comunidad Foral de;África;2017;1.121
15 Navarra, Comunidad Foral de;África;2016;955
15 Navarra, Comunidad Foral de;África;2015;694
15 Navarra, Comunidad Foral de;África;2014;660
15 Navarra, Comunidad Foral de;África;2013;604
15 Navarra, Comunidad Foral de;América del Norte;2021;258
15 Navarra, Comunidad Foral de;América del Norte;2020;150
15 Navarra, Comunidad Foral de;América del Norte;2019;195
15 Navarra, Comunidad Foral de;América del Norte;2018;272
15 Navarra, Comunidad Foral de;América del Norte;2017;235
15 Navarra, Comunidad Foral de;América del Norte;2016;161
15 Navarra, Comunidad Foral de;América del Norte;2015;156
15 Navarra, Comunidad Foral de;América del Norte;2014;117
15 Navarra, Comunidad Foral de;América del Norte;2013;131
15 Navarra, Comunidad Foral de;Centro América y Caribe;2021;635
15 Navarra, Comunidad Foral de;Centro América y Caribe;2020;674
15 Navarra, Comunidad Foral de;Centro América y Caribe;2019;1.277
15 Navarra, Comunidad Foral de;Centro América y Caribe;2018;1.164
15 Navarra, Comunidad Foral de;Centro América y Caribe;2017;831
15 Navarra, Comunidad Foral de;Centro América y Caribe;2016;547
15 Navarra, Comunidad Foral de;Centro América y Caribe;2015;426
15 Navarra, Comunidad Foral de;Centro América y Caribe;2014;407
15 Navarra, Comunidad Foral de;Centro América y Caribe;2013;349
15 Navarra, Comunidad Foral de;Sudamérica;2021;2.403
15 Navarra, Comunidad Foral de;Sudamérica;2020;2.377
15 Navarra, Comunidad Foral de;Sudamérica;2019;4.282
15 Navarra, Comunidad Foral de;Sudamérica;2018;3.584
15 Navarra, Comunidad Foral de;Sudamérica;2017;2.715
15 Navarra, Comunidad Foral de;Sudamérica;2016;1.799
15 Navarra, Comunidad Foral de;Sudamérica;2015;1.093
15 Navarra, Comunidad Foral de;Sudamérica;2014;992
15 Navarra, Comunidad Foral de;Sudamérica;2013;864
15 Navarra, Comunidad Foral de;Asia;2021;273
15 Navarra, Comunidad Foral de;Asia;2020;185
15 Navarra, Comunidad Foral de;Asia;2019;348
15 Navarra, Comunidad Foral de;Asia;2018;306
15 Navarra, Comunidad Foral de;Asia;2017;246
15 Navarra, Comunidad Foral de;Asia;2016;182
15 Navarra, Comunidad Foral de;Asia;2015;157
15 Navarra, Comunidad Foral de;Asia;2014;168
15 Navarra, Comunidad Foral de;Asia;2013;204
15 Navarra, Comunidad Foral de;Oceanía ;2021;5
15 Navarra, Comunidad Foral de;Oceanía ;2020;2
15 Navarra, Comunidad Foral de;Oceanía ;2019;14
15 Navarra, Comunidad Foral de;Oceanía ;2018;10
15 Navarra, Comunidad Foral de;Oceanía ;2017;11
15 Navarra, Comunidad Foral de;Oceanía ;2016;11
15 Navarra, Comunidad Foral de;Oceanía ;2015;16
15 Navarra, Comunidad Foral de;Oceanía ;2014;8
15 Navarra, Comunidad Foral de;Oceanía ;2013;13
16 País Vasco;Total;2021;14.257
16 País Vasco;Total;2020;15.603
16 País Vasco;Total;2019;26.499
16 País Vasco;Total;2018;21.357
16 País Vasco;Total;2017;17.616
16 País Vasco;Total;2016;14.129
16 País Vasco;Total;2015;10.860
16 País Vasco;Total;2014;9.829
16 País Vasco;Total;2013;8.927
16 País Vasco;España;2021;1.256
16 País Vasco;España;2020;1.123
16 País Vasco;España;2019;1.345
16 País Vasco;España;2018;1.394
16 País Vasco;España;2017;1.496
16 País Vasco;España;2016;1.394
16 País Vasco;España;2015;1.303
16 País Vasco;España;2014;1.153
16 País Vasco;España;2013;936
16 País Vasco;UE27_2020 sin España;2021;1.421
16 País Vasco;UE27_2020 sin España;2020;1.434
16 País Vasco;UE27_2020 sin España;2019;""
16 País Vasco;UE27_2020 sin España;2018;""
16 País Vasco;UE27_2020 sin España;2017;""
16 País Vasco;UE27_2020 sin España;2016;""
16 País Vasco;UE27_2020 sin España;2015;""
16 País Vasco;UE27_2020 sin España;2014;""
16 País Vasco;UE27_2020 sin España;2013;""
16 País Vasco;UE28 sin España;2021;""
16 País Vasco;UE28 sin España;2020;""
16 País Vasco;UE28 sin España;2019;2.118
16 País Vasco;UE28 sin España;2018;2.069
16 País Vasco;UE28 sin España;2017;2.165
16 País Vasco;UE28 sin España;2016;1.874
16 País Vasco;UE28 sin España;2015;1.808
16 País Vasco;UE28 sin España;2014;1.786
16 País Vasco;UE28 sin España;2013;1.766
16 País Vasco;Europa menos UE27_2020;2021;582
16 País Vasco;Europa menos UE27_2020;2020;566
16 País Vasco;Europa menos UE27_2020;2019;""
16 País Vasco;Europa menos UE27_2020;2018;""
16 País Vasco;Europa menos UE27_2020;2017;""
16 País Vasco;Europa menos UE27_2020;2016;""
16 País Vasco;Europa menos UE27_2020;2015;""
16 País Vasco;Europa menos UE27_2020;2014;""
16 País Vasco;Europa menos UE27_2020;2013;""
16 País Vasco;Europa menos UE28;2021;""
16 País Vasco;Europa menos UE28;2020;""
16 País Vasco;Europa menos UE28;2019;758
16 País Vasco;Europa menos UE28;2018;679
16 País Vasco;Europa menos UE28;2017;622
16 País Vasco;Europa menos UE28;2016;472
16 País Vasco;Europa menos UE28;2015;437
16 País Vasco;Europa menos UE28;2014;438
16 País Vasco;Europa menos UE28;2013;276
16 País Vasco;África;2021;3.121
16 País Vasco;África;2020;2.607
16 País Vasco;África;2019;4.346
16 País Vasco;África;2018;3.648
16 País Vasco;África;2017;2.754
16 País Vasco;África;2016;2.228
16 País Vasco;África;2015;1.727
16 País Vasco;África;2014;1.586
16 País Vasco;África;2013;1.616
16 País Vasco;América del Norte;2021;451
16 País Vasco;América del Norte;2020;379
16 País Vasco;América del Norte;2019;574
16 País Vasco;América del Norte;2018;473
16 País Vasco;América del Norte;2017;381
16 País Vasco;América del Norte;2016;335
16 País Vasco;América del Norte;2015;336
16 País Vasco;América del Norte;2014;254
16 País Vasco;América del Norte;2013;289
16 País Vasco;Centro América y Caribe;2021;1.447
16 País Vasco;Centro América y Caribe;2020;3.076
16 País Vasco;Centro América y Caribe;2019;5.854
16 País Vasco;Centro América y Caribe;2018;4.602
16 País Vasco;Centro América y Caribe;2017;3.403
16 País Vasco;Centro América y Caribe;2016;2.402
16 País Vasco;Centro América y Caribe;2015;1.788
16 País Vasco;Centro América y Caribe;2014;1.609
16 País Vasco;Centro América y Caribe;2013;1.333
16 País Vasco;Sudamérica;2021;4.796
16 País Vasco;Sudamérica;2020;5.623
16 País Vasco;Sudamérica;2019;10.121
16 País Vasco;Sudamérica;2018;7.420
16 País Vasco;Sudamérica;2017;5.841
16 País Vasco;Sudamérica;2016;4.512
16 País Vasco;Sudamérica;2015;2.698
16 País Vasco;Sudamérica;2014;2.175
16 País Vasco;Sudamérica;2013;1.733
16 País Vasco;Asia;2021;1.163
16 País Vasco;Asia;2020;770
16 País Vasco;Asia;2019;1.333
16 País Vasco;Asia;2018;1.045
16 País Vasco;Asia;2017;927
16 País Vasco;Asia;2016;890
16 País Vasco;Asia;2015;743
16 País Vasco;Asia;2014;804
16 País Vasco;Asia;2013;946
16 País Vasco;Oceanía ;2021;20
16 País Vasco;Oceanía ;2020;25
16 País Vasco;Oceanía ;2019;50
16 País Vasco;Oceanía ;2018;27
16 País Vasco;Oceanía ;2017;27
16 País Vasco;Oceanía ;2016;24
16 País Vasco;Oceanía ;2015;21
16 País Vasco;Oceanía ;2014;25
16 País Vasco;Oceanía ;2013;32
17 Rioja, La;Total;2021;2.845
17 Rioja, La;Total;2020;2.592
17 Rioja, La;Total;2019;3.851
17 Rioja, La;Total;2018;3.234
17 Rioja, La;Total;2017;2.408
17 Rioja, La;Total;2016;2.075
17 Rioja, La;Total;2015;1.710
17 Rioja, La;Total;2014;1.402
17 Rioja, La;Total;2013;1.260
17 Rioja, La;España;2021;184
17 Rioja, La;España;2020;142
17 Rioja, La;España;2019;181
17 Rioja, La;España;2018;172
17 Rioja, La;España;2017;230
17 Rioja, La;España;2016;198
17 Rioja, La;España;2015;158
17 Rioja, La;España;2014;125
17 Rioja, La;España;2013;107
17 Rioja, La;UE27_2020 sin España;2021;405
17 Rioja, La;UE27_2020 sin España;2020;353
17 Rioja, La;UE27_2020 sin España;2019;""
17 Rioja, La;UE27_2020 sin España;2018;""
17 Rioja, La;UE27_2020 sin España;2017;""
17 Rioja, La;UE27_2020 sin España;2016;""
17 Rioja, La;UE27_2020 sin España;2015;""
17 Rioja, La;UE27_2020 sin España;2014;""
17 Rioja, La;UE27_2020 sin España;2013;""
17 Rioja, La;UE28 sin España;2021;""
17 Rioja, La;UE28 sin España;2020;""
17 Rioja, La;UE28 sin España;2019;620
17 Rioja, La;UE28 sin España;2018;628
17 Rioja, La;UE28 sin España;2017;586
17 Rioja, La;UE28 sin España;2016;535
17 Rioja, La;UE28 sin España;2015;541
17 Rioja, La;UE28 sin España;2014;463
17 Rioja, La;UE28 sin España;2013;313
17 Rioja, La;Europa menos UE27_2020;2021;137
17 Rioja, La;Europa menos UE27_2020;2020;113
17 Rioja, La;Europa menos UE27_2020;2019;""
17 Rioja, La;Europa menos UE27_2020;2018;""
17 Rioja, La;Europa menos UE27_2020;2017;""
17 Rioja, La;Europa menos UE27_2020;2016;""
17 Rioja, La;Europa menos UE27_2020;2015;""
17 Rioja, La;Europa menos UE27_2020;2014;""
17 Rioja, La;Europa menos UE27_2020;2013;""
17 Rioja, La;Europa menos UE28;2021;""
17 Rioja, La;Europa menos UE28;2020;""
17 Rioja, La;Europa menos UE28;2019;225
17 Rioja, La;Europa menos UE28;2018;273
17 Rioja, La;Europa menos UE28;2017;205
17 Rioja, La;Europa menos UE28;2016;177
17 Rioja, La;Europa menos UE28;2015;160
17 Rioja, La;Europa menos UE28;2014;109
17 Rioja, La;Europa menos UE28;2013;82
17 Rioja, La;África;2021;809
17 Rioja, La;África;2020;548
17 Rioja, La;África;2019;805
17 Rioja, La;África;2018;659
17 Rioja, La;África;2017;429
17 Rioja, La;África;2016;391
17 Rioja, La;África;2015;297
17 Rioja, La;África;2014;256
17 Rioja, La;África;2013;254
17 Rioja, La;América del Norte;2021;94
17 Rioja, La;América del Norte;2020;50
17 Rioja, La;América del Norte;2019;80
17 Rioja, La;América del Norte;2018;80
17 Rioja, La;América del Norte;2017;47
17 Rioja, La;América del Norte;2016;52
17 Rioja, La;América del Norte;2015;32
17 Rioja, La;América del Norte;2014;31
17 Rioja, La;América del Norte;2013;23
17 Rioja, La;Centro América y Caribe;2021;128
17 Rioja, La;Centro América y Caribe;2020;183
17 Rioja, La;Centro América y Caribe;2019;333
17 Rioja, La;Centro América y Caribe;2018;216
17 Rioja, La;Centro América y Caribe;2017;126
17 Rioja, La;Centro América y Caribe;2016;105
17 Rioja, La;Centro América y Caribe;2015;74
17 Rioja, La;Centro América y Caribe;2014;85
17 Rioja, La;Centro América y Caribe;2013;63
17 Rioja, La;Sudamérica;2021;788
17 Rioja, La;Sudamérica;2020;1.053
17 Rioja, La;Sudamérica;2019;1.418
17 Rioja, La;Sudamérica;2018;1.064
17 Rioja, La;Sudamérica;2017;633
17 Rioja, La;Sudamérica;2016;444
17 Rioja, La;Sudamérica;2015;323
17 Rioja, La;Sudamérica;2014;234
17 Rioja, La;Sudamérica;2013;220
17 Rioja, La;Asia;2021;299
17 Rioja, La;Asia;2020;142
17 Rioja, La;Asia;2019;187
17 Rioja, La;Asia;2018;139
17 Rioja, La;Asia;2017;150
17 Rioja, La;Asia;2016;169
17 Rioja, La;Asia;2015;118
17 Rioja, La;Asia;2014;95
17 Rioja, La;Asia;2013;199
17 Rioja, La;Oceanía ;2021;1
17 Rioja, La;Oceanía ;2020;8
17 Rioja, La;Oceanía ;2019;2
17 Rioja, La;Oceanía ;2018;3
17 Rioja, La;Oceanía ;2017;2
17 Rioja, La;Oceanía ;2016;4
17 Rioja, La;Oceanía ;2015;7
17 Rioja, La;Oceanía ;2014;4
17 Rioja, La;Oceanía ;2013;""
18 Ceuta;Total;2021;771
18 Ceuta;Total;2020;546
18 Ceuta;Total;2019;466
18 Ceuta;Total;2018;475
18 Ceuta;Total;2017;529
18 Ceuta;Total;2016;517
18 Ceuta;Total;2015;480
18 Ceuta;Total;2014;458
18 Ceuta;Total;2013;505
18 Ceuta;España;2021;167
18 Ceuta;España;2020;106
18 Ceuta;España;2019;64
18 Ceuta;España;2018;51
18 Ceuta;España;2017;110
18 Ceuta;España;2016;119
18 Ceuta;España;2015;112
18 Ceuta;España;2014;96
18 Ceuta;España;2013;131
18 Ceuta;UE27_2020 sin España;2021;10
18 Ceuta;UE27_2020 sin España;2020;17
18 Ceuta;UE27_2020 sin España;2019;""
18 Ceuta;UE27_2020 sin España;2018;""
18 Ceuta;UE27_2020 sin España;2017;""
18 Ceuta;UE27_2020 sin España;2016;""
18 Ceuta;UE27_2020 sin España;2015;""
18 Ceuta;UE27_2020 sin España;2014;""
18 Ceuta;UE27_2020 sin España;2013;""
18 Ceuta;UE28 sin España;2021;""
18 Ceuta;UE28 sin España;2020;""
18 Ceuta;UE28 sin España;2019;29
18 Ceuta;UE28 sin España;2018;26
18 Ceuta;UE28 sin España;2017;25
18 Ceuta;UE28 sin España;2016;27
18 Ceuta;UE28 sin España;2015;31
18 Ceuta;UE28 sin España;2014;24
18 Ceuta;UE28 sin España;2013;36
18 Ceuta;Europa menos UE27_2020;2021;8
18 Ceuta;Europa menos UE27_2020;2020;11
18 Ceuta;Europa menos UE27_2020;2019;""
18 Ceuta;Europa menos UE27_2020;2018;""
18 Ceuta;Europa menos UE27_2020;2017;""
18 Ceuta;Europa menos UE27_2020;2016;""
18 Ceuta;Europa menos UE27_2020;2015;""
18 Ceuta;Europa menos UE27_2020;2014;""
18 Ceuta;Europa menos UE27_2020;2013;""
18 Ceuta;Europa menos UE28;2021;""
18 Ceuta;Europa menos UE28;2020;""
18 Ceuta;Europa menos UE28;2019;2
18 Ceuta;Europa menos UE28;2018;2
18 Ceuta;Europa menos UE28;2017;5
18 Ceuta;Europa menos UE28;2016;1
18 Ceuta;Europa menos UE28;2015;1
18 Ceuta;Europa menos UE28;2014;1
18 Ceuta;Europa menos UE28;2013;1
18 Ceuta;África;2021;554
18 Ceuta;África;2020;375
18 Ceuta;África;2019;330
18 Ceuta;África;2018;346
18 Ceuta;África;2017;358
18 Ceuta;África;2016;329
18 Ceuta;África;2015;302
18 Ceuta;África;2014;267
18 Ceuta;África;2013;281
18 Ceuta;América del Norte;2021;1
18 Ceuta;América del Norte;2020;1
18 Ceuta;América del Norte;2019;3
18 Ceuta;América del Norte;2018;2
18 Ceuta;América del Norte;2017;2
18 Ceuta;América del Norte;2016;5
18 Ceuta;América del Norte;2015;2
18 Ceuta;América del Norte;2014;1
18 Ceuta;América del Norte;2013;1
18 Ceuta;Centro América y Caribe;2021;7
18 Ceuta;Centro América y Caribe;2020;5
18 Ceuta;Centro América y Caribe;2019;6
18 Ceuta;Centro América y Caribe;2018;7
18 Ceuta;Centro América y Caribe;2017;4
18 Ceuta;Centro América y Caribe;2016;4
18 Ceuta;Centro América y Caribe;2015;5
18 Ceuta;Centro América y Caribe;2014;10
18 Ceuta;Centro América y Caribe;2013;4
18 Ceuta;Sudamérica;2021;14
18 Ceuta;Sudamérica;2020;14
18 Ceuta;Sudamérica;2019;17
18 Ceuta;Sudamérica;2018;20
18 Ceuta;Sudamérica;2017;10
18 Ceuta;Sudamérica;2016;23
18 Ceuta;Sudamérica;2015;17
18 Ceuta;Sudamérica;2014;24
18 Ceuta;Sudamérica;2013;37
18 Ceuta;Asia;2021;8
18 Ceuta;Asia;2020;17
18 Ceuta;Asia;2019;14
18 Ceuta;Asia;2018;18
18 Ceuta;Asia;2017;15
18 Ceuta;Asia;2016;10
18 Ceuta;Asia;2015;10
18 Ceuta;Asia;2014;35
18 Ceuta;Asia;2013;13
18 Ceuta;Oceanía ;2021;2
18 Ceuta;Oceanía ;2020;0
18 Ceuta;Oceanía ;2019;1
18 Ceuta;Oceanía ;2018;3
18 Ceuta;Oceanía ;2017;0
18 Ceuta;Oceanía ;2016;""
18 Ceuta;Oceanía ;2015;""
18 Ceuta;Oceanía ;2014;0
18 Ceuta;Oceanía ;2013;1
19 Melilla;Total;2021;1.178
19 Melilla;Total;2020;787
19 Melilla;Total;2019;1.247
19 Melilla;Total;2018;981
19 Melilla;Total;2017;854
19 Melilla;Total;2016;811
19 Melilla;Total;2015;986
19 Melilla;Total;2014;876
19 Melilla;Total;2013;884
19 Melilla;España;2021;108
19 Melilla;España;2020;78
19 Melilla;España;2019;112
19 Melilla;España;2018;63
19 Melilla;España;2017;167
19 Melilla;España;2016;174
19 Melilla;España;2015;195
19 Melilla;España;2014;194
19 Melilla;España;2013;212
19 Melilla;UE27_2020 sin España;2021;47
19 Melilla;UE27_2020 sin España;2020;38
19 Melilla;UE27_2020 sin España;2019;""
19 Melilla;UE27_2020 sin España;2018;""
19 Melilla;UE27_2020 sin España;2017;""
19 Melilla;UE27_2020 sin España;2016;""
19 Melilla;UE27_2020 sin España;2015;""
19 Melilla;UE27_2020 sin España;2014;""
19 Melilla;UE27_2020 sin España;2013;""
19 Melilla;UE28 sin España;2021;""
19 Melilla;UE28 sin España;2020;""
19 Melilla;UE28 sin España;2019;72
19 Melilla;UE28 sin España;2018;62
19 Melilla;UE28 sin España;2017;55
19 Melilla;UE28 sin España;2016;49
19 Melilla;UE28 sin España;2015;56
19 Melilla;UE28 sin España;2014;63
19 Melilla;UE28 sin España;2013;75
19 Melilla;Europa menos UE27_2020;2021;17
19 Melilla;Europa menos UE27_2020;2020;14
19 Melilla;Europa menos UE27_2020;2019;""
19 Melilla;Europa menos UE27_2020;2018;""
19 Melilla;Europa menos UE27_2020;2017;""
19 Melilla;Europa menos UE27_2020;2016;""
19 Melilla;Europa menos UE27_2020;2015;""
19 Melilla;Europa menos UE27_2020;2014;""
19 Melilla;Europa menos UE27_2020;2013;""
19 Melilla;Europa menos UE28;2021;""
19 Melilla;Europa menos UE28;2020;""
19 Melilla;Europa menos UE28;2019;5
19 Melilla;Europa menos UE28;2018;9
19 Melilla;Europa menos UE28;2017;9
19 Melilla;Europa menos UE28;2016;8
19 Melilla;Europa menos UE28;2015;3
19 Melilla;Europa menos UE28;2014;4
19 Melilla;Europa menos UE28;2013;3
19 Melilla;África;2021;926
19 Melilla;África;2020;596
19 Melilla;África;2019;904
19 Melilla;África;2018;641
19 Melilla;África;2017;566
19 Melilla;África;2016;493
19 Melilla;África;2015;645
19 Melilla;África;2014;551
19 Melilla;África;2013;525
19 Melilla;América del Norte;2021;8
19 Melilla;América del Norte;2020;3
19 Melilla;América del Norte;2019;10
19 Melilla;América del Norte;2018;16
19 Melilla;América del Norte;2017;6
19 Melilla;América del Norte;2016;7
19 Melilla;América del Norte;2015;1
19 Melilla;América del Norte;2014;6
19 Melilla;América del Norte;2013;9
19 Melilla;Centro América y Caribe;2021;19
19 Melilla;Centro América y Caribe;2020;3
19 Melilla;Centro América y Caribe;2019;4
19 Melilla;Centro América y Caribe;2018;6
19 Melilla;Centro América y Caribe;2017;8
19 Melilla;Centro América y Caribe;2016;7
19 Melilla;Centro América y Caribe;2015;9
19 Melilla;Centro América y Caribe;2014;8
19 Melilla;Centro América y Caribe;2013;6
19 Melilla;Sudamérica;2021;23
19 Melilla;Sudamérica;2020;25
19 Melilla;Sudamérica;2019;35
19 Melilla;Sudamérica;2018;21
19 Melilla;Sudamérica;2017;16
19 Melilla;Sudamérica;2016;15
19 Melilla;Sudamérica;2015;16
19 Melilla;Sudamérica;2014;22
19 Melilla;Sudamérica;2013;43
19 Melilla;Asia;2021;29
19 Melilla;Asia;2020;30
19 Melilla;Asia;2019;105
19 Melilla;Asia;2018;163
19 Melilla;Asia;2017;27
19 Melilla;Asia;2016;59
19 Melilla;Asia;2015;61
19 Melilla;Asia;2014;29
19 Melilla;Asia;2013;10
19 Melilla;Oceanía ;2021;1
19 Melilla;Oceanía ;2020;0
19 Melilla;Oceanía ;2019;0
19 Melilla;Oceanía ;2018;0
19 Melilla;Oceanía ;2017;0
19 Melilla;Oceanía ;2016;""
19 Melilla;Oceanía ;2015;""
19 Melilla;Oceanía ;2014;""
19 Melilla;Oceanía ;2013;0
