Comunidades y Ciudades Autónomas;Renta anual neta media por persona y por unidad de consumo;Periodo;Total
Total Nacional;Renta neta media por persona ;2022;13.008
Total Nacional;Renta neta media por persona ;2021;12.269
Total Nacional;Renta neta media por persona ;2020;12.292
Total Nacional;Renta neta media por persona ;2019;11.680
Total Nacional;Renta neta media por persona ;2018;11.412
Total Nacional;Renta neta media por persona ;2017;11.074
Total Nacional;Renta neta media por persona ;2016;10.708
Total Nacional;Renta neta media por persona ;2015;10.419
Total Nacional;Renta neta media por persona ;2014;10.391
Total Nacional;Renta neta media por persona ;2013;10.531
Total Nacional;Renta neta media por persona ;2012;10.795
Total Nacional;Renta neta media por persona ;2011;10.858
Total Nacional;Renta neta media por persona ;2010;11.284
Total Nacional;Renta neta media por persona ;2009;11.318
Total Nacional;Renta neta media por persona ;2008;10.737
Total Nacional;Renta media por unidad de consumo ;2022;19.160
Total Nacional;Renta media por unidad de consumo ;2021;18.103
Total Nacional;Renta media por unidad de consumo ;2020;18.116
Total Nacional;Renta media por unidad de consumo ;2019;17.287
Total Nacional;Renta media por unidad de consumo ;2018;16.937
Total Nacional;Renta media por unidad de consumo ;2017;16.390
Total Nacional;Renta media por unidad de consumo ;2016;15.842
Total Nacional;Renta media por unidad de consumo ;2015;15.408
Total Nacional;Renta media por unidad de consumo ;2014;15.405
Total Nacional;Renta media por unidad de consumo ;2013;15.635
Total Nacional;Renta media por unidad de consumo ;2012;16.119
Total Nacional;Renta media por unidad de consumo ;2011;16.280
Total Nacional;Renta media por unidad de consumo ;2010;16.922
Total Nacional;Renta media por unidad de consumo ;2009;17.042
Total Nacional;Renta media por unidad de consumo ;2008;16.190
Total Nacional;Renta media por persona (con alquiler imputado) ;2022;15.086
Total Nacional;Renta media por persona (con alquiler imputado) ;2021;14.255
Total Nacional;Renta media por persona (con alquiler imputado) ;2020;14.212
Total Nacional;Renta media por persona (con alquiler imputado) ;2019;13.549
Total Nacional;Renta media por persona (con alquiler imputado) ;2018;13.223
Total Nacional;Renta media por persona (con alquiler imputado) ;2017;12.841
Total Nacional;Renta media por persona (con alquiler imputado) ;2016;12.347
Total Nacional;Renta media por persona (con alquiler imputado) ;2015;11.992
Total Nacional;Renta media por persona (con alquiler imputado) ;2014;12.021
Total Nacional;Renta media por persona (con alquiler imputado) ;2013;11.997
Total Nacional;Renta media por persona (con alquiler imputado) ;2012;12.327
Total Nacional;Renta media por persona (con alquiler imputado) ;2011;12.483
Total Nacional;Renta media por persona (con alquiler imputado) ;2010;12.933
Total Nacional;Renta media por persona (con alquiler imputado) ;2009;12.790
Total Nacional;Renta media por persona (con alquiler imputado) ;2008;12.237
Total Nacional;Renta media por unidad de consumo (con alquiler imputado) ;2022;22.054
Total Nacional;Renta media por unidad de consumo (con alquiler imputado) ;2021;20.874
Total Nacional;Renta media por unidad de consumo (con alquiler imputado) ;2020;20.800
Total Nacional;Renta media por unidad de consumo (con alquiler imputado) ;2019;19.903
Total Nacional;Renta media por unidad de consumo (con alquiler imputado) ;2018;19.479
Total Nacional;Renta media por unidad de consumo (con alquiler imputado) ;2017;18.863
Total Nacional;Renta media por unidad de consumo (con alquiler imputado) ;2016;18.137
Total Nacional;Renta media por unidad de consumo (con alquiler imputado) ;2015;17.612
Total Nacional;Renta media por unidad de consumo (con alquiler imputado) ;2014;17.684
Total Nacional;Renta media por unidad de consumo (con alquiler imputado) ;2013;17.694
Total Nacional;Renta media por unidad de consumo (con alquiler imputado) ;2012;18.268
Total Nacional;Renta media por unidad de consumo (con alquiler imputado) ;2011;18.584
Total Nacional;Renta media por unidad de consumo (con alquiler imputado) ;2010;19.252
Total Nacional;Renta media por unidad de consumo (con alquiler imputado) ;2009;19.124
Total Nacional;Renta media por unidad de consumo (con alquiler imputado) ;2008;18.322
01 Andalucía;Renta neta media por persona ;2022;10.703
01 Andalucía;Renta neta media por persona ;2021;9.915
01 Andalucía;Renta neta media por persona ;2020;9.990
01 Andalucía;Renta neta media por persona ;2019;9.160
01 Andalucía;Renta neta media por persona ;2018;9.258
01 Andalucía;Renta neta media por persona ;2017;9.116
01 Andalucía;Renta neta media por persona ;2016;8.398
01 Andalucía;Renta neta media por persona ;2015;7.942
01 Andalucía;Renta neta media por persona ;2014;8.079
01 Andalucía;Renta neta media por persona ;2013;8.408
01 Andalucía;Renta neta media por persona ;2012;8.845
01 Andalucía;Renta neta media por persona ;2011;8.764
01 Andalucía;Renta neta media por persona ;2010;9.293
01 Andalucía;Renta neta media por persona ;2009;9.406
01 Andalucía;Renta neta media por persona ;2008;9.007
01 Andalucía;Renta media por unidad de consumo ;2022;15.862
01 Andalucía;Renta media por unidad de consumo ;2021;14.769
01 Andalucía;Renta media por unidad de consumo ;2020;14.958
01 Andalucía;Renta media por unidad de consumo ;2019;13.755
01 Andalucía;Renta media por unidad de consumo ;2018;13.977
01 Andalucía;Renta media por unidad de consumo ;2017;13.709
01 Andalucía;Renta media por unidad de consumo ;2016;12.560
01 Andalucía;Renta media por unidad de consumo ;2015;11.862
01 Andalucía;Renta media por unidad de consumo ;2014;12.118
01 Andalucía;Renta media por unidad de consumo ;2013;12.705
01 Andalucía;Renta media por unidad de consumo ;2012;13.391
01 Andalucía;Renta media por unidad de consumo ;2011;13.310
01 Andalucía;Renta media por unidad de consumo ;2010;14.152
01 Andalucía;Renta media por unidad de consumo ;2009;14.393
01 Andalucía;Renta media por unidad de consumo ;2008;13.859
01 Andalucía;Renta media por persona (con alquiler imputado) ;2022;12.746
01 Andalucía;Renta media por persona (con alquiler imputado) ;2021;11.822
01 Andalucía;Renta media por persona (con alquiler imputado) ;2020;11.804
01 Andalucía;Renta media por persona (con alquiler imputado) ;2019;10.892
01 Andalucía;Renta media por persona (con alquiler imputado) ;2018;10.962
01 Andalucía;Renta media por persona (con alquiler imputado) ;2017;10.831
01 Andalucía;Renta media por persona (con alquiler imputado) ;2016;9.978
01 Andalucía;Renta media por persona (con alquiler imputado) ;2015;9.456
01 Andalucía;Renta media por persona (con alquiler imputado) ;2014;9.590
01 Andalucía;Renta media por persona (con alquiler imputado) ;2013;9.783
01 Andalucía;Renta media por persona (con alquiler imputado) ;2012;10.308
01 Andalucía;Renta media por persona (con alquiler imputado) ;2011;10.337
01 Andalucía;Renta media por persona (con alquiler imputado) ;2010;10.845
01 Andalucía;Renta media por persona (con alquiler imputado) ;2009;10.806
01 Andalucía;Renta media por persona (con alquiler imputado) ;2008;10.459
01 Andalucía;Renta media por unidad de consumo (con alquiler imputado) ;2022;18.752
01 Andalucía;Renta media por unidad de consumo (con alquiler imputado) ;2021;17.468
01 Andalucía;Renta media por unidad de consumo (con alquiler imputado) ;2020;17.533
01 Andalucía;Renta media por unidad de consumo (con alquiler imputado) ;2019;16.218
01 Andalucía;Renta media por unidad de consumo (con alquiler imputado) ;2018;16.414
01 Andalucía;Renta media por unidad de consumo (con alquiler imputado) ;2017;16.160
01 Andalucía;Renta media por unidad de consumo (con alquiler imputado) ;2016;14.825
01 Andalucía;Renta media por unidad de consumo (con alquiler imputado) ;2015;14.031
01 Andalucía;Renta media por unidad de consumo (con alquiler imputado) ;2014;14.294
01 Andalucía;Renta media por unidad de consumo (con alquiler imputado) ;2013;14.694
01 Andalucía;Renta media por unidad de consumo (con alquiler imputado) ;2012;15.490
01 Andalucía;Renta media por unidad de consumo (con alquiler imputado) ;2011;15.569
01 Andalucía;Renta media por unidad de consumo (con alquiler imputado) ;2010;16.393
01 Andalucía;Renta media por unidad de consumo (con alquiler imputado) ;2009;16.411
01 Andalucía;Renta media por unidad de consumo (con alquiler imputado) ;2008;15.967
02 Aragón;Renta neta media por persona ;2022;14.015
02 Aragón;Renta neta media por persona ;2021;13.345
02 Aragón;Renta neta media por persona ;2020;13.097
02 Aragón;Renta neta media por persona ;2019;12.300
02 Aragón;Renta neta media por persona ;2018;11.990
02 Aragón;Renta neta media por persona ;2017;12.110
02 Aragón;Renta neta media por persona ;2016;11.649
02 Aragón;Renta neta media por persona ;2015;12.427
02 Aragón;Renta neta media por persona ;2014;12.037
02 Aragón;Renta neta media por persona ;2013;12.022
02 Aragón;Renta neta media por persona ;2012;11.904
02 Aragón;Renta neta media por persona ;2011;11.657
02 Aragón;Renta neta media por persona ;2010;11.968
02 Aragón;Renta neta media por persona ;2009;12.411
02 Aragón;Renta neta media por persona ;2008;11.485
02 Aragón;Renta media por unidad de consumo ;2022;20.347
02 Aragón;Renta media por unidad de consumo ;2021;19.381
02 Aragón;Renta media por unidad de consumo ;2020;19.150
02 Aragón;Renta media por unidad de consumo ;2019;18.067
02 Aragón;Renta media por unidad de consumo ;2018;17.672
02 Aragón;Renta media por unidad de consumo ;2017;17.756
02 Aragón;Renta media por unidad de consumo ;2016;17.116
02 Aragón;Renta media por unidad de consumo ;2015;18.395
02 Aragón;Renta media por unidad de consumo ;2014;17.662
02 Aragón;Renta media por unidad de consumo ;2013;17.618
02 Aragón;Renta media por unidad de consumo ;2012;17.419
02 Aragón;Renta media por unidad de consumo ;2011;17.259
02 Aragón;Renta media por unidad de consumo ;2010;17.773
02 Aragón;Renta media por unidad de consumo ;2009;18.561
02 Aragón;Renta media por unidad de consumo ;2008;17.107
02 Aragón;Renta media por persona (con alquiler imputado) ;2022;16.097
02 Aragón;Renta media por persona (con alquiler imputado) ;2021;15.284
02 Aragón;Renta media por persona (con alquiler imputado) ;2020;14.966
02 Aragón;Renta media por persona (con alquiler imputado) ;2019;14.100
02 Aragón;Renta media por persona (con alquiler imputado) ;2018;13.796
02 Aragón;Renta media por persona (con alquiler imputado) ;2017;13.912
02 Aragón;Renta media por persona (con alquiler imputado) ;2016;13.392
02 Aragón;Renta media por persona (con alquiler imputado) ;2015;14.053
02 Aragón;Renta media por persona (con alquiler imputado) ;2014;13.717
02 Aragón;Renta media por persona (con alquiler imputado) ;2013;13.479
02 Aragón;Renta media por persona (con alquiler imputado) ;2012;13.435
02 Aragón;Renta media por persona (con alquiler imputado) ;2011;13.259
02 Aragón;Renta media por persona (con alquiler imputado) ;2010;13.633
02 Aragón;Renta media por persona (con alquiler imputado) ;2009;13.861
02 Aragón;Renta media por persona (con alquiler imputado) ;2008;12.937
02 Aragón;Renta media por unidad de consumo (con alquiler imputado) ;2022;23.208
02 Aragón;Renta media por unidad de consumo (con alquiler imputado) ;2021;22.062
02 Aragón;Renta media por unidad de consumo (con alquiler imputado) ;2020;21.758
02 Aragón;Renta media por unidad de consumo (con alquiler imputado) ;2019;20.576
02 Aragón;Renta media por unidad de consumo (con alquiler imputado) ;2018;20.180
02 Aragón;Renta media por unidad de consumo (con alquiler imputado) ;2017;20.246
02 Aragón;Renta media por unidad de consumo (con alquiler imputado) ;2016;19.523
02 Aragón;Renta media por unidad de consumo (con alquiler imputado) ;2015;20.657
02 Aragón;Renta media por unidad de consumo (con alquiler imputado) ;2014;19.973
02 Aragón;Renta media por unidad de consumo (con alquiler imputado) ;2013;19.640
02 Aragón;Renta media por unidad de consumo (con alquiler imputado) ;2012;19.526
02 Aragón;Renta media por unidad de consumo (con alquiler imputado) ;2011;19.489
02 Aragón;Renta media por unidad de consumo (con alquiler imputado) ;2010;20.086
02 Aragón;Renta media por unidad de consumo (con alquiler imputado) ;2009;20.579
02 Aragón;Renta media por unidad de consumo (con alquiler imputado) ;2008;19.144
03 Asturias, Principado de;Renta neta media por persona ;2022;13.777
03 Asturias, Principado de;Renta neta media por persona ;2021;12.861
03 Asturias, Principado de;Renta neta media por persona ;2020;12.786
03 Asturias, Principado de;Renta neta media por persona ;2019;12.523
03 Asturias, Principado de;Renta neta media por persona ;2018;12.085
03 Asturias, Principado de;Renta neta media por persona ;2017;12.244
03 Asturias, Principado de;Renta neta media por persona ;2016;12.060
03 Asturias, Principado de;Renta neta media por persona ;2015;11.427
03 Asturias, Principado de;Renta neta media por persona ;2014;11.251
03 Asturias, Principado de;Renta neta media por persona ;2013;11.211
03 Asturias, Principado de;Renta neta media por persona ;2012;11.767
03 Asturias, Principado de;Renta neta media por persona ;2011;11.779
03 Asturias, Principado de;Renta neta media por persona ;2010;12.589
03 Asturias, Principado de;Renta neta media por persona ;2009;12.630
03 Asturias, Principado de;Renta neta media por persona ;2008;11.880
03 Asturias, Principado de;Renta media por unidad de consumo ;2022;19.368
03 Asturias, Principado de;Renta media por unidad de consumo ;2021;17.968
03 Asturias, Principado de;Renta media por unidad de consumo ;2020;18.028
03 Asturias, Principado de;Renta media por unidad de consumo ;2019;17.868
03 Asturias, Principado de;Renta media por unidad de consumo ;2018;17.343
03 Asturias, Principado de;Renta media por unidad de consumo ;2017;17.547
03 Asturias, Principado de;Renta media por unidad de consumo ;2016;17.241
03 Asturias, Principado de;Renta media por unidad de consumo ;2015;16.227
03 Asturias, Principado de;Renta media por unidad de consumo ;2014;16.011
03 Asturias, Principado de;Renta media por unidad de consumo ;2013;15.994
03 Asturias, Principado de;Renta media por unidad de consumo ;2012;16.922
03 Asturias, Principado de;Renta media por unidad de consumo ;2011;17.080
03 Asturias, Principado de;Renta media por unidad de consumo ;2010;18.377
03 Asturias, Principado de;Renta media por unidad de consumo ;2009;18.561
03 Asturias, Principado de;Renta media por unidad de consumo ;2008;17.383
03 Asturias, Principado de;Renta media por persona (con alquiler imputado) ;2022;16.076
03 Asturias, Principado de;Renta media por persona (con alquiler imputado) ;2021;15.010
03 Asturias, Principado de;Renta media por persona (con alquiler imputado) ;2020;14.833
03 Asturias, Principado de;Renta media por persona (con alquiler imputado) ;2019;14.559
03 Asturias, Principado de;Renta media por persona (con alquiler imputado) ;2018;13.963
03 Asturias, Principado de;Renta media por persona (con alquiler imputado) ;2017;14.157
03 Asturias, Principado de;Renta media por persona (con alquiler imputado) ;2016;13.863
03 Asturias, Principado de;Renta media por persona (con alquiler imputado) ;2015;13.151
03 Asturias, Principado de;Renta media por persona (con alquiler imputado) ;2014;13.020
03 Asturias, Principado de;Renta media por persona (con alquiler imputado) ;2013;12.811
03 Asturias, Principado de;Renta media por persona (con alquiler imputado) ;2012;13.529
03 Asturias, Principado de;Renta media por persona (con alquiler imputado) ;2011;13.579
03 Asturias, Principado de;Renta media por persona (con alquiler imputado) ;2010;14.443
03 Asturias, Principado de;Renta media por persona (con alquiler imputado) ;2009;14.374
03 Asturias, Principado de;Renta media por persona (con alquiler imputado) ;2008;13.531
03 Asturias, Principado de;Renta media por unidad de consumo (con alquiler imputado) ;2022;22.450
03 Asturias, Principado de;Renta media por unidad de consumo (con alquiler imputado) ;2021;20.852
03 Asturias, Principado de;Renta media por unidad de consumo (con alquiler imputado) ;2020;20.787
03 Asturias, Principado de;Renta media por unidad de consumo (con alquiler imputado) ;2019;20.612
03 Asturias, Principado de;Renta media por unidad de consumo (con alquiler imputado) ;2018;19.903
03 Asturias, Principado de;Renta media por unidad de consumo (con alquiler imputado) ;2017;20.162
03 Asturias, Principado de;Renta media por unidad de consumo (con alquiler imputado) ;2016;19.659
03 Asturias, Principado de;Renta media por unidad de consumo (con alquiler imputado) ;2015;18.544
03 Asturias, Principado de;Renta media por unidad de consumo (con alquiler imputado) ;2014;18.391
03 Asturias, Principado de;Renta media por unidad de consumo (con alquiler imputado) ;2013;18.174
03 Asturias, Principado de;Renta media por unidad de consumo (con alquiler imputado) ;2012;19.310
03 Asturias, Principado de;Renta media por unidad de consumo (con alquiler imputado) ;2011;19.562
03 Asturias, Principado de;Renta media por unidad de consumo (con alquiler imputado) ;2010;20.937
03 Asturias, Principado de;Renta media por unidad de consumo (con alquiler imputado) ;2009;20.981
03 Asturias, Principado de;Renta media por unidad de consumo (con alquiler imputado) ;2008;19.679
04 Balears, Illes;Renta neta media por persona ;2022;12.451
04 Balears, Illes;Renta neta media por persona ;2021;11.235
04 Balears, Illes;Renta neta media por persona ;2020;12.658
04 Balears, Illes;Renta neta media por persona ;2019;12.410
04 Balears, Illes;Renta neta media por persona ;2018;13.240
04 Balears, Illes;Renta neta media por persona ;2017;12.665
04 Balears, Illes;Renta neta media por persona ;2016;12.222
04 Balears, Illes;Renta neta media por persona ;2015;10.828
04 Balears, Illes;Renta neta media por persona ;2014;10.660
04 Balears, Illes;Renta neta media por persona ;2013;10.386
04 Balears, Illes;Renta neta media por persona ;2012;11.005
04 Balears, Illes;Renta neta media por persona ;2011;11.126
04 Balears, Illes;Renta neta media por persona ;2010;11.485
04 Balears, Illes;Renta neta media por persona ;2009;11.821
04 Balears, Illes;Renta neta media por persona ;2008;11.229
04 Balears, Illes;Renta media por unidad de consumo ;2022;18.576
04 Balears, Illes;Renta media por unidad de consumo ;2021;16.867
04 Balears, Illes;Renta media por unidad de consumo ;2020;18.787
04 Balears, Illes;Renta media por unidad de consumo ;2019;18.420
04 Balears, Illes;Renta media por unidad de consumo ;2018;19.554
04 Balears, Illes;Renta media por unidad de consumo ;2017;18.312
04 Balears, Illes;Renta media por unidad de consumo ;2016;17.894
04 Balears, Illes;Renta media por unidad de consumo ;2015;15.894
04 Balears, Illes;Renta media por unidad de consumo ;2014;15.729
04 Balears, Illes;Renta media por unidad de consumo ;2013;15.427
04 Balears, Illes;Renta media por unidad de consumo ;2012;16.317
04 Balears, Illes;Renta media por unidad de consumo ;2011;16.568
04 Balears, Illes;Renta media por unidad de consumo ;2010;17.076
04 Balears, Illes;Renta media por unidad de consumo ;2009;17.548
04 Balears, Illes;Renta media por unidad de consumo ;2008;16.496
04 Balears, Illes;Renta media por persona (con alquiler imputado) ;2022;14.303
04 Balears, Illes;Renta media por persona (con alquiler imputado) ;2021;12.962
04 Balears, Illes;Renta media por persona (con alquiler imputado) ;2020;14.303
04 Balears, Illes;Renta media por persona (con alquiler imputado) ;2019;14.081
04 Balears, Illes;Renta media por persona (con alquiler imputado) ;2018;14.894
04 Balears, Illes;Renta media por persona (con alquiler imputado) ;2017;14.233
04 Balears, Illes;Renta media por persona (con alquiler imputado) ;2016;13.763
04 Balears, Illes;Renta media por persona (con alquiler imputado) ;2015;12.201
04 Balears, Illes;Renta media por persona (con alquiler imputado) ;2014;11.985
04 Balears, Illes;Renta media por persona (con alquiler imputado) ;2013;11.653
04 Balears, Illes;Renta media por persona (con alquiler imputado) ;2012;12.308
04 Balears, Illes;Renta media por persona (con alquiler imputado) ;2011;12.531
04 Balears, Illes;Renta media por persona (con alquiler imputado) ;2010;12.952
04 Balears, Illes;Renta media por persona (con alquiler imputado) ;2009;13.023
04 Balears, Illes;Renta media por persona (con alquiler imputado) ;2008;12.407
04 Balears, Illes;Renta media por unidad de consumo (con alquiler imputado) ;2022;21.197
04 Balears, Illes;Renta media por unidad de consumo (con alquiler imputado) ;2021;19.315
04 Balears, Illes;Renta media por unidad de consumo (con alquiler imputado) ;2020;21.103
04 Balears, Illes;Renta media por unidad de consumo (con alquiler imputado) ;2019;20.766
04 Balears, Illes;Renta media por unidad de consumo (con alquiler imputado) ;2018;21.886
04 Balears, Illes;Renta media por unidad de consumo (con alquiler imputado) ;2017;20.466
04 Balears, Illes;Renta media por unidad de consumo (con alquiler imputado) ;2016;20.067
04 Balears, Illes;Renta media por unidad de consumo (con alquiler imputado) ;2015;17.848
04 Balears, Illes;Renta media por unidad de consumo (con alquiler imputado) ;2014;17.607
04 Balears, Illes;Renta media por unidad de consumo (con alquiler imputado) ;2013;17.187
04 Balears, Illes;Renta media por unidad de consumo (con alquiler imputado) ;2012;18.091
04 Balears, Illes;Renta media por unidad de consumo (con alquiler imputado) ;2011;18.516
04 Balears, Illes;Renta media por unidad de consumo (con alquiler imputado) ;2010;19.129
04 Balears, Illes;Renta media por unidad de consumo (con alquiler imputado) ;2009;19.226
04 Balears, Illes;Renta media por unidad de consumo (con alquiler imputado) ;2008;18.196
05 Canarias;Renta neta media por persona ;2022;10.716
05 Canarias;Renta neta media por persona ;2021;10.161
05 Canarias;Renta neta media por persona ;2020;9.935
05 Canarias;Renta neta media por persona ;2019;9.487
05 Canarias;Renta neta media por persona ;2018;8.964
05 Canarias;Renta neta media por persona ;2017;8.863
05 Canarias;Renta neta media por persona ;2016;8.702
05 Canarias;Renta neta media por persona ;2015;8.640
05 Canarias;Renta neta media por persona ;2014;8.302
05 Canarias;Renta neta media por persona ;2013;8.513
05 Canarias;Renta neta media por persona ;2012;8.423
05 Canarias;Renta neta media por persona ;2011;8.610
05 Canarias;Renta neta media por persona ;2010;9.202
05 Canarias;Renta neta media por persona ;2009;8.932
05 Canarias;Renta neta media por persona ;2008;8.902
05 Canarias;Renta media por unidad de consumo ;2022;15.901
05 Canarias;Renta media por unidad de consumo ;2021;15.294
05 Canarias;Renta media por unidad de consumo ;2020;14.990
05 Canarias;Renta media por unidad de consumo ;2019;14.247
05 Canarias;Renta media por unidad de consumo ;2018;13.546
05 Canarias;Renta media por unidad de consumo ;2017;13.161
05 Canarias;Renta media por unidad de consumo ;2016;12.993
05 Canarias;Renta media por unidad de consumo ;2015;12.932
05 Canarias;Renta media por unidad de consumo ;2014;12.505
05 Canarias;Renta media por unidad de consumo ;2013;12.688
05 Canarias;Renta media por unidad de consumo ;2012;12.477
05 Canarias;Renta media por unidad de consumo ;2011;13.127
05 Canarias;Renta media por unidad de consumo ;2010;13.905
05 Canarias;Renta media por unidad de consumo ;2009;13.612
05 Canarias;Renta media por unidad de consumo ;2008;13.418
05 Canarias;Renta media por persona (con alquiler imputado) ;2022;12.490
05 Canarias;Renta media por persona (con alquiler imputado) ;2021;11.898
05 Canarias;Renta media por persona (con alquiler imputado) ;2020;11.686
05 Canarias;Renta media por persona (con alquiler imputado) ;2019;11.298
05 Canarias;Renta media por persona (con alquiler imputado) ;2018;10.736
05 Canarias;Renta media por persona (con alquiler imputado) ;2017;10.540
05 Canarias;Renta media por persona (con alquiler imputado) ;2016;10.313
05 Canarias;Renta media por persona (con alquiler imputado) ;2015;10.110
05 Canarias;Renta media por persona (con alquiler imputado) ;2014;9.884
05 Canarias;Renta media por persona (con alquiler imputado) ;2013;9.934
05 Canarias;Renta media por persona (con alquiler imputado) ;2012;9.954
05 Canarias;Renta media por persona (con alquiler imputado) ;2011;10.100
05 Canarias;Renta media por persona (con alquiler imputado) ;2010;10.781
05 Canarias;Renta media por persona (con alquiler imputado) ;2009;10.365
05 Canarias;Renta media por persona (con alquiler imputado) ;2008;10.333
05 Canarias;Renta media por unidad de consumo (con alquiler imputado) ;2022;18.385
05 Canarias;Renta media por unidad de consumo (con alquiler imputado) ;2021;17.756
05 Canarias;Renta media por unidad de consumo (con alquiler imputado) ;2020;17.452
05 Canarias;Renta media por unidad de consumo (con alquiler imputado) ;2019;16.797
05 Canarias;Renta media por unidad de consumo (con alquiler imputado) ;2018;16.039
05 Canarias;Renta media por unidad de consumo (con alquiler imputado) ;2017;15.563
05 Canarias;Renta media por unidad de consumo (con alquiler imputado) ;2016;15.282
05 Canarias;Renta media por unidad de consumo (con alquiler imputado) ;2015;15.035
05 Canarias;Renta media por unidad de consumo (con alquiler imputado) ;2014;14.763
05 Canarias;Renta media por unidad de consumo (con alquiler imputado) ;2013;14.711
05 Canarias;Renta media por unidad de consumo (con alquiler imputado) ;2012;14.661
05 Canarias;Renta media por unidad de consumo (con alquiler imputado) ;2011;15.254
05 Canarias;Renta media por unidad de consumo (con alquiler imputado) ;2010;16.147
05 Canarias;Renta media por unidad de consumo (con alquiler imputado) ;2009;15.629
05 Canarias;Renta media por unidad de consumo (con alquiler imputado) ;2008;15.474
06 Cantabria;Renta neta media por persona ;2022;13.811
06 Cantabria;Renta neta media por persona ;2021;12.848
06 Cantabria;Renta neta media por persona ;2020;12.748
06 Cantabria;Renta neta media por persona ;2019;12.205
06 Cantabria;Renta neta media por persona ;2018;11.239
06 Cantabria;Renta neta media por persona ;2017;11.293
06 Cantabria;Renta neta media por persona ;2016;10.670
06 Cantabria;Renta neta media por persona ;2015;10.494
06 Cantabria;Renta neta media por persona ;2014;9.824
06 Cantabria;Renta neta media por persona ;2013;9.843
06 Cantabria;Renta neta media por persona ;2012;10.388
06 Cantabria;Renta neta media por persona ;2011;10.495
06 Cantabria;Renta neta media por persona ;2010;11.083
06 Cantabria;Renta neta media por persona ;2009;12.184
06 Cantabria;Renta neta media por persona ;2008;11.232
06 Cantabria;Renta media por unidad de consumo ;2022;19.974
06 Cantabria;Renta media por unidad de consumo ;2021;18.659
06 Cantabria;Renta media por unidad de consumo ;2020;18.578
06 Cantabria;Renta media por unidad de consumo ;2019;17.742
06 Cantabria;Renta media por unidad de consumo ;2018;16.400
06 Cantabria;Renta media por unidad de consumo ;2017;16.199
06 Cantabria;Renta media por unidad de consumo ;2016;15.484
06 Cantabria;Renta media por unidad de consumo ;2015;15.159
06 Cantabria;Renta media por unidad de consumo ;2014;14.137
06 Cantabria;Renta media por unidad de consumo ;2013;14.426
06 Cantabria;Renta media por unidad de consumo ;2012;15.211
06 Cantabria;Renta media por unidad de consumo ;2011;15.447
06 Cantabria;Renta media por unidad de consumo ;2010;16.456
06 Cantabria;Renta media por unidad de consumo ;2009;18.108
06 Cantabria;Renta media por unidad de consumo ;2008;16.727
06 Cantabria;Renta media por persona (con alquiler imputado) ;2022;15.945
06 Cantabria;Renta media por persona (con alquiler imputado) ;2021;14.829
06 Cantabria;Renta media por persona (con alquiler imputado) ;2020;14.688
06 Cantabria;Renta media por persona (con alquiler imputado) ;2019;14.250
06 Cantabria;Renta media por persona (con alquiler imputado) ;2018;13.166
06 Cantabria;Renta media por persona (con alquiler imputado) ;2017;13.212
06 Cantabria;Renta media por persona (con alquiler imputado) ;2016;12.398
06 Cantabria;Renta media por persona (con alquiler imputado) ;2015;12.147
06 Cantabria;Renta media por persona (con alquiler imputado) ;2014;11.468
06 Cantabria;Renta media por persona (con alquiler imputado) ;2013;11.480
06 Cantabria;Renta media por persona (con alquiler imputado) ;2012;12.112
06 Cantabria;Renta media por persona (con alquiler imputado) ;2011;12.238
06 Cantabria;Renta media por persona (con alquiler imputado) ;2010;12.851
06 Cantabria;Renta media por persona (con alquiler imputado) ;2009;13.646
06 Cantabria;Renta media por persona (con alquiler imputado) ;2008;12.728
06 Cantabria;Renta media por unidad de consumo (con alquiler imputado) ;2022;22.905
06 Cantabria;Renta media por unidad de consumo (con alquiler imputado) ;2021;21.376
06 Cantabria;Renta media por unidad de consumo (con alquiler imputado) ;2020;21.238
06 Cantabria;Renta media por unidad de consumo (con alquiler imputado) ;2019;20.519
06 Cantabria;Renta media por unidad de consumo (con alquiler imputado) ;2018;19.051
06 Cantabria;Renta media por unidad de consumo (con alquiler imputado) ;2017;18.822
06 Cantabria;Renta media por unidad de consumo (con alquiler imputado) ;2016;17.859
06 Cantabria;Renta media por unidad de consumo (con alquiler imputado) ;2015;17.404
06 Cantabria;Renta media por unidad de consumo (con alquiler imputado) ;2014;16.382
06 Cantabria;Renta media por unidad de consumo (con alquiler imputado) ;2013;16.665
06 Cantabria;Renta media por unidad de consumo (con alquiler imputado) ;2012;17.561
06 Cantabria;Renta media por unidad de consumo (con alquiler imputado) ;2011;17.890
06 Cantabria;Renta media por unidad de consumo (con alquiler imputado) ;2010;18.911
06 Cantabria;Renta media por unidad de consumo (con alquiler imputado) ;2009;20.141
06 Cantabria;Renta media por unidad de consumo (con alquiler imputado) ;2008;18.845
07 Castilla y León;Renta neta media por persona ;2022;13.323
07 Castilla y León;Renta neta media por persona ;2021;12.656
07 Castilla y León;Renta neta media por persona ;2020;12.697
07 Castilla y León;Renta neta media por persona ;2019;12.003
07 Castilla y León;Renta neta media por persona ;2018;11.949
07 Castilla y León;Renta neta media por persona ;2017;11.239
07 Castilla y León;Renta neta media por persona ;2016;10.815
07 Castilla y León;Renta neta media por persona ;2015;10.570
07 Castilla y León;Renta neta media por persona ;2014;10.406
07 Castilla y León;Renta neta media por persona ;2013;10.760
07 Castilla y León;Renta neta media por persona ;2012;10.855
07 Castilla y León;Renta neta media por persona ;2011;10.841
07 Castilla y León;Renta neta media por persona ;2010;10.946
07 Castilla y León;Renta neta media por persona ;2009;11.147
07 Castilla y León;Renta neta media por persona ;2008;10.488
07 Castilla y León;Renta media por unidad de consumo ;2022;19.117
07 Castilla y León;Renta media por unidad de consumo ;2021;18.181
07 Castilla y León;Renta media por unidad de consumo ;2020;18.284
07 Castilla y León;Renta media por unidad de consumo ;2019;17.233
07 Castilla y León;Renta media por unidad de consumo ;2018;17.264
07 Castilla y León;Renta media por unidad de consumo ;2017;16.300
07 Castilla y León;Renta media por unidad de consumo ;2016;15.645
07 Castilla y León;Renta media por unidad de consumo ;2015;15.284
07 Castilla y León;Renta media por unidad de consumo ;2014;15.080
07 Castilla y León;Renta media por unidad de consumo ;2013;15.743
07 Castilla y León;Renta media por unidad de consumo ;2012;15.909
07 Castilla y León;Renta media por unidad de consumo ;2011;15.918
07 Castilla y León;Renta media por unidad de consumo ;2010;16.100
07 Castilla y León;Renta media por unidad de consumo ;2009;16.415
07 Castilla y León;Renta media por unidad de consumo ;2008;15.533
07 Castilla y León;Renta media por persona (con alquiler imputado) ;2022;15.446
07 Castilla y León;Renta media por persona (con alquiler imputado) ;2021;14.694
07 Castilla y León;Renta media por persona (con alquiler imputado) ;2020;14.664
07 Castilla y León;Renta media por persona (con alquiler imputado) ;2019;13.858
07 Castilla y León;Renta media por persona (con alquiler imputado) ;2018;13.804
07 Castilla y León;Renta media por persona (con alquiler imputado) ;2017;13.042
07 Castilla y León;Renta media por persona (con alquiler imputado) ;2016;12.545
07 Castilla y León;Renta media por persona (con alquiler imputado) ;2015;12.303
07 Castilla y León;Renta media por persona (con alquiler imputado) ;2014;12.097
07 Castilla y León;Renta media por persona (con alquiler imputado) ;2013;12.235
07 Castilla y León;Renta media por persona (con alquiler imputado) ;2012;12.339
07 Castilla y León;Renta media por persona (con alquiler imputado) ;2011;12.454
07 Castilla y León;Renta media por persona (con alquiler imputado) ;2010;12.546
07 Castilla y León;Renta media por persona (con alquiler imputado) ;2009;12.579
07 Castilla y León;Renta media por persona (con alquiler imputado) ;2008;11.880
07 Castilla y León;Renta media por unidad de consumo (con alquiler imputado) ;2022;21.970
07 Castilla y León;Renta media por unidad de consumo (con alquiler imputado) ;2021;20.933
07 Castilla y León;Renta media por unidad de consumo (con alquiler imputado) ;2020;20.945
07 Castilla y León;Renta media por unidad de consumo (con alquiler imputado) ;2019;19.754
07 Castilla y León;Renta media por unidad de consumo (con alquiler imputado) ;2018;19.788
07 Castilla y León;Renta media por unidad de consumo (con alquiler imputado) ;2017;18.757
07 Castilla y León;Renta media por unidad de consumo (con alquiler imputado) ;2016;18.003
07 Castilla y León;Renta media por unidad de consumo (con alquiler imputado) ;2015;17.650
07 Castilla y León;Renta media por unidad de consumo (con alquiler imputado) ;2014;17.387
07 Castilla y León;Renta media por unidad de consumo (con alquiler imputado) ;2013;17.781
07 Castilla y León;Renta media por unidad de consumo (con alquiler imputado) ;2012;17.951
07 Castilla y León;Renta media por unidad de consumo (con alquiler imputado) ;2011;18.147
07 Castilla y León;Renta media por unidad de consumo (con alquiler imputado) ;2010;18.316
07 Castilla y León;Renta media por unidad de consumo (con alquiler imputado) ;2009;18.384
07 Castilla y León;Renta media por unidad de consumo (con alquiler imputado) ;2008;17.468
08 Castilla - La Mancha;Renta neta media por persona ;2022;11.037
08 Castilla - La Mancha;Renta neta media por persona ;2021;10.257
08 Castilla - La Mancha;Renta neta media por persona ;2020;10.485
08 Castilla - La Mancha;Renta neta media por persona ;2019;9.715
08 Castilla - La Mancha;Renta neta media por persona ;2018;9.533
08 Castilla - La Mancha;Renta neta media por persona ;2017;9.045
08 Castilla - La Mancha;Renta neta media por persona ;2016;8.731
08 Castilla - La Mancha;Renta neta media por persona ;2015;8.498
08 Castilla - La Mancha;Renta neta media por persona ;2014;8.545
08 Castilla - La Mancha;Renta neta media por persona ;2013;8.425
08 Castilla - La Mancha;Renta neta media por persona ;2012;8.878
08 Castilla - La Mancha;Renta neta media por persona ;2011;9.105
08 Castilla - La Mancha;Renta neta media por persona ;2010;9.892
08 Castilla - La Mancha;Renta neta media por persona ;2009;9.631
08 Castilla - La Mancha;Renta neta media por persona ;2008;9.064
08 Castilla - La Mancha;Renta media por unidad de consumo ;2022;16.404
08 Castilla - La Mancha;Renta media por unidad de consumo ;2021;15.350
08 Castilla - La Mancha;Renta media por unidad de consumo ;2020;15.802
08 Castilla - La Mancha;Renta media por unidad de consumo ;2019;14.505
08 Castilla - La Mancha;Renta media por unidad de consumo ;2018;14.305
08 Castilla - La Mancha;Renta media por unidad de consumo ;2017;13.604
08 Castilla - La Mancha;Renta media por unidad de consumo ;2016;13.106
08 Castilla - La Mancha;Renta media por unidad de consumo ;2015;12.725
08 Castilla - La Mancha;Renta media por unidad de consumo ;2014;12.824
08 Castilla - La Mancha;Renta media por unidad de consumo ;2013;12.673
08 Castilla - La Mancha;Renta media por unidad de consumo ;2012;13.307
08 Castilla - La Mancha;Renta media por unidad de consumo ;2011;13.720
08 Castilla - La Mancha;Renta media por unidad de consumo ;2010;15.130
08 Castilla - La Mancha;Renta media por unidad de consumo ;2009;14.712
08 Castilla - La Mancha;Renta media por unidad de consumo ;2008;13.898
08 Castilla - La Mancha;Renta media por persona (con alquiler imputado) ;2022;12.920
08 Castilla - La Mancha;Renta media por persona (con alquiler imputado) ;2021;12.038
08 Castilla - La Mancha;Renta media por persona (con alquiler imputado) ;2020;12.159
08 Castilla - La Mancha;Renta media por persona (con alquiler imputado) ;2019;11.298
08 Castilla - La Mancha;Renta media por persona (con alquiler imputado) ;2018;11.040
08 Castilla - La Mancha;Renta media por persona (con alquiler imputado) ;2017;10.567
08 Castilla - La Mancha;Renta media por persona (con alquiler imputado) ;2016;10.175
08 Castilla - La Mancha;Renta media por persona (con alquiler imputado) ;2015;9.922
08 Castilla - La Mancha;Renta media por persona (con alquiler imputado) ;2014;9.970
08 Castilla - La Mancha;Renta media por persona (con alquiler imputado) ;2013;9.666
08 Castilla - La Mancha;Renta media por persona (con alquiler imputado) ;2012;10.129
08 Castilla - La Mancha;Renta media por persona (con alquiler imputado) ;2011;10.523
08 Castilla - La Mancha;Renta media por persona (con alquiler imputado) ;2010;11.227
08 Castilla - La Mancha;Renta media por persona (con alquiler imputado) ;2009;10.750
08 Castilla - La Mancha;Renta media por persona (con alquiler imputado) ;2008;10.251
08 Castilla - La Mancha;Renta media por unidad de consumo (con alquiler imputado) ;2022;19.056
08 Castilla - La Mancha;Renta media por unidad de consumo (con alquiler imputado) ;2021;17.869
08 Castilla - La Mancha;Renta media por unidad de consumo (con alquiler imputado) ;2020;18.162
08 Castilla - La Mancha;Renta media por unidad de consumo (con alquiler imputado) ;2019;16.754
08 Castilla - La Mancha;Renta media por unidad de consumo (con alquiler imputado) ;2018;16.452
08 Castilla - La Mancha;Renta media por unidad de consumo (con alquiler imputado) ;2017;15.762
08 Castilla - La Mancha;Renta media por unidad de consumo (con alquiler imputado) ;2016;15.148
08 Castilla - La Mancha;Renta media por unidad de consumo (con alquiler imputado) ;2015;14.746
08 Castilla - La Mancha;Renta media por unidad de consumo (con alquiler imputado) ;2014;14.836
08 Castilla - La Mancha;Renta media por unidad de consumo (con alquiler imputado) ;2013;14.446
08 Castilla - La Mancha;Renta media por unidad de consumo (con alquiler imputado) ;2012;15.094
08 Castilla - La Mancha;Renta media por unidad de consumo (con alquiler imputado) ;2011;15.764
08 Castilla - La Mancha;Renta media por unidad de consumo (con alquiler imputado) ;2010;17.067
08 Castilla - La Mancha;Renta media por unidad de consumo (con alquiler imputado) ;2009;16.323
08 Castilla - La Mancha;Renta media por unidad de consumo (con alquiler imputado) ;2008;15.623
09 Cataluña;Renta neta media por persona ;2022;14.692
09 Cataluña;Renta neta media por persona ;2021;14.159
09 Cataluña;Renta neta media por persona ;2020;14.170
09 Cataluña;Renta neta media por persona ;2019;13.527
09 Cataluña;Renta neta media por persona ;2018;13.338
09 Cataluña;Renta neta media por persona ;2017;12.712
09 Cataluña;Renta neta media por persona ;2016;12.660
09 Cataluña;Renta neta media por persona ;2015;12.283
09 Cataluña;Renta neta media por persona ;2014;12.205
09 Cataluña;Renta neta media por persona ;2013;12.111
09 Cataluña;Renta neta media por persona ;2012;12.199
09 Cataluña;Renta neta media por persona ;2011;12.209
09 Cataluña;Renta neta media por persona ;2010;12.890
09 Cataluña;Renta neta media por persona ;2009;12.733
09 Cataluña;Renta neta media por persona ;2008;12.436
09 Cataluña;Renta media por unidad de consumo ;2022;21.637
09 Cataluña;Renta media por unidad de consumo ;2021;20.927
09 Cataluña;Renta media por unidad de consumo ;2020;20.872
09 Cataluña;Renta media por unidad de consumo ;2019;20.049
09 Cataluña;Renta media por unidad de consumo ;2018;19.791
09 Cataluña;Renta media por unidad de consumo ;2017;18.957
09 Cataluña;Renta media por unidad de consumo ;2016;18.828
09 Cataluña;Renta media por unidad de consumo ;2015;18.236
09 Cataluña;Renta media por unidad de consumo ;2014;18.104
09 Cataluña;Renta media por unidad de consumo ;2013;17.883
09 Cataluña;Renta media por unidad de consumo ;2012;18.136
09 Cataluña;Renta media por unidad de consumo ;2011;18.170
09 Cataluña;Renta media por unidad de consumo ;2010;19.239
09 Cataluña;Renta media por unidad de consumo ;2009;18.978
09 Cataluña;Renta media por unidad de consumo ;2008;18.566
09 Cataluña;Renta media por persona (con alquiler imputado) ;2022;16.741
09 Cataluña;Renta media por persona (con alquiler imputado) ;2021;16.168
09 Cataluña;Renta media por persona (con alquiler imputado) ;2020;16.105
09 Cataluña;Renta media por persona (con alquiler imputado) ;2019;15.372
09 Cataluña;Renta media por persona (con alquiler imputado) ;2018;15.190
09 Cataluña;Renta media por persona (con alquiler imputado) ;2017;14.481
09 Cataluña;Renta media por persona (con alquiler imputado) ;2016;14.299
09 Cataluña;Renta media por persona (con alquiler imputado) ;2015;13.813
09 Cataluña;Renta media por persona (con alquiler imputado) ;2014;13.847
09 Cataluña;Renta media por persona (con alquiler imputado) ;2013;13.568
09 Cataluña;Renta media por persona (con alquiler imputado) ;2012;13.708
09 Cataluña;Renta media por persona (con alquiler imputado) ;2011;13.776
09 Cataluña;Renta media por persona (con alquiler imputado) ;2010;14.553
09 Cataluña;Renta media por persona (con alquiler imputado) ;2009;14.223
09 Cataluña;Renta media por persona (con alquiler imputado) ;2008;13.954
09 Cataluña;Renta media por unidad de consumo (con alquiler imputado) ;2022;24.483
09 Cataluña;Renta media por unidad de consumo (con alquiler imputado) ;2021;23.729
09 Cataluña;Renta media por unidad de consumo (con alquiler imputado) ;2020;23.576
09 Cataluña;Renta media por unidad de consumo (con alquiler imputado) ;2019;22.630
09 Cataluña;Renta media por unidad de consumo (con alquiler imputado) ;2018;22.382
09 Cataluña;Renta media por unidad de consumo (con alquiler imputado) ;2017;21.429
09 Cataluña;Renta media por unidad de consumo (con alquiler imputado) ;2016;21.108
09 Cataluña;Renta media por unidad de consumo (con alquiler imputado) ;2015;20.364
09 Cataluña;Renta media por unidad de consumo (con alquiler imputado) ;2014;20.374
09 Cataluña;Renta media por unidad de consumo (con alquiler imputado) ;2013;19.903
09 Cataluña;Renta media por unidad de consumo (con alquiler imputado) ;2012;20.228
09 Cataluña;Renta media por unidad de consumo (con alquiler imputado) ;2011;20.390
09 Cataluña;Renta media por unidad de consumo (con alquiler imputado) ;2010;21.574
09 Cataluña;Renta media por unidad de consumo (con alquiler imputado) ;2009;21.059
09 Cataluña;Renta media por unidad de consumo (con alquiler imputado) ;2008;20.691
10 Comunitat Valenciana;Renta neta media por persona ;2022;11.876
10 Comunitat Valenciana;Renta neta media por persona ;2021;11.237
10 Comunitat Valenciana;Renta neta media por persona ;2020;11.332
10 Comunitat Valenciana;Renta neta media por persona ;2019;10.611
10 Comunitat Valenciana;Renta neta media por persona ;2018;10.232
10 Comunitat Valenciana;Renta neta media por persona ;2017;9.801
10 Comunitat Valenciana;Renta neta media por persona ;2016;9.265
10 Comunitat Valenciana;Renta neta media por persona ;2015;9.098
10 Comunitat Valenciana;Renta neta media por persona ;2014;9.144
10 Comunitat Valenciana;Renta neta media por persona ;2013;9.375
10 Comunitat Valenciana;Renta neta media por persona ;2012;9.965
10 Comunitat Valenciana;Renta neta media por persona ;2011;10.236
10 Comunitat Valenciana;Renta neta media por persona ;2010;10.555
10 Comunitat Valenciana;Renta neta media por persona ;2009;10.502
10 Comunitat Valenciana;Renta neta media por persona ;2008;9.864
10 Comunitat Valenciana;Renta media por unidad de consumo ;2022;17.444
10 Comunitat Valenciana;Renta media por unidad de consumo ;2021;16.474
10 Comunitat Valenciana;Renta media por unidad de consumo ;2020;16.518
10 Comunitat Valenciana;Renta media por unidad de consumo ;2019;15.582
10 Comunitat Valenciana;Renta media por unidad de consumo ;2018;15.038
10 Comunitat Valenciana;Renta media por unidad de consumo ;2017;14.365
10 Comunitat Valenciana;Renta media por unidad de consumo ;2016;13.589
10 Comunitat Valenciana;Renta media por unidad de consumo ;2015;13.305
10 Comunitat Valenciana;Renta media por unidad de consumo ;2014;13.446
10 Comunitat Valenciana;Renta media por unidad de consumo ;2013;13.881
10 Comunitat Valenciana;Renta media por unidad de consumo ;2012;14.864
10 Comunitat Valenciana;Renta media por unidad de consumo ;2011;15.344
10 Comunitat Valenciana;Renta media por unidad de consumo ;2010;15.780
10 Comunitat Valenciana;Renta media por unidad de consumo ;2009;15.703
10 Comunitat Valenciana;Renta media por unidad de consumo ;2008;14.796
10 Comunitat Valenciana;Renta media por persona (con alquiler imputado) ;2022;13.984
10 Comunitat Valenciana;Renta media por persona (con alquiler imputado) ;2021;13.246
10 Comunitat Valenciana;Renta media por persona (con alquiler imputado) ;2020;13.254
10 Comunitat Valenciana;Renta media por persona (con alquiler imputado) ;2019;12.438
10 Comunitat Valenciana;Renta media por persona (con alquiler imputado) ;2018;11.937
10 Comunitat Valenciana;Renta media por persona (con alquiler imputado) ;2017;11.468
10 Comunitat Valenciana;Renta media por persona (con alquiler imputado) ;2016;10.809
10 Comunitat Valenciana;Renta media por persona (con alquiler imputado) ;2015;10.617
10 Comunitat Valenciana;Renta media por persona (con alquiler imputado) ;2014;10.685
10 Comunitat Valenciana;Renta media por persona (con alquiler imputado) ;2013;10.877
10 Comunitat Valenciana;Renta media por persona (con alquiler imputado) ;2012;11.528
10 Comunitat Valenciana;Renta media por persona (con alquiler imputado) ;2011;11.941
10 Comunitat Valenciana;Renta media por persona (con alquiler imputado) ;2010;12.335
10 Comunitat Valenciana;Renta media por persona (con alquiler imputado) ;2009;12.066
10 Comunitat Valenciana;Renta media por persona (con alquiler imputado) ;2008;11.472
10 Comunitat Valenciana;Renta media por unidad de consumo (con alquiler imputado) ;2022;20.357
10 Comunitat Valenciana;Renta media por unidad de consumo (con alquiler imputado) ;2021;19.256
10 Comunitat Valenciana;Renta media por unidad de consumo (con alquiler imputado) ;2020;19.185
10 Comunitat Valenciana;Renta media por unidad de consumo (con alquiler imputado) ;2019;18.115
10 Comunitat Valenciana;Renta media por unidad de consumo (con alquiler imputado) ;2018;17.408
10 Comunitat Valenciana;Renta media por unidad de consumo (con alquiler imputado) ;2017;16.669
10 Comunitat Valenciana;Renta media por unidad de consumo (con alquiler imputado) ;2016;15.731
10 Comunitat Valenciana;Renta media por unidad de consumo (con alquiler imputado) ;2015;15.407
10 Comunitat Valenciana;Renta media por unidad de consumo (con alquiler imputado) ;2014;15.576
10 Comunitat Valenciana;Renta media por unidad de consumo (con alquiler imputado) ;2013;15.974
10 Comunitat Valenciana;Renta media por unidad de consumo (con alquiler imputado) ;2012;17.051
10 Comunitat Valenciana;Renta media por unidad de consumo (con alquiler imputado) ;2011;17.743
10 Comunitat Valenciana;Renta media por unidad de consumo (con alquiler imputado) ;2010;18.286
10 Comunitat Valenciana;Renta media por unidad de consumo (con alquiler imputado) ;2009;17.897
10 Comunitat Valenciana;Renta media por unidad de consumo (con alquiler imputado) ;2008;17.073
11 Extremadura;Renta neta media por persona ;2022;10.133
11 Extremadura;Renta neta media por persona ;2021;9.500
11 Extremadura;Renta neta media por persona ;2020;9.147
11 Extremadura;Renta neta media por persona ;2019;8.796
11 Extremadura;Renta neta media por persona ;2018;8.503
11 Extremadura;Renta neta media por persona ;2017;8.250
11 Extremadura;Renta neta media por persona ;2016;8.674
11 Extremadura;Renta neta media por persona ;2015;8.469
11 Extremadura;Renta neta media por persona ;2014;7.729
11 Extremadura;Renta neta media por persona ;2013;8.224
11 Extremadura;Renta neta media por persona ;2012;8.238
11 Extremadura;Renta neta media por persona ;2011;8.725
11 Extremadura;Renta neta media por persona ;2010;8.897
11 Extremadura;Renta neta media por persona ;2009;9.028
11 Extremadura;Renta neta media por persona ;2008;8.107
11 Extremadura;Renta media por unidad de consumo ;2022;14.843
11 Extremadura;Renta media por unidad de consumo ;2021;13.908
11 Extremadura;Renta media por unidad de consumo ;2020;13.297
11 Extremadura;Renta media por unidad de consumo ;2019;12.816
11 Extremadura;Renta media por unidad de consumo ;2018;12.376
11 Extremadura;Renta media por unidad de consumo ;2017;12.006
11 Extremadura;Renta media por unidad de consumo ;2016;12.775
11 Extremadura;Renta media por unidad de consumo ;2015;12.421
11 Extremadura;Renta media por unidad de consumo ;2014;11.345
11 Extremadura;Renta media por unidad de consumo ;2013;12.139
11 Extremadura;Renta media por unidad de consumo ;2012;12.281
11 Extremadura;Renta media por unidad de consumo ;2011;13.151
11 Extremadura;Renta media por unidad de consumo ;2010;13.509
11 Extremadura;Renta media por unidad de consumo ;2009;13.833
11 Extremadura;Renta media por unidad de consumo ;2008;12.484
11 Extremadura;Renta media por persona (con alquiler imputado) ;2022;12.092
11 Extremadura;Renta media por persona (con alquiler imputado) ;2021;11.387
11 Extremadura;Renta media por persona (con alquiler imputado) ;2020;10.879
11 Extremadura;Renta media por persona (con alquiler imputado) ;2019;10.447
11 Extremadura;Renta media por persona (con alquiler imputado) ;2018;10.092
11 Extremadura;Renta media por persona (con alquiler imputado) ;2017;9.860
11 Extremadura;Renta media por persona (con alquiler imputado) ;2016;10.176
11 Extremadura;Renta media por persona (con alquiler imputado) ;2015;9.977
11 Extremadura;Renta media por persona (con alquiler imputado) ;2014;9.203
11 Extremadura;Renta media por persona (con alquiler imputado) ;2013;9.557
11 Extremadura;Renta media por persona (con alquiler imputado) ;2012;9.522
11 Extremadura;Renta media por persona (con alquiler imputado) ;2011;10.062
11 Extremadura;Renta media por persona (con alquiler imputado) ;2010;10.229
11 Extremadura;Renta media por persona (con alquiler imputado) ;2009;10.183
11 Extremadura;Renta media por persona (con alquiler imputado) ;2008;9.260
11 Extremadura;Renta media por unidad de consumo (con alquiler imputado) ;2022;17.568
11 Extremadura;Renta media por unidad de consumo (con alquiler imputado) ;2021;16.526
11 Extremadura;Renta media por unidad de consumo (con alquiler imputado) ;2020;15.697
11 Extremadura;Renta media por unidad de consumo (con alquiler imputado) ;2019;15.125
11 Extremadura;Renta media por unidad de consumo (con alquiler imputado) ;2018;14.576
11 Extremadura;Renta media por unidad de consumo (con alquiler imputado) ;2017;14.244
11 Extremadura;Renta media por unidad de consumo (con alquiler imputado) ;2016;14.859
11 Extremadura;Renta media por unidad de consumo (con alquiler imputado) ;2015;14.512
11 Extremadura;Renta media por unidad de consumo (con alquiler imputado) ;2014;13.391
11 Extremadura;Renta media por unidad de consumo (con alquiler imputado) ;2013;14.025
11 Extremadura;Renta media por unidad de consumo (con alquiler imputado) ;2012;14.102
11 Extremadura;Renta media por unidad de consumo (con alquiler imputado) ;2011;15.044
11 Extremadura;Renta media por unidad de consumo (con alquiler imputado) ;2010;15.396
11 Extremadura;Renta media por unidad de consumo (con alquiler imputado) ;2009;15.481
11 Extremadura;Renta media por unidad de consumo (con alquiler imputado) ;2008;14.131
12 Galicia;Renta neta media por persona ;2022;12.352
12 Galicia;Renta neta media por persona ;2021;11.453
12 Galicia;Renta neta media por persona ;2020;11.469
12 Galicia;Renta neta media por persona ;2019;11.218
12 Galicia;Renta neta media por persona ;2018;11.239
12 Galicia;Renta neta media por persona ;2017;10.753
12 Galicia;Renta neta media por persona ;2016;10.439
12 Galicia;Renta neta media por persona ;2015;10.212
12 Galicia;Renta neta media por persona ;2014;10.235
12 Galicia;Renta neta media por persona ;2013;10.106
12 Galicia;Renta neta media por persona ;2012;10.266
12 Galicia;Renta neta media por persona ;2011;10.370
12 Galicia;Renta neta media por persona ;2010;10.504
12 Galicia;Renta neta media por persona ;2009;10.026
12 Galicia;Renta neta media por persona ;2008;9.482
12 Galicia;Renta media por unidad de consumo ;2022;18.093
12 Galicia;Renta media por unidad de consumo ;2021;16.785
12 Galicia;Renta media por unidad de consumo ;2020;16.757
12 Galicia;Renta media por unidad de consumo ;2019;16.621
12 Galicia;Renta media por unidad de consumo ;2018;16.758
12 Galicia;Renta media por unidad de consumo ;2017;15.880
12 Galicia;Renta media por unidad de consumo ;2016;15.428
12 Galicia;Renta media por unidad de consumo ;2015;15.133
12 Galicia;Renta media por unidad de consumo ;2014;15.273
12 Galicia;Renta media por unidad de consumo ;2013;15.037
12 Galicia;Renta media por unidad de consumo ;2012;15.333
12 Galicia;Renta media por unidad de consumo ;2011;15.450
12 Galicia;Renta media por unidad de consumo ;2010;15.764
12 Galicia;Renta media por unidad de consumo ;2009;15.113
12 Galicia;Renta media por unidad de consumo ;2008;14.374
12 Galicia;Renta media por persona (con alquiler imputado) ;2022;14.427
12 Galicia;Renta media por persona (con alquiler imputado) ;2021;13.465
12 Galicia;Renta media por persona (con alquiler imputado) ;2020;13.445
12 Galicia;Renta media por persona (con alquiler imputado) ;2019;13.119
12 Galicia;Renta media por persona (con alquiler imputado) ;2018;13.067
12 Galicia;Renta media por persona (con alquiler imputado) ;2017;12.510
12 Galicia;Renta media por persona (con alquiler imputado) ;2016;12.100
12 Galicia;Renta media por persona (con alquiler imputado) ;2015;11.810
12 Galicia;Renta media por persona (con alquiler imputado) ;2014;11.868
12 Galicia;Renta media por persona (con alquiler imputado) ;2013;11.535
12 Galicia;Renta media por persona (con alquiler imputado) ;2012;11.764
12 Galicia;Renta media por persona (con alquiler imputado) ;2011;11.951
12 Galicia;Renta media por persona (con alquiler imputado) ;2010;12.117
12 Galicia;Renta media por persona (con alquiler imputado) ;2009;11.473
12 Galicia;Renta media por persona (con alquiler imputado) ;2008;10.949
12 Galicia;Renta media por unidad de consumo (con alquiler imputado) ;2022;20.951
12 Galicia;Renta media por unidad de consumo (con alquiler imputado) ;2021;19.565
12 Galicia;Renta media por unidad de consumo (con alquiler imputado) ;2020;19.489
12 Galicia;Renta media por unidad de consumo (con alquiler imputado) ;2019;19.273
12 Galicia;Renta media por unidad de consumo (con alquiler imputado) ;2018;19.306
12 Galicia;Renta media por unidad de consumo (con alquiler imputado) ;2017;18.329
12 Galicia;Renta media por unidad de consumo (con alquiler imputado) ;2016;17.756
12 Galicia;Renta media por unidad de consumo (con alquiler imputado) ;2015;17.355
12 Galicia;Renta media por unidad de consumo (con alquiler imputado) ;2014;17.554
12 Galicia;Renta media por unidad de consumo (con alquiler imputado) ;2013;17.051
12 Galicia;Renta media por unidad de consumo (con alquiler imputado) ;2012;17.447
12 Galicia;Renta media por unidad de consumo (con alquiler imputado) ;2011;17.700
12 Galicia;Renta media por unidad de consumo (con alquiler imputado) ;2010;18.056
12 Galicia;Renta media por unidad de consumo (con alquiler imputado) ;2009;17.166
12 Galicia;Renta media por unidad de consumo (con alquiler imputado) ;2008;16.468
13 Madrid, Comunidad de;Renta neta media por persona ;2022;15.695
13 Madrid, Comunidad de;Renta neta media por persona ;2021;14.836
13 Madrid, Comunidad de;Renta neta media por persona ;2020;14.580
13 Madrid, Comunidad de;Renta neta media por persona ;2019;14.199
13 Madrid, Comunidad de;Renta neta media por persona ;2018;13.279
13 Madrid, Comunidad de;Renta neta media por persona ;2017;13.099
13 Madrid, Comunidad de;Renta neta media por persona ;2016;12.647
13 Madrid, Comunidad de;Renta neta media por persona ;2015;12.534
13 Madrid, Comunidad de;Renta neta media por persona ;2014;12.597
13 Madrid, Comunidad de;Renta neta media por persona ;2013;12.823
13 Madrid, Comunidad de;Renta neta media por persona ;2012;13.155
13 Madrid, Comunidad de;Renta neta media por persona ;2011;13.192
13 Madrid, Comunidad de;Renta neta media por persona ;2010;13.436
13 Madrid, Comunidad de;Renta neta media por persona ;2009;13.564
13 Madrid, Comunidad de;Renta neta media por persona ;2008;12.496
13 Madrid, Comunidad de;Renta media por unidad de consumo ;2022;23.338
13 Madrid, Comunidad de;Renta media por unidad de consumo ;2021;21.990
13 Madrid, Comunidad de;Renta media por unidad de consumo ;2020;21.429
13 Madrid, Comunidad de;Renta media por unidad de consumo ;2019;21.030
13 Madrid, Comunidad de;Renta media por unidad de consumo ;2018;19.648
13 Madrid, Comunidad de;Renta media por unidad de consumo ;2017;19.314
13 Madrid, Comunidad de;Renta media por unidad de consumo ;2016;18.709
13 Madrid, Comunidad de;Renta media por unidad de consumo ;2015;18.593
13 Madrid, Comunidad de;Renta media por unidad de consumo ;2014;18.789
13 Madrid, Comunidad de;Renta media por unidad de consumo ;2013;19.124
13 Madrid, Comunidad de;Renta media por unidad de consumo ;2012;19.902
13 Madrid, Comunidad de;Renta media por unidad de consumo ;2011;19.984
13 Madrid, Comunidad de;Renta media por unidad de consumo ;2010;20.128
13 Madrid, Comunidad de;Renta media por unidad de consumo ;2009;20.597
13 Madrid, Comunidad de;Renta media por unidad de consumo ;2008;18.941
13 Madrid, Comunidad de;Renta media por persona (con alquiler imputado) ;2022;17.928
13 Madrid, Comunidad de;Renta media por persona (con alquiler imputado) ;2021;16.985
13 Madrid, Comunidad de;Renta media por persona (con alquiler imputado) ;2020;16.702
13 Madrid, Comunidad de;Renta media por persona (con alquiler imputado) ;2019;16.340
13 Madrid, Comunidad de;Renta media por persona (con alquiler imputado) ;2018;15.296
13 Madrid, Comunidad de;Renta media por persona (con alquiler imputado) ;2017;15.000
13 Madrid, Comunidad de;Renta media por persona (con alquiler imputado) ;2016;14.343
13 Madrid, Comunidad de;Renta media por persona (con alquiler imputado) ;2015;14.191
13 Madrid, Comunidad de;Renta media por persona (con alquiler imputado) ;2014;14.433
13 Madrid, Comunidad de;Renta media por persona (con alquiler imputado) ;2013;14.403
13 Madrid, Comunidad de;Renta media por persona (con alquiler imputado) ;2012;14.833
13 Madrid, Comunidad de;Renta media por persona (con alquiler imputado) ;2011;15.029
13 Madrid, Comunidad de;Renta media por persona (con alquiler imputado) ;2010;15.254
13 Madrid, Comunidad de;Renta media por persona (con alquiler imputado) ;2009;15.226
13 Madrid, Comunidad de;Renta media por persona (con alquiler imputado) ;2008;14.190
13 Madrid, Comunidad de;Renta media por unidad de consumo (con alquiler imputado) ;2022;26.470
13 Madrid, Comunidad de;Renta media por unidad de consumo (con alquiler imputado) ;2021;25.000
13 Madrid, Comunidad de;Renta media por unidad de consumo (con alquiler imputado) ;2020;24.406
13 Madrid, Comunidad de;Renta media por unidad de consumo (con alquiler imputado) ;2019;24.036
13 Madrid, Comunidad de;Renta media por unidad de consumo (con alquiler imputado) ;2018;22.485
13 Madrid, Comunidad de;Renta media por unidad de consumo (con alquiler imputado) ;2017;21.962
13 Madrid, Comunidad de;Renta media por unidad de consumo (con alquiler imputado) ;2016;21.076
13 Madrid, Comunidad de;Renta media por unidad de consumo (con alquiler imputado) ;2015;20.920
13 Madrid, Comunidad de;Renta media por unidad de consumo (con alquiler imputado) ;2014;21.340
13 Madrid, Comunidad de;Renta media por unidad de consumo (con alquiler imputado) ;2013;21.327
13 Madrid, Comunidad de;Renta media por unidad de consumo (con alquiler imputado) ;2012;22.255
13 Madrid, Comunidad de;Renta media por unidad de consumo (con alquiler imputado) ;2011;22.579
13 Madrid, Comunidad de;Renta media por unidad de consumo (con alquiler imputado) ;2010;22.676
13 Madrid, Comunidad de;Renta media por unidad de consumo (con alquiler imputado) ;2009;22.959
13 Madrid, Comunidad de;Renta media por unidad de consumo (con alquiler imputado) ;2008;21.330
14 Murcia, Región de;Renta neta media por persona ;2022;10.632
14 Murcia, Región de;Renta neta media por persona ;2021;9.931
14 Murcia, Región de;Renta neta media por persona ;2020;9.850
14 Murcia, Región de;Renta neta media por persona ;2019;8.956
14 Murcia, Región de;Renta neta media por persona ;2018;9.111
14 Murcia, Región de;Renta neta media por persona ;2017;8.702
14 Murcia, Región de;Renta neta media por persona ;2016;8.273
14 Murcia, Región de;Renta neta media por persona ;2015;7.924
14 Murcia, Región de;Renta neta media por persona ;2014;7.767
14 Murcia, Región de;Renta neta media por persona ;2013;8.253
14 Murcia, Región de;Renta neta media por persona ;2012;8.474
14 Murcia, Región de;Renta neta media por persona ;2011;8.437
14 Murcia, Región de;Renta neta media por persona ;2010;8.818
14 Murcia, Región de;Renta neta media por persona ;2009;9.150
14 Murcia, Región de;Renta neta media por persona ;2008;9.119
14 Murcia, Región de;Renta media por unidad de consumo ;2022;16.128
14 Murcia, Región de;Renta media por unidad de consumo ;2021;14.988
14 Murcia, Región de;Renta media por unidad de consumo ;2020;14.921
14 Murcia, Región de;Renta media por unidad de consumo ;2019;13.637
14 Murcia, Región de;Renta media por unidad de consumo ;2018;14.041
14 Murcia, Región de;Renta media por unidad de consumo ;2017;13.324
14 Murcia, Región de;Renta media por unidad de consumo ;2016;12.635
14 Murcia, Región de;Renta media por unidad de consumo ;2015;11.993
14 Murcia, Región de;Renta media por unidad de consumo ;2014;11.715
14 Murcia, Región de;Renta media por unidad de consumo ;2013;12.487
14 Murcia, Región de;Renta media por unidad de consumo ;2012;12.891
14 Murcia, Región de;Renta media por unidad de consumo ;2011;13.022
14 Murcia, Región de;Renta media por unidad de consumo ;2010;13.574
14 Murcia, Región de;Renta media por unidad de consumo ;2009;14.139
14 Murcia, Región de;Renta media por unidad de consumo ;2008;14.147
14 Murcia, Región de;Renta media por persona (con alquiler imputado) ;2022;12.483
14 Murcia, Región de;Renta media por persona (con alquiler imputado) ;2021;11.632
14 Murcia, Región de;Renta media por persona (con alquiler imputado) ;2020;11.616
14 Murcia, Región de;Renta media por persona (con alquiler imputado) ;2019;10.638
14 Murcia, Región de;Renta media por persona (con alquiler imputado) ;2018;10.708
14 Murcia, Región de;Renta media por persona (con alquiler imputado) ;2017;10.301
14 Murcia, Región de;Renta media por persona (con alquiler imputado) ;2016;9.726
14 Murcia, Región de;Renta media por persona (con alquiler imputado) ;2015;9.353
14 Murcia, Región de;Renta media por persona (con alquiler imputado) ;2014;9.176
14 Murcia, Región de;Renta media por persona (con alquiler imputado) ;2013;9.489
14 Murcia, Región de;Renta media por persona (con alquiler imputado) ;2012;9.727
14 Murcia, Región de;Renta media por persona (con alquiler imputado) ;2011;9.743
14 Murcia, Región de;Renta media por persona (con alquiler imputado) ;2010;10.131
14 Murcia, Región de;Renta media por persona (con alquiler imputado) ;2009;10.326
14 Murcia, Región de;Renta media por persona (con alquiler imputado) ;2008;10.375
14 Murcia, Región de;Renta media por unidad de consumo (con alquiler imputado) ;2022;18.758
14 Murcia, Región de;Renta media por unidad de consumo (con alquiler imputado) ;2021;17.414
14 Murcia, Región de;Renta media por unidad de consumo (con alquiler imputado) ;2020;17.459
14 Murcia, Región de;Renta media por unidad de consumo (con alquiler imputado) ;2019;16.043
14 Murcia, Región de;Renta media por unidad de consumo (con alquiler imputado) ;2018;16.369
14 Murcia, Región de;Renta media por unidad de consumo (con alquiler imputado) ;2017;15.620
14 Murcia, Región de;Renta media por unidad de consumo (con alquiler imputado) ;2016;14.733
14 Murcia, Región de;Renta media por unidad de consumo (con alquiler imputado) ;2015;14.048
14 Murcia, Región de;Renta media por unidad de consumo (con alquiler imputado) ;2014;13.757
14 Murcia, Región de;Renta media por unidad de consumo (con alquiler imputado) ;2013;14.284
14 Murcia, Región de;Renta media por unidad de consumo (con alquiler imputado) ;2012;14.683
14 Murcia, Región de;Renta media por unidad de consumo (con alquiler imputado) ;2011;14.938
14 Murcia, Región de;Renta media por unidad de consumo (con alquiler imputado) ;2010;15.482
14 Murcia, Región de;Renta media por unidad de consumo (con alquiler imputado) ;2009;15.859
14 Murcia, Región de;Renta media por unidad de consumo (con alquiler imputado) ;2008;15.981
15 Navarra, Comunidad Foral de;Renta neta media por persona ;2022;15.970
15 Navarra, Comunidad Foral de;Renta neta media por persona ;2021;15.269
15 Navarra, Comunidad Foral de;Renta neta media por persona ;2020;15.094
15 Navarra, Comunidad Foral de;Renta neta media por persona ;2019;13.937
15 Navarra, Comunidad Foral de;Renta neta media por persona ;2018;13.585
15 Navarra, Comunidad Foral de;Renta neta media por persona ;2017;13.583
15 Navarra, Comunidad Foral de;Renta neta media por persona ;2016;13.408
15 Navarra, Comunidad Foral de;Renta neta media por persona ;2015;13.300
15 Navarra, Comunidad Foral de;Renta neta media por persona ;2014;13.221
15 Navarra, Comunidad Foral de;Renta neta media por persona ;2013;13.608
15 Navarra, Comunidad Foral de;Renta neta media por persona ;2012;14.041
15 Navarra, Comunidad Foral de;Renta neta media por persona ;2011;14.301
15 Navarra, Comunidad Foral de;Renta neta media por persona ;2010;14.276
15 Navarra, Comunidad Foral de;Renta neta media por persona ;2009;14.175
15 Navarra, Comunidad Foral de;Renta neta media por persona ;2008;13.123
15 Navarra, Comunidad Foral de;Renta media por unidad de consumo ;2022;23.578
15 Navarra, Comunidad Foral de;Renta media por unidad de consumo ;2021;22.786
15 Navarra, Comunidad Foral de;Renta media por unidad de consumo ;2020;22.391
15 Navarra, Comunidad Foral de;Renta media por unidad de consumo ;2019;20.697
15 Navarra, Comunidad Foral de;Renta media por unidad de consumo ;2018;20.094
15 Navarra, Comunidad Foral de;Renta media por unidad de consumo ;2017;20.022
15 Navarra, Comunidad Foral de;Renta media por unidad de consumo ;2016;19.697
15 Navarra, Comunidad Foral de;Renta media por unidad de consumo ;2015;19.715
15 Navarra, Comunidad Foral de;Renta media por unidad de consumo ;2014;19.550
15 Navarra, Comunidad Foral de;Renta media por unidad de consumo ;2013;20.191
15 Navarra, Comunidad Foral de;Renta media por unidad de consumo ;2012;20.918
15 Navarra, Comunidad Foral de;Renta media por unidad de consumo ;2011;21.404
15 Navarra, Comunidad Foral de;Renta media por unidad de consumo ;2010;21.393
15 Navarra, Comunidad Foral de;Renta media por unidad de consumo ;2009;21.318
15 Navarra, Comunidad Foral de;Renta media por unidad de consumo ;2008;19.907
15 Navarra, Comunidad Foral de;Renta media por persona (con alquiler imputado) ;2022;18.053
15 Navarra, Comunidad Foral de;Renta media por persona (con alquiler imputado) ;2021;17.247
15 Navarra, Comunidad Foral de;Renta media por persona (con alquiler imputado) ;2020;17.017
15 Navarra, Comunidad Foral de;Renta media por persona (con alquiler imputado) ;2019;15.786
15 Navarra, Comunidad Foral de;Renta media por persona (con alquiler imputado) ;2018;15.421
15 Navarra, Comunidad Foral de;Renta media por persona (con alquiler imputado) ;2017;15.411
15 Navarra, Comunidad Foral de;Renta media por persona (con alquiler imputado) ;2016;15.165
15 Navarra, Comunidad Foral de;Renta media por persona (con alquiler imputado) ;2015;14.929
15 Navarra, Comunidad Foral de;Renta media por persona (con alquiler imputado) ;2014;14.862
15 Navarra, Comunidad Foral de;Renta media por persona (con alquiler imputado) ;2013;15.200
15 Navarra, Comunidad Foral de;Renta media por persona (con alquiler imputado) ;2012;15.609
15 Navarra, Comunidad Foral de;Renta media por persona (con alquiler imputado) ;2011;15.931
15 Navarra, Comunidad Foral de;Renta media por persona (con alquiler imputado) ;2010;15.869
15 Navarra, Comunidad Foral de;Renta media por persona (con alquiler imputado) ;2009;15.570
15 Navarra, Comunidad Foral de;Renta media por persona (con alquiler imputado) ;2008;14.491
15 Navarra, Comunidad Foral de;Renta media por unidad de consumo (con alquiler imputado) ;2022;26.496
15 Navarra, Comunidad Foral de;Renta media por unidad de consumo (con alquiler imputado) ;2021;25.556
15 Navarra, Comunidad Foral de;Renta media por unidad de consumo (con alquiler imputado) ;2020;25.077
15 Navarra, Comunidad Foral de;Renta media por unidad de consumo (con alquiler imputado) ;2019;23.260
15 Navarra, Comunidad Foral de;Renta media por unidad de consumo (con alquiler imputado) ;2018;22.658
15 Navarra, Comunidad Foral de;Renta media por unidad de consumo (con alquiler imputado) ;2017;22.554
15 Navarra, Comunidad Foral de;Renta media por unidad de consumo (con alquiler imputado) ;2016;22.123
15 Navarra, Comunidad Foral de;Renta media por unidad de consumo (con alquiler imputado) ;2015;21.979
15 Navarra, Comunidad Foral de;Renta media por unidad de consumo (con alquiler imputado) ;2014;21.814
15 Navarra, Comunidad Foral de;Renta media por unidad de consumo (con alquiler imputado) ;2013;22.421
15 Navarra, Comunidad Foral de;Renta media por unidad de consumo (con alquiler imputado) ;2012;23.108
15 Navarra, Comunidad Foral de;Renta media por unidad de consumo (con alquiler imputado) ;2011;23.749
15 Navarra, Comunidad Foral de;Renta media por unidad de consumo (con alquiler imputado) ;2010;23.637
15 Navarra, Comunidad Foral de;Renta media por unidad de consumo (con alquiler imputado) ;2009;23.274
15 Navarra, Comunidad Foral de;Renta media por unidad de consumo (con alquiler imputado) ;2008;21.845
16 País Vasco;Renta neta media por persona ;2022;16.427
16 País Vasco;Renta neta media por persona ;2021;15.544
16 País Vasco;Renta neta media por persona ;2020;15.813
16 País Vasco;Renta neta media por persona ;2019;15.300
16 País Vasco;Renta neta media por persona ;2018;14.722
16 País Vasco;Renta neta media por persona ;2017;14.397
16 País Vasco;Renta neta media por persona ;2016;14.345
16 País Vasco;Renta neta media por persona ;2015;13.836
16 País Vasco;Renta neta media por persona ;2014;14.281
16 País Vasco;Renta neta media por persona ;2013;14.312
16 País Vasco;Renta neta media por persona ;2012;13.857
16 País Vasco;Renta neta media por persona ;2011;14.046
16 País Vasco;Renta neta media por persona ;2010;14.468
16 País Vasco;Renta neta media por persona ;2009;14.838
16 País Vasco;Renta neta media por persona ;2008;14.038
16 País Vasco;Renta media por unidad de consumo ;2022;23.886
16 País Vasco;Renta media por unidad de consumo ;2021;22.658
16 País Vasco;Renta media por unidad de consumo ;2020;23.174
16 País Vasco;Renta media por unidad de consumo ;2019;22.480
16 País Vasco;Renta media por unidad de consumo ;2018;21.760
16 País Vasco;Renta media por unidad de consumo ;2017;21.198
16 País Vasco;Renta media por unidad de consumo ;2016;21.058
16 País Vasco;Renta media por unidad de consumo ;2015;20.264
16 País Vasco;Renta media por unidad de consumo ;2014;20.957
16 País Vasco;Renta media por unidad de consumo ;2013;20.955
16 País Vasco;Renta media por unidad de consumo ;2012;20.474
16 País Vasco;Renta media por unidad de consumo ;2011;20.834
16 País Vasco;Renta media por unidad de consumo ;2010;21.484
16 País Vasco;Renta media por unidad de consumo ;2009;22.138
16 País Vasco;Renta media por unidad de consumo ;2008;20.887
16 País Vasco;Renta media por persona (con alquiler imputado) ;2022;18.899
16 País Vasco;Renta media por persona (con alquiler imputado) ;2021;17.943
16 País Vasco;Renta media por persona (con alquiler imputado) ;2020;18.091
16 País Vasco;Renta media por persona (con alquiler imputado) ;2019;17.648
16 País Vasco;Renta media por persona (con alquiler imputado) ;2018;16.993
16 País Vasco;Renta media por persona (con alquiler imputado) ;2017;16.660
16 País Vasco;Renta media por persona (con alquiler imputado) ;2016;16.411
16 País Vasco;Renta media por persona (con alquiler imputado) ;2015;15.793
16 País Vasco;Renta media por persona (con alquiler imputado) ;2014;16.390
16 País Vasco;Renta media por persona (con alquiler imputado) ;2013;16.206
16 País Vasco;Renta media por persona (con alquiler imputado) ;2012;15.871
16 País Vasco;Renta media por persona (con alquiler imputado) ;2011;16.063
16 País Vasco;Renta media por persona (con alquiler imputado) ;2010;16.488
16 País Vasco;Renta media por persona (con alquiler imputado) ;2009;16.625
16 País Vasco;Renta media por persona (con alquiler imputado) ;2008;15.886
16 País Vasco;Renta media por unidad de consumo (con alquiler imputado) ;2022;27.288
16 País Vasco;Renta media por unidad de consumo (con alquiler imputado) ;2021;25.959
16 País Vasco;Renta media por unidad de consumo (con alquiler imputado) ;2020;26.340
16 País Vasco;Renta media por unidad de consumo (con alquiler imputado) ;2019;25.729
16 País Vasco;Renta media por unidad de consumo (con alquiler imputado) ;2018;24.912
16 País Vasco;Renta media por unidad de consumo (con alquiler imputado) ;2017;24.330
16 País Vasco;Renta media por unidad de consumo (con alquiler imputado) ;2016;23.911
16 País Vasco;Renta media por unidad de consumo (con alquiler imputado) ;2015;22.970
16 País Vasco;Renta media por unidad de consumo (con alquiler imputado) ;2014;23.861
16 País Vasco;Renta media por unidad de consumo (con alquiler imputado) ;2013;23.584
16 País Vasco;Renta media por unidad de consumo (con alquiler imputado) ;2012;23.258
16 País Vasco;Renta media por unidad de consumo (con alquiler imputado) ;2011;23.684
16 País Vasco;Renta media por unidad de consumo (con alquiler imputado) ;2010;24.287
16 País Vasco;Renta media por unidad de consumo (con alquiler imputado) ;2009;24.661
16 País Vasco;Renta media por unidad de consumo (con alquiler imputado) ;2008;23.517
17 Rioja, La;Renta neta media por persona ;2022;13.538
17 Rioja, La;Renta neta media por persona ;2021;12.913
17 Rioja, La;Renta neta media por persona ;2020;13.504
17 Rioja, La;Renta neta media por persona ;2019;12.697
17 Rioja, La;Renta neta media por persona ;2018;12.029
17 Rioja, La;Renta neta media por persona ;2017;12.131
17 Rioja, La;Renta neta media por persona ;2016;11.589
17 Rioja, La;Renta neta media por persona ;2015;11.132
17 Rioja, La;Renta neta media por persona ;2014;11.120
17 Rioja, La;Renta neta media por persona ;2013;10.686
17 Rioja, La;Renta neta media por persona ;2012;11.270
17 Rioja, La;Renta neta media por persona ;2011;10.712
17 Rioja, La;Renta neta media por persona ;2010;10.756
17 Rioja, La;Renta neta media por persona ;2009;11.387
17 Rioja, La;Renta neta media por persona ;2008;10.916
17 Rioja, La;Renta media por unidad de consumo ;2022;19.819
17 Rioja, La;Renta media por unidad de consumo ;2021;18.758
17 Rioja, La;Renta media por unidad de consumo ;2020;19.698
17 Rioja, La;Renta media por unidad de consumo ;2019;18.661
17 Rioja, La;Renta media por unidad de consumo ;2018;17.490
17 Rioja, La;Renta media por unidad de consumo ;2017;17.801
17 Rioja, La;Renta media por unidad de consumo ;2016;16.933
17 Rioja, La;Renta media por unidad de consumo ;2015;16.295
17 Rioja, La;Renta media por unidad de consumo ;2014;16.090
17 Rioja, La;Renta media por unidad de consumo ;2013;15.321
17 Rioja, La;Renta media por unidad de consumo ;2012;16.102
17 Rioja, La;Renta media por unidad de consumo ;2011;15.517
17 Rioja, La;Renta media por unidad de consumo ;2010;15.769
17 Rioja, La;Renta media por unidad de consumo ;2009;16.447
17 Rioja, La;Renta media por unidad de consumo ;2008;15.917
17 Rioja, La;Renta media por persona (con alquiler imputado) ;2022;15.653
17 Rioja, La;Renta media por persona (con alquiler imputado) ;2021;14.845
17 Rioja, La;Renta media por persona (con alquiler imputado) ;2020;15.381
17 Rioja, La;Renta media por persona (con alquiler imputado) ;2019;14.542
17 Rioja, La;Renta media por persona (con alquiler imputado) ;2018;13.841
17 Rioja, La;Renta media por persona (con alquiler imputado) ;2017;13.875
17 Rioja, La;Renta media por persona (con alquiler imputado) ;2016;13.221
17 Rioja, La;Renta media por persona (con alquiler imputado) ;2015;12.741
17 Rioja, La;Renta media por persona (con alquiler imputado) ;2014;12.838
17 Rioja, La;Renta media por persona (con alquiler imputado) ;2013;12.245
17 Rioja, La;Renta media por persona (con alquiler imputado) ;2012;12.831
17 Rioja, La;Renta media por persona (con alquiler imputado) ;2011;12.327
17 Rioja, La;Renta media por persona (con alquiler imputado) ;2010;12.388
17 Rioja, La;Renta media por persona (con alquiler imputado) ;2009;12.785
17 Rioja, La;Renta media por persona (con alquiler imputado) ;2008;12.282
17 Rioja, La;Renta media por unidad de consumo (con alquiler imputado) ;2022;22.719
17 Rioja, La;Renta media por unidad de consumo (con alquiler imputado) ;2021;21.411
17 Rioja, La;Renta media por unidad de consumo (con alquiler imputado) ;2020;22.284
17 Rioja, La;Renta media por unidad de consumo (con alquiler imputado) ;2019;21.187
17 Rioja, La;Renta media por unidad de consumo (con alquiler imputado) ;2018;19.973
17 Rioja, La;Renta media por unidad de consumo (con alquiler imputado) ;2017;20.171
17 Rioja, La;Renta media por unidad de consumo (con alquiler imputado) ;2016;19.172
17 Rioja, La;Renta media por unidad de consumo (con alquiler imputado) ;2015;18.514
17 Rioja, La;Renta media por unidad de consumo (con alquiler imputado) ;2014;18.432
17 Rioja, La;Renta media por unidad de consumo (con alquiler imputado) ;2013;17.437
17 Rioja, La;Renta media por unidad de consumo (con alquiler imputado) ;2012;18.219
17 Rioja, La;Renta media por unidad de consumo (con alquiler imputado) ;2011;17.748
17 Rioja, La;Renta media por unidad de consumo (con alquiler imputado) ;2010;18.010
17 Rioja, La;Renta media por unidad de consumo (con alquiler imputado) ;2009;18.367
17 Rioja, La;Renta media por unidad de consumo (con alquiler imputado) ;2008;17.791
18 Ceuta;Renta neta media por persona ;2022;12.152
18 Ceuta;Renta neta media por persona ;2021;10.397
18 Ceuta;Renta neta media por persona ;2020;9.853
18 Ceuta;Renta neta media por persona ;2019;10.164
18 Ceuta;Renta neta media por persona ;2018;9.784
18 Ceuta;Renta neta media por persona ;2017;9.676
18 Ceuta;Renta neta media por persona ;2016;9.435
18 Ceuta;Renta neta media por persona ;2015;8.512
18 Ceuta;Renta neta media por persona ;2014;8.712
18 Ceuta;Renta neta media por persona ;2013;9.336
18 Ceuta;Renta neta media por persona ;2012;9.990
18 Ceuta;Renta neta media por persona ;2011;10.030
18 Ceuta;Renta neta media por persona ;2010;9.616
18 Ceuta;Renta neta media por persona ;2009;8.702
18 Ceuta;Renta neta media por persona ;2008;8.047
18 Ceuta;Renta media por unidad de consumo ;2022;18.864
18 Ceuta;Renta media por unidad de consumo ;2021;16.159
18 Ceuta;Renta media por unidad de consumo ;2020;15.058
18 Ceuta;Renta media por unidad de consumo ;2019;16.059
18 Ceuta;Renta media por unidad de consumo ;2018;14.991
18 Ceuta;Renta media por unidad de consumo ;2017;15.075
18 Ceuta;Renta media por unidad de consumo ;2016;14.858
18 Ceuta;Renta media por unidad de consumo ;2015;13.362
18 Ceuta;Renta media por unidad de consumo ;2014;13.758
18 Ceuta;Renta media por unidad de consumo ;2013;14.686
18 Ceuta;Renta media por unidad de consumo ;2012;15.511
18 Ceuta;Renta media por unidad de consumo ;2011;16.208
18 Ceuta;Renta media por unidad de consumo ;2010;15.332
18 Ceuta;Renta media por unidad de consumo ;2009;14.261
18 Ceuta;Renta media por unidad de consumo ;2008;13.458
18 Ceuta;Renta media por persona (con alquiler imputado) ;2022;13.905
18 Ceuta;Renta media por persona (con alquiler imputado) ;2021;12.167
18 Ceuta;Renta media por persona (con alquiler imputado) ;2020;11.645
18 Ceuta;Renta media por persona (con alquiler imputado) ;2019;11.928
18 Ceuta;Renta media por persona (con alquiler imputado) ;2018;11.518
18 Ceuta;Renta media por persona (con alquiler imputado) ;2017;11.172
18 Ceuta;Renta media por persona (con alquiler imputado) ;2016;10.918
18 Ceuta;Renta media por persona (con alquiler imputado) ;2015;9.877
18 Ceuta;Renta media por persona (con alquiler imputado) ;2014;10.091
18 Ceuta;Renta media por persona (con alquiler imputado) ;2013;10.676
18 Ceuta;Renta media por persona (con alquiler imputado) ;2012;11.413
18 Ceuta;Renta media por persona (con alquiler imputado) ;2011;11.307
18 Ceuta;Renta media por persona (con alquiler imputado) ;2010;10.988
18 Ceuta;Renta media por persona (con alquiler imputado) ;2009;10.184
18 Ceuta;Renta media por persona (con alquiler imputado) ;2008;9.224
18 Ceuta;Renta media por unidad de consumo (con alquiler imputado) ;2022;21.534
18 Ceuta;Renta media por unidad de consumo (con alquiler imputado) ;2021;18.822
18 Ceuta;Renta media por unidad de consumo (con alquiler imputado) ;2020;17.742
18 Ceuta;Renta media por unidad de consumo (con alquiler imputado) ;2019;18.733
18 Ceuta;Renta media por unidad de consumo (con alquiler imputado) ;2018;17.530
18 Ceuta;Renta media por unidad de consumo (con alquiler imputado) ;2017;17.384
18 Ceuta;Renta media por unidad de consumo (con alquiler imputado) ;2016;17.124
18 Ceuta;Renta media por unidad de consumo (con alquiler imputado) ;2015;15.489
18 Ceuta;Renta media por unidad de consumo (con alquiler imputado) ;2014;15.923
18 Ceuta;Renta media por unidad de consumo (con alquiler imputado) ;2013;16.728
18 Ceuta;Renta media por unidad de consumo (con alquiler imputado) ;2012;17.689
18 Ceuta;Renta media por unidad de consumo (con alquiler imputado) ;2011;18.249
18 Ceuta;Renta media por unidad de consumo (con alquiler imputado) ;2010;17.487
18 Ceuta;Renta media por unidad de consumo (con alquiler imputado) ;2009;16.602
18 Ceuta;Renta media por unidad de consumo (con alquiler imputado) ;2008;15.330
19 Melilla;Renta neta media por persona ;2022;13.089
19 Melilla;Renta neta media por persona ;2021;12.012
19 Melilla;Renta neta media por persona ;2020;11.427
19 Melilla;Renta neta media por persona ;2019;11.733
19 Melilla;Renta neta media por persona ;2018;12.507
19 Melilla;Renta neta media por persona ;2017;10.161
19 Melilla;Renta neta media por persona ;2016;10.883
19 Melilla;Renta neta media por persona ;2015;10.027
19 Melilla;Renta neta media por persona ;2014;11.619
19 Melilla;Renta neta media por persona ;2013;11.313
19 Melilla;Renta neta media por persona ;2012;11.761
19 Melilla;Renta neta media por persona ;2011;11.981
19 Melilla;Renta neta media por persona ;2010;11.459
19 Melilla;Renta neta media por persona ;2009;11.048
19 Melilla;Renta neta media por persona ;2008;11.065
19 Melilla;Renta media por unidad de consumo ;2022;19.849
19 Melilla;Renta media por unidad de consumo ;2021;18.259
19 Melilla;Renta media por unidad de consumo ;2020;18.214
19 Melilla;Renta media por unidad de consumo ;2019;18.003
19 Melilla;Renta media por unidad de consumo ;2018;19.500
19 Melilla;Renta media por unidad de consumo ;2017;16.453
19 Melilla;Renta media por unidad de consumo ;2016;17.349
19 Melilla;Renta media por unidad de consumo ;2015;15.937
19 Melilla;Renta media por unidad de consumo ;2014;18.073
19 Melilla;Renta media por unidad de consumo ;2013;17.898
19 Melilla;Renta media por unidad de consumo ;2012;19.011
19 Melilla;Renta media por unidad de consumo ;2011;18.278
19 Melilla;Renta media por unidad de consumo ;2010;18.259
19 Melilla;Renta media por unidad de consumo ;2009;17.120
19 Melilla;Renta media por unidad de consumo ;2008;17.420
19 Melilla;Renta media por persona (con alquiler imputado) ;2022;14.744
19 Melilla;Renta media por persona (con alquiler imputado) ;2021;13.577
19 Melilla;Renta media por persona (con alquiler imputado) ;2020;13.067
19 Melilla;Renta media por persona (con alquiler imputado) ;2019;13.185
19 Melilla;Renta media por persona (con alquiler imputado) ;2018;13.962
19 Melilla;Renta media por persona (con alquiler imputado) ;2017;11.601
19 Melilla;Renta media por persona (con alquiler imputado) ;2016;12.256
19 Melilla;Renta media por persona (con alquiler imputado) ;2015;11.357
19 Melilla;Renta media por persona (con alquiler imputado) ;2014;13.052
19 Melilla;Renta media por persona (con alquiler imputado) ;2013;12.564
19 Melilla;Renta media por persona (con alquiler imputado) ;2012;12.867
19 Melilla;Renta media por persona (con alquiler imputado) ;2011;13.346
19 Melilla;Renta media por persona (con alquiler imputado) ;2010;12.839
19 Melilla;Renta media por persona (con alquiler imputado) ;2009;12.373
19 Melilla;Renta media por persona (con alquiler imputado) ;2008;12.404
19 Melilla;Renta media por unidad de consumo (con alquiler imputado) ;2022;22.300
19 Melilla;Renta media por unidad de consumo (con alquiler imputado) ;2021;20.667
19 Melilla;Renta media por unidad de consumo (con alquiler imputado) ;2020;20.786
19 Melilla;Renta media por unidad de consumo (con alquiler imputado) ;2019;20.272
19 Melilla;Renta media por unidad de consumo (con alquiler imputado) ;2018;21.767
19 Melilla;Renta media por unidad de consumo (con alquiler imputado) ;2017;18.686
19 Melilla;Renta media por unidad de consumo (con alquiler imputado) ;2016;19.482
19 Melilla;Renta media por unidad de consumo (con alquiler imputado) ;2015;17.981
19 Melilla;Renta media por unidad de consumo (con alquiler imputado) ;2014;20.240
19 Melilla;Renta media por unidad de consumo (con alquiler imputado) ;2013;19.814
19 Melilla;Renta media por unidad de consumo (con alquiler imputado) ;2012;20.681
19 Melilla;Renta media por unidad de consumo (con alquiler imputado) ;2011;20.339
19 Melilla;Renta media por unidad de consumo (con alquiler imputado) ;2010;20.418
19 Melilla;Renta media por unidad de consumo (con alquiler imputado) ;2009;19.197
19 Melilla;Renta media por unidad de consumo (con alquiler imputado) ;2008;19.482
